#include "launcher_animation_frames.h"

// Generated by tools/generate_launcher_animation_frames.py.
// Flash-resident PackBits-compressed LV_COLOR_FORMAT_I4 pixel templates.

static const uint8_t kLauncherFrame00[] = {
    0xFF, 0x00, 0xFF, 0x00, 0xFF, 0x00, 0xFF, 0x00, 0xFF, 0x00, 0xFF, 0x00, 0xFF, 0x00, 0xFF, 0x00, 0xFF, 0x00, 0xFF, 0x00,
    0xFF, 0x00, 0xFF, 0x00, 0xFF, 0x00, 0xFF, 0x00, 0xFF, 0x00, 0xFF, 0x00, 0xFF, 0x00, 0xFF, 0x00, 0xFF, 0x00, 0xFF, 0x00,
    0xFF, 0x00, 0xFF, 0x00, 0xFF, 0x00, 0xFF, 0x00, 0xFF, 0x00, 0xFF, 0x00, 0xFF, 0x00, 0xFF, 0x00, 0xFF, 0x00, 0xFF, 0x00,
    0xFF, 0x00, 0xFF, 0x00, 0xFF, 0x00, 0xFF, 0x00, 0xFF, 0x00, 0xFF, 0x00, 0xFF, 0x00, 0xFF, 0x00, 0xFF, 0x00, 0xFF, 0x00,
    0xFF, 0x00, 0xFF, 0x00, 0xFF, 0x00, 0xFF, 0x00, 0xFF, 0x00, 0xFF, 0x00, 0xFF, 0x00, 0xFF, 0x00, 0xFF, 0x00, 0xFF, 0x00,
    0xFF, 0x00, 0xFF, 0x00, 0xFF, 0x00, 0xFF, 0x00, 0xFF, 0x00, 0xFF, 0x00, 0xFF, 0x00, 0xFF, 0x00, 0xFF, 0x00, 0xFF, 0x00,
    0xFF, 0x00, 0xFF, 0x00, 0xFF, 0x00, 0xFF, 0x00, 0xFF, 0x00, 0xFF, 0x00, 0xFF, 0x00, 0xFF, 0x00, 0xFF, 0x00, 0xFF, 0x00,
    0xFF, 0x00, 0xFF, 0x00, 0xFF, 0x00, 0xFF, 0x00, 0xFF, 0x00, 0xFF, 0x00, 0xFF, 0x00, 0xFF, 0x00, 0xFF, 0x00, 0xFF, 0x00,
    0xFF, 0x00, 0xFF, 0x00, 0xFF, 0x00, 0xFF, 0x00, 0xFF, 0x00, 0xFF, 0x00, 0xFF, 0x00, 0xFF, 0x00, 0xFF, 0x00, 0xFF, 0x00,
    0xFF, 0x00, 0xFF, 0x00, 0xFF, 0x00, 0xFF, 0x00, 0xFF, 0x00, 0xFF, 0x00, 0xFF, 0x00, 0xFF, 0x00, 0xFF, 0x00, 0xFF, 0x00,
    0xFF, 0x00, 0xFF, 0x00, 0xFF, 0x00, 0xFF, 0x00, 0xFF, 0x00, 0xFF, 0x00, 0xFF, 0x00, 0xFF, 0x00, 0xFF, 0x00, 0xFF, 0x00,
    0xFF, 0x00, 0xFF, 0x00, 0xFF, 0x00, 0xFF, 0x00, 0xFF, 0x00, 0xFF, 0x00, 0xFF, 0x00, 0xFF, 0x00, 0xFF, 0x00, 0xFF, 0x00,
    0xFF, 0x00, 0xFF, 0x00, 0xFF, 0x00, 0xFF, 0x00, 0xFF, 0x00, 0xFF, 0x00, 0xFF, 0x00, 0xFF, 0x00, 0xFF, 0x00, 0xFF, 0x00,
    0xFF, 0x00, 0xFF, 0x00, 0xFF, 0x00, 0xFF, 0x00, 0xFF, 0x00, 0xFF, 0x00, 0xFF, 0x00, 0xFF, 0x00, 0xFF, 0x00, 0xFF, 0x00,
    0xFF, 0x00, 0xFF, 0x00, 0xFF, 0x00, 0xFF, 0x00, 0xFF, 0x00, 0xFF, 0x00, 0xFF, 0x00, 0xFF, 0x00, 0xFF, 0x00, 0xFF, 0x00,
    0xFF, 0x00, 0xFF, 0x00, 0xFF, 0x00, 0xFF, 0x00, 0xFF, 0x00, 0xFF, 0x00, 0xFF, 0x00, 0xFF, 0x00, 0xFF, 0x00, 0xFF, 0x00,
    0xFF, 0x00, 0xFF, 0x00, 0xFF, 0x00, 0xFF, 0x00, 0xFF, 0x00, 0xFF, 0x00, 0xFF, 0x00, 0xFF, 0x00, 0xFF, 0x00, 0xFF, 0x00,
    0xFF, 0x00, 0xFF, 0x00, 0xFF, 0x00, 0xFF, 0x00, 0xFF, 0x00, 0xFF, 0x00, 0xFF, 0x00, 0xFF, 0x00, 0xFF, 0x00, 0xFF, 0x00,
    0xFF, 0x00, 0xFF, 0x00, 0xFF, 0x00, 0xFF, 0x00, 0xFF, 0x00, 0xFF, 0x00, 0xFF, 0x00, 0xFF, 0x00, 0xFF, 0x00, 0xFF, 0x00,
    0xFF, 0x00, 0xFF, 0x00, 0xFF, 0x00, 0xFF, 0x00, 0xFF, 0x00, 0xFF, 0x00, 0xFF, 0x00, 0xFF, 0x00, 0xFF, 0x00, 0xFF, 0x00,
    0xFF, 0x00, 0xFF, 0x00, 0xFF, 0x00, 0xFF, 0x00, 0xFF, 0x00, 0xFF, 0x00, 0xFF, 0x00, 0xFF, 0x00, 0xFF, 0x00, 0xFF, 0x00,
    0xFF, 0x00, 0xFF, 0x00, 0xFF, 0x00, 0xFF, 0x00, 0xFF, 0x00, 0xFF, 0x00, 0xFF, 0x00, 0xFF, 0x00, 0xFF, 0x00, 0xFF, 0x00,
    0xFF, 0x00, 0xFF, 0x00, 0xFF, 0x00, 0xFF, 0x00, 0xFF, 0x00, 0xFF, 0x00, 0xFF, 0x00, 0xFF, 0x00, 0xFF, 0x00, 0xFF, 0x00,
    0xFF, 0x00, 0xFF, 0x00, 0xFF, 0x00, 0xFF, 0x00, 0xFF, 0x00, 0xFF, 0x00, 0xFF, 0x00, 0xFF, 0x00, 0xFF, 0x00, 0xFF, 0x00,
    0xFF, 0x00, 0xFF, 0x00, 0xFF, 0x00, 0xFF, 0x00, 0xFF, 0x00, 0xFF, 0x00, 0xFF, 0x00, 0xFF, 0x00, 0xFF, 0x00, 0xFF, 0x00,
    0xFF, 0x00, 0xFF, 0x00, 0xFF, 0x00, 0xFF, 0x00, 0xFF, 0x00, 0xFF, 0x00, 0xFF, 0x00, 0xFF, 0x00, 0xFF, 0x00, 0xFF, 0x00,
    0xFF, 0x00, 0xFF, 0x00, 0xFF, 0x00, 0xFF, 0x00, 0xFF, 0x00, 0xFF, 0x00, 0xFF, 0x00, 0xFF, 0x00, 0xFF, 0x00, 0xFF, 0x00,
    0xFF, 0x00, 0xFF, 0x00, 0xFF, 0x00, 0xFF, 0x00, 0xFF, 0x00, 0xFF, 0x00, 0xFF, 0x00, 0xFF, 0x00, 0xFF, 0x00, 0xFF, 0x00,
    0xFF, 0x00, 0xFF, 0x00, 0xFF, 0x00, 0xFF, 0x00, 0xFF, 0x00, 0xFF, 0x00, 0xFF, 0x00, 0xFF, 0x00, 0xFF, 0x00, 0xFF, 0x00,
    0xFF, 0x00, 0xFF, 0x00, 0xFF, 0x00, 0xFF, 0x00, 0xFF, 0x00, 0xFF, 0x00, 0xFF, 0x00, 0xFF, 0x00, 0xFF, 0x00, 0xFF, 0x00,
    0xFF, 0x00, 0xFF, 0x00, 0xFF, 0x00, 0xFF, 0x00, 0xFF, 0x00, 0xFF, 0x00, 0xFF, 0x00, 0xFF, 0x00, 0xFF, 0x00, 0xFF, 0x00,
    0xFF, 0x00, 0xFF, 0x00, 0xFF, 0x00, 0xFF, 0x00, 0xFF, 0x00, 0xFF, 0x00, 0xFF, 0x00, 0xFF, 0x00, 0xFF, 0x00, 0xFF, 0x00,
    0xFF, 0x00, 0xFF, 0x00, 0xFF, 0x00, 0xFF, 0x00, 0xFF, 0x00, 0xFF, 0x00, 0xFF, 0x00, 0xFF, 0x00, 0xFF, 0x00, 0xFF, 0x00,
    0xFF, 0x00, 0xFF, 0x00, 0xFF, 0x00, 0xFF, 0x00, 0xFF, 0x00, 0xFF, 0x00, 0xFF, 0x00, 0xFF, 0x00, 0xFF, 0x00, 0xFF, 0x00,
    0xFF, 0x00, 0xFF, 0x00, 0xFF, 0x00, 0xFF, 0x00, 0xFF, 0x00, 0xFF, 0x00, 0xFF, 0x00, 0xFF, 0x00, 0xFF, 0x00, 0xFF, 0x00,
    0xFF, 0x00, 0xFF, 0x00, 0xFF, 0x00, 0xFF, 0x00, 0xFF, 0x00, 0xFF, 0x00, 0xFF, 0x00, 0xFF, 0x00, 0xFF, 0x00, 0xFF, 0x00,
    0xFF, 0x00, 0xFF, 0x00, 0xFF, 0x00, 0xFF, 0x00, 0xFF, 0x00, 0xFF, 0x00, 0xFF, 0x00, 0xFF, 0x00, 0xFF, 0x00, 0xFF, 0x00,
    0xFF, 0x00, 0xFF, 0x00, 0xFF, 0x00, 0xFF, 0x00, 0xFF, 0x00, 0xFF, 0x00, 0xFF, 0x00, 0xFF, 0x00, 0xFF, 0x00, 0xFF, 0x00,
    0xFF, 0x00, 0xFF, 0x00, 0xFF, 0x00, 0xFF, 0x00, 0xFF, 0x00, 0xFF, 0x00, 0xFF, 0x00, 0xFF, 0x00, 0xFF, 0x00, 0xFF, 0x00,
    0xFF, 0x00, 0xFF, 0x00, 0xFF, 0x00, 0xFF, 0x00, 0xFF, 0x00, 0xFF, 0x00, 0xFF, 0x00, 0xFF, 0x00, 0xFF, 0x00, 0xFF, 0x00,
    0xFF, 0x00, 0xFF, 0x00, 0xFF, 0x00, 0xFF, 0x00, 0xFF, 0x00, 0xFF, 0x00, 0xFF, 0x00, 0xFF, 0x00, 0xFF, 0x00, 0xFF, 0x00,
    0xFF, 0x00, 0xFF, 0x00, 0xFF, 0x00, 0xFF, 0x00, 0xFF, 0x00, 0xFF, 0x00, 0xFF, 0x00, 0xFF, 0x00, 0xFF, 0x00, 0xFF, 0x00,
    0xFF, 0x00, 0xFF, 0x00, 0xFF, 0x00, 0xFF, 0x00, 0xFF, 0x00, 0xFF, 0x00, 0xFF, 0x00, 0xFF, 0x00, 0xFF, 0x00, 0xFF, 0x00,
    0xFF, 0x00, 0xFF, 0x00, 0xFF, 0x00, 0xFF, 0x00, 0xFF, 0x00, 0xFF, 0x00, 0xFF, 0x00, 0xFF, 0x00, 0xFF, 0x00, 0xFF, 0x00,
    0xFF, 0x00, 0xFF, 0x00, 0xFF, 0x00, 0xFF, 0x00, 0xFF, 0x00, 0xFF, 0x00, 0xFF, 0x00, 0xFF, 0x00, 0xFF, 0x00, 0xFF, 0x00,
    0xFF, 0x00, 0xC7, 0x00,
};

static const uint8_t kLauncherFrame01[] = {
    0xFF, 0x00, 0xFF, 0x00, 0xFF, 0x00, 0xFF, 0x00, 0xFF, 0x00, 0xFF, 0x00, 0xFF, 0x00, 0xFF, 0x00, 0xFF, 0x00, 0xFF, 0x00,
    0xFF, 0x00, 0xFF, 0x00, 0xFF, 0x00, 0xFF, 0x00, 0xFF, 0x00, 0xFF, 0x00, 0xFF, 0x00, 0xFF, 0x00, 0xFF, 0x00, 0xFF, 0x00,
    0xFF, 0x00, 0xFF, 0x00, 0xFF, 0x00, 0xFF, 0x00, 0xFF, 0x00, 0xFF, 0x00, 0xFF, 0x00, 0xFF, 0x00, 0xFF, 0x00, 0xFF, 0x00,
    0xFF, 0x00, 0xFF, 0x00, 0xFF, 0x00, 0xFF, 0x00, 0xFF, 0x00, 0xFF, 0x00, 0xFF, 0x00, 0xFF, 0x00, 0xFF, 0x00, 0xFF, 0x00,
    0xFF, 0x00, 0xFF, 0x00, 0xFF, 0x00, 0xFF, 0x00, 0xFF, 0x00, 0xFF, 0x00, 0xFF, 0x00, 0xFF, 0x00, 0xFF, 0x00, 0xFF, 0x00,
    0xFF, 0x00, 0xFF, 0x00, 0xFF, 0x00, 0xFF, 0x00, 0xFF, 0x00, 0xFF, 0x00, 0xFF, 0x00, 0xFF, 0x00, 0xFF, 0x00, 0xFF, 0x00,
    0xFF, 0x00, 0xFF, 0x00, 0xFF, 0x00, 0xFF, 0x00, 0xFF, 0x00, 0xFF, 0x00, 0xFF, 0x00, 0xFF, 0x00, 0xFF, 0x00, 0xFF, 0x00,
    0xFF, 0x00, 0xFF, 0x00, 0xFF, 0x00, 0xFF, 0x00, 0xFF, 0x00, 0xFF, 0x00, 0xFF, 0x00, 0xFF, 0x00, 0xFF, 0x00, 0xFF, 0x00,
    0xFF, 0x00, 0xFF, 0x00, 0xFF, 0x00, 0xFF, 0x00, 0xFF, 0x00, 0xFF, 0x00, 0xFF, 0x00, 0xFF, 0x00, 0xFF, 0x00, 0xFF, 0x00,
    0xFF, 0x00, 0xFF, 0x00, 0xFF, 0x00, 0xFF, 0x00, 0xFF, 0x00, 0xFF, 0x00, 0xFF, 0x00, 0xFF, 0x00, 0xFF, 0x00, 0xFF, 0x00,
    0xFF, 0x00, 0xFF, 0x00, 0xFF, 0x00, 0xFF, 0x00, 0xFF, 0x00, 0xFF, 0x00, 0xFF, 0x00, 0xFF, 0x00, 0xFF, 0x00, 0xC1, 0x00,
    0x02, 0x08, 0x88, 0x88, 0x87, 0x11, 0x02, 0x88, 0x88, 0x80, 0xFF, 0x00, 0x99, 0x00, 0x01, 0x88, 0x81, 0x8D, 0x11, 0x01,
    0x18, 0x88, 0xFF, 0x00, 0x94, 0x00, 0x01, 0x08, 0x88, 0x93, 0x11, 0x01, 0x88, 0x80, 0xFF, 0x00, 0x90, 0x00, 0x00, 0x88,
    0x97, 0x11, 0x00, 0x88, 0xFF, 0x00, 0x8D, 0x00, 0x01, 0x08, 0x81, 0x99, 0x11, 0x01, 0x18, 0x80, 0xFF, 0x00, 0x8A, 0x00,
    0x00, 0x88, 0x9D, 0x11, 0x00, 0x88, 0xFF, 0x00, 0x88, 0x00, 0x00, 0x81, 0x9F, 0x11, 0x00, 0x18, 0xFF, 0x00, 0x86, 0x00,
    0x00, 0x08, 0xA1, 0x11, 0x00, 0x80, 0xFF, 0x00, 0x86, 0x00, 0xA1, 0x11, 0xFF, 0x00, 0x87, 0x00, 0x00, 0x81, 0x9F, 0x11,
    0x00, 0x18, 0xFF, 0x00, 0x82, 0x00, 0x01, 0x0E, 0xE0, 0x82, 0x00, 0x00, 0x01, 0x9F, 0x11, 0x00, 0x10, 0x82, 0x00, 0x01,
    0x09, 0x90, 0xFC, 0x00, 0x02, 0x0E, 0xE7, 0x7E, 0x82, 0x00, 0x00, 0x08, 0x9F, 0x11, 0x00, 0x80, 0x82, 0x00, 0x02, 0x92,
    0x29, 0x90, 0xFB, 0x00, 0x02, 0xE7, 0x77, 0x77, 0x82, 0x00, 0x00, 0x08, 0x9F, 0x11, 0x00, 0x80, 0x82, 0x00, 0x02, 0x22,
    0x22, 0x29, 0xFA, 0x00, 0x00, 0xE7, 0x82, 0x77, 0x00, 0xE0, 0x82, 0x00, 0x00, 0x81, 0x9D, 0x11, 0x00, 0x18, 0x82, 0x00,
    0x00, 0x09, 0x82, 0x22, 0x00, 0x29, 0xF8, 0x00, 0x00, 0x0E, 0x83, 0x77, 0x00, 0x70, 0x82, 0x00, 0x00, 0x81, 0x9D, 0x11,
    0x00, 0x18, 0x82, 0x00, 0x00, 0x02, 0x83, 0x22, 0x00, 0x90, 0xF6, 0x00, 0x00, 0x0E, 0x84, 0x77, 0x00, 0x7E, 0x82, 0x00,
    0x00, 0x01, 0x9D, 0x11, 0x00, 0x10, 0x82, 0x00, 0x00, 0x92, 0x84, 0x22, 0x00, 0x90, 0xF5, 0x00, 0x00, 0xE7, 0x85, 0x77,
    0x03, 0xE0, 0x00, 0x00, 0x08, 0x9D, 0x11, 0x03, 0x80, 0x00, 0x00, 0x09, 0x85, 0x22, 0x00, 0x29, 0xF4, 0x00, 0x00, 0xEE,
    0x86, 0x77, 0x00, 0xE0, 0x82, 0x00, 0x9D, 0x11, 0x82, 0x00, 0x00, 0x09, 0x86, 0x22, 0x00, 0x99, 0xF2, 0x00, 0x00, 0x0E,
    0x87, 0x77, 0x00, 0x7E, 0x82, 0x00, 0x00, 0x81, 0x9B, 0x11, 0x00, 0x18, 0x82, 0x00, 0x00, 0x92, 0x87, 0x22, 0x00, 0x90,
    0xF1, 0x00, 0x00, 0xE7, 0x87, 0x77, 0x00, 0x7E, 0x82, 0x00, 0x00, 0x81, 0x9B, 0x11, 0x00, 0x18, 0x82, 0x00, 0x00, 0x92,
    0x87, 0x22, 0x00, 0x29, 0xF0, 0x00, 0x00, 0x0E, 0x89, 0x77, 0x03, 0xE0, 0x00, 0x00, 0x08, 0x9B, 0x11, 0x03, 0x80, 0x00,
    0x00, 0x09, 0x89, 0x22, 0x00, 0x90, 0xEF, 0x00, 0x00, 0xE7, 0x89, 0x77, 0x03, 0xE0, 0x00, 0x00, 0x08, 0x9B, 0x11, 0x03,
    0x80, 0x00, 0x00, 0x09, 0x89, 0x22, 0x00, 0x29, 0xEE, 0x00, 0x00, 0xE7, 0x8A, 0x77, 0x00, 0x7E, 0x82, 0x00, 0x9B, 0x11,
    0x82, 0x00, 0x00, 0x92, 0x8A, 0x22, 0x00, 0x29, 0xEC, 0x00, 0x00, 0x0E, 0x8C, 0x77, 0x82, 0x00, 0x00, 0x81, 0x99, 0x11,
    0x00, 0x18, 0x82, 0x00, 0x8C, 0x22, 0x00, 0x90, 0xEB, 0x00, 0x00, 0xE7, 0x8C, 0x77, 0x03, 0xE0, 0x00, 0x00, 0x01, 0x99,
    0x11, 0x03, 0x10, 0x00, 0x00, 0x09, 0x8C, 0x22, 0x00, 0x29, 0xEA, 0x00, 0x00, 0x0E, 0x8D, 0x77, 0x03, 0x70, 0x00, 0x00,
    0x08, 0x87, 0x11, 0x02, 0x18, 0x88, 0x88, 0x83, 0x00, 0x02, 0x88, 0x88, 0x81, 0x87, 0x11, 0x03, 0x80, 0x00, 0x00, 0x02,
    0x8D, 0x22, 0x00, 0x90, 0xE9, 0x00, 0x00, 0xE7, 0x8D, 0x77, 0x03, 0x7E, 0x00, 0x00, 0x08, 0x84, 0x11, 0x02, 0x18, 0x88,
    0x80, 0x89, 0x00, 0x02, 0x08, 0x88, 0x81, 0x84, 0x11, 0x03, 0x80, 0x00, 0x00, 0x92, 0x8D, 0x22, 0x00, 0x29, 0xE8, 0x00,
    0x00, 0x0E, 0x8F, 0x77, 0x82, 0x00, 0x00, 0x81, 0x82, 0x11, 0x00, 0x88, 0x8F, 0x00, 0x00, 0x88, 0x82, 0x11, 0x00, 0x18,
    0x82, 0x00, 0x8F, 0x22, 0x00, 0x90, 0xE7, 0x00, 0x00, 0xE7, 0x8F, 0x77, 0x06, 0xE0, 0x00, 0x00, 0x81, 0x11, 0x18, 0x80,
    0x91, 0x00, 0x06, 0x08, 0x81, 0x11, 0x18, 0x00, 0x00, 0x09, 0x8F, 0x22, 0x00, 0x29, 0xE7, 0x00, 0x90, 0x77, 0x04, 0x70,
    0x00, 0x00, 0x01, 0x88, 0x95, 0x00, 0x04, 0x88, 0x10, 0x00, 0x00, 0x02, 0x90, 0x22, 0xE6, 0x00, 0x00, 0x0E, 0x90, 0x77,
    0x00, 0x7E, 0x9D, 0x00, 0x00, 0x92, 0x90, 0x22, 0x00, 0x90, 0xE5, 0x00, 0x00, 0xE7, 0x91, 0x77, 0x00, 0xE0, 0x9B, 0x00,
    0x00, 0x09, 0x91, 0x22, 0x00, 0x29, 0xE4, 0x00, 0x00, 0x0E, 0x92, 0x77, 0x00, 0xE0, 0x9B, 0x00, 0x00, 0x09, 0x92, 0x22,
    0x00, 0x90, 0xE3, 0x00, 0x00, 0xE7, 0x91, 0x77, 0x00, 0xE0, 0x9D, 0x00, 0x00, 0x09, 0x91, 0x22, 0x00, 0x29, 0xE2, 0x00,
    0x00, 0x0E, 0x91, 0x77, 0x00, 0xEE, 0x9F, 0x00, 0x00, 0x99, 0x91, 0x22, 0x00, 0x90, 0xE1, 0x00, 0x00, 0x0E, 0x90, 0x77,
    0x00, 0x7E, 0xA1, 0x00, 0x00, 0x92, 0x90, 0x22, 0x00, 0x90, 0xE1, 0x00, 0x00, 0xE7, 0x8F, 0x77, 0x01, 0x7E, 0xE0, 0xA1,
    0x00, 0x01, 0x09, 0x92, 0x8F, 0x22, 0x00, 0x29, 0xE0, 0x00, 0x00, 0x0E, 0x90, 0x77, 0x00, 0xE0, 0xA3, 0x00, 0x00, 0x09,
    0x90, 0x22, 0x00, 0x90, 0xDF, 0x00, 0x00, 0x07, 0x8F, 0x77, 0x00, 0x7E, 0xA5, 0x00, 0x00, 0x92, 0x8F, 0x22, 0x00, 0x20,
    0xDF, 0x00, 0x00, 0xE7, 0x8F, 0x77, 0x00, 0xE0, 0xA5, 0x00, 0x00, 0x09, 0x8F, 0x22, 0x00, 0x29, 0xDE, 0x00, 0x00, 0x0E,
    0x8F, 0x77, 0x00, 0xE0, 0xA7, 0x00, 0x00, 0x09, 0x8F, 0x22, 0x00, 0x90, 0xDD, 0x00, 0x00, 0x07, 0x8E, 0x77, 0x00, 0x7E,
    0xA9, 0x00, 0x00, 0x92, 0x8E, 0x22, 0x00, 0x20, 0xDD, 0x00, 0x00, 0xE7, 0x8E, 0x77, 0x00, 0xE0, 0xA9, 0x00, 0x00, 0x09,
    0x8E, 0x22, 0x00, 0x29, 0xDC, 0x00, 0x00, 0x0E, 0x8E, 0x77, 0x00, 0x7E, 0xAB, 0x00, 0x00, 0x92, 0x8E, 0x22, 0x00, 0x90,
    0xDB, 0x00, 0x00, 0x0E, 0x8E, 0x77, 0x00, 0xE0, 0xAB, 0x00, 0x00, 0x09, 0x8E, 0x22, 0x00, 0x90, 0xDB, 0x00, 0x00, 0xE7,
    0x8D, 0x77, 0x00, 0x7E, 0xAD, 0x00, 0x00, 0x92, 0x8D, 0x22, 0x00, 0x29, 0xDB, 0x00, 0x00, 0xE7, 0x8D, 0x77, 0x00, 0xE0,
    0xAD, 0x00, 0x00, 0x09, 0x8D, 0x22, 0x00, 0x29, 0xDA, 0x00, 0x00, 0x0E, 0x8E, 0x77, 0xAF, 0x00, 0x8E, 0x22, 0x00, 0x90,
    0xD9, 0x00, 0x00, 0x0E, 0x8D, 0x77, 0x00, 0x7E, 0xAF, 0x00, 0x00, 0x92, 0x8D, 0x22, 0x00, 0x90, 0xD9, 0x00, 0x00, 0xE7,
    0x8D, 0x77, 0x00, 0xE0, 0xAF, 0x00, 0x00, 0x09, 0x8D, 0x22, 0x00, 0x29, 0xD9, 0x00, 0x00, 0xE7, 0x8C, 0x77, 0x00, 0x7E,
    0xB1, 0x00, 0x00, 0x92, 0x8C, 0x22, 0x00, 0x29, 0xD8, 0x00, 0x00, 0x0E, 0x8D, 0x77, 0x00, 0xE0, 0xB1, 0x00, 0x00, 0x09,
    0x8D, 0x22, 0x00, 0x90, 0xD7, 0x00, 0x00, 0x0E, 0x8D, 0x77, 0x00, 0xE0, 0xB1, 0x00, 0x00, 0x09, 0x8D, 0x22, 0x00, 0x90,
    0xD7, 0x00, 0x00, 0x07, 0x8C, 0x77, 0x00, 0x7E, 0xB3, 0x00, 0x00, 0x92, 0x8C, 0x22, 0x00, 0x20, 0xD7, 0x00, 0x00, 0xE7,
    0x8C, 0x77, 0x00, 0xE0, 0xB3, 0x00, 0x00, 0x09, 0x8C, 0x22, 0x00, 0x29, 0xD7, 0x00, 0x8D, 0x77, 0x00, 0xE0, 0xB3, 0x00,
    0x00, 0x09, 0x8D, 0x22, 0xD6, 0x00, 0x00, 0x0E, 0x8C, 0x77, 0x00, 0x7E, 0xB5, 0x00, 0x00, 0x92, 0x8C, 0x22, 0x00, 0x90,
    0xD5, 0x00, 0x00, 0x0E, 0x8C, 0x77, 0x00, 0x70, 0xB5, 0x00, 0x00, 0x02, 0x8C, 0x22, 0x00, 0x90, 0xD5, 0x00, 0x00, 0x07,
    0x8C, 0x77, 0x00, 0xE0, 0xB5, 0x00, 0x00, 0x09, 0x8C, 0x22, 0x00, 0x20, 0xD5, 0x00, 0x00, 0xE7, 0x8C, 0x77, 0xB7, 0x00,
    0x8C, 0x22, 0x00, 0x29, 0xD5, 0x00, 0x00, 0xE7, 0x8B, 0x77, 0x00, 0x7E, 0xB7, 0x00, 0x00, 0x92, 0x8B, 0x22, 0x00, 0x29,
    0xD5, 0x00, 0x8C, 0x77, 0x00, 0x70, 0xB7, 0x00, 0x00, 0x02, 0x8C, 0x22, 0xD4, 0x00, 0x00, 0x0E, 0x8C, 0x77, 0x00, 0xE0,
    0xB7, 0x00, 0x00, 0x09, 0x8C, 0x22, 0x00, 0x90, 0xD3, 0x00, 0x00, 0x0E, 0x8C, 0x77, 0xB9, 0x00, 0x8C, 0x22, 0x00, 0x90,
    0xD4, 0x00, 0x01, 0xEE, 0xE7, 0x89, 0x77, 0x00, 0x7E, 0xB9, 0x00, 0x00, 0x92, 0x89, 0x22, 0x01, 0x29, 0x99, 0xD7, 0x00,
    0x00, 0xEE, 0x88, 0x77, 0x00, 0x7E, 0xB9, 0x00, 0x00, 0x92, 0x88, 0x22, 0x00, 0x99, 0xDA, 0x00, 0x01, 0x0E, 0xEE, 0x86,
    0x77, 0x00, 0x70, 0xB9, 0x00, 0x00, 0x02, 0x86, 0x22, 0x01, 0x99, 0x90, 0xDD, 0x00, 0x01, 0x0E, 0xE7, 0x84, 0x77, 0x00,
    0xE0, 0xB9, 0x00, 0x00, 0x09, 0x84, 0x22, 0x01, 0x29, 0x90, 0xE1, 0x00, 0x01, 0xEE, 0xE7, 0x82, 0x77, 0x00, 0xE0, 0xB9,
    0x00, 0x00, 0x09, 0x82, 0x22, 0x01, 0x29, 0x99, 0xE5, 0x00, 0x02, 0xEE, 0x77, 0x77, 0xBB, 0x00, 0x02, 0x22, 0x22, 0x99,
    0xE8, 0x00, 0x01, 0x0E, 0xEE, 0xBB, 0x00, 0x01, 0x99, 0x90, 0xFF, 0x00, 0xFF, 0x00, 0x87, 0x00, 0x01, 0x0D, 0xD0, 0xD3,
    0x00, 0x01, 0x0A, 0xA0, 0xD1, 0x00, 0x03, 0x06, 0x66, 0x6D, 0xDD, 0xCF, 0x00, 0x03, 0xAA, 0xA3, 0x33, 0x30, 0xD1, 0x00,
    0x00, 0x06, 0x83, 0x66, 0x01, 0xDD, 0xDD, 0xC9, 0x00, 0x01, 0xAA, 0xAA, 0x83, 0x33, 0x00, 0x30, 0xD1, 0x00, 0x00, 0xD6,
    0x86, 0x66, 0x01, 0xDD, 0xDD, 0xC3, 0x00, 0x01, 0xAA, 0xAA, 0x86, 0x33, 0x00, 0x3A, 0xD1, 0x00, 0x00, 0xD6, 0x89, 0x66,
    0x01, 0xDD, 0xD0, 0xBD, 0x00, 0x01, 0x0A, 0xAA, 0x89, 0x33, 0x00, 0x3A, 0xD1, 0x00, 0x00, 0xD6, 0x8B, 0x66, 0xBD, 0x00,
    0x8B, 0x33, 0x00, 0x3A, 0xD1, 0x00, 0x00, 0xD6, 0x8B, 0x66, 0xBD, 0x00, 0x8B, 0x33, 0x00, 0x3A, 0xD1, 0x00, 0x00, 0xD6,
    0x8A, 0x66, 0x00, 0x6D, 0xBD, 0x00, 0x00, 0xA3, 0x8A, 0x33, 0x00, 0x3A, 0xD1, 0x00, 0x8B, 0x66, 0x00, 0x6D, 0xBD, 0x00,
    0x00, 0xA3, 0x8B, 0x33, 0xD1, 0x00, 0x8B, 0x66, 0x00, 0x6D, 0xBD, 0x00, 0x00, 0xA3, 0x8B, 0x33, 0xD1, 0x00, 0x8B, 0x66,
    0x00, 0x6D, 0xBD, 0x00, 0x00, 0xA3, 0x8B, 0x33, 0xD1, 0x00, 0x8B, 0x66, 0x00, 0x6D, 0xBD, 0x00, 0x00, 0xA3, 0x8B, 0x33,
    0xD1, 0x00, 0x8B, 0x66, 0x00, 0x60, 0xBD, 0x00, 0x00, 0x03, 0x8B, 0x33, 0xD1, 0x00, 0x8B, 0x66, 0x00, 0x60, 0xBD, 0x00,
    0x00, 0x03, 0x8B, 0x33, 0xD1, 0x00, 0x8B, 0x66, 0x00, 0x60, 0xBD, 0x00, 0x00, 0x03, 0x8B, 0x33, 0xD1, 0x00, 0x8B, 0x66,
    0x00, 0x60, 0xBD, 0x00, 0x00, 0x03, 0x8B, 0x33, 0xD1, 0x00, 0x8B, 0x66, 0x00, 0x60, 0xBD, 0x00, 0x00, 0x03, 0x8B, 0x33,
    0xD1, 0x00, 0x8B, 0x66, 0x00, 0x60, 0xBD, 0x00, 0x00, 0x03, 0x8B, 0x33, 0xD1, 0x00, 0x8B, 0x66, 0x00, 0x60, 0xBD, 0x00,
    0x00, 0x03, 0x8B, 0x33, 0xD1, 0x00, 0x8B, 0x66, 0x00, 0x60, 0xBD, 0x00, 0x00, 0x03, 0x8B, 0x33, 0xD1, 0x00, 0x8B, 0x66,
    0x00, 0x6D, 0xBD, 0x00, 0x00, 0xA3, 0x8B, 0x33, 0xD1, 0x00, 0x8B, 0x66, 0x00, 0x6D, 0xBD, 0x00, 0x00, 0xA3, 0x8B, 0x33,
    0xD1, 0x00, 0x8B, 0x66, 0x00, 0x6D, 0xBD, 0x00, 0x00, 0xA3, 0x8B, 0x33, 0xD1, 0x00, 0x8B, 0x66, 0x00, 0x6D, 0xBD, 0x00,
    0x00, 0xA3, 0x8B, 0x33, 0xD1, 0x00, 0x00, 0xD6, 0x8A, 0x66, 0x00, 0x6D, 0xBD, 0x00, 0x00, 0xA3, 0x8A, 0x33, 0x00, 0x3A,
    0xD1, 0x00, 0x00, 0xD6, 0x8B, 0x66, 0xBD, 0x00, 0x8B, 0x33, 0x00, 0x3A, 0xD1, 0x00, 0x00, 0xD6, 0x8B, 0x66, 0xBD, 0x00,
    0x8B, 0x33, 0x00, 0x3A, 0xD1, 0x00, 0x00, 0xD6, 0x8B, 0x66, 0x00, 0xD0, 0xBB, 0x00, 0x00, 0x0A, 0x8B, 0x33, 0x00, 0x3A,
    0xD1, 0x00, 0x00, 0xD6, 0x8B, 0x66, 0x00, 0xD0, 0xBB, 0x00, 0x00, 0x0A, 0x8B, 0x33, 0x00, 0x3A, 0xD1, 0x00, 0x00, 0x06,
    0x8B, 0x66, 0x00, 0xD0, 0xBB, 0x00, 0x00, 0x0A, 0x8B, 0x33, 0x00, 0x30, 0xD1, 0x00, 0x00, 0x06, 0x8B, 0x66, 0x00, 0xD0,
    0xBB, 0x00, 0x00, 0x0A, 0x8B, 0x33, 0x00, 0x30, 0xD1, 0x00, 0x00, 0x0D, 0x8B, 0x66, 0x00, 0x60, 0xBB, 0x00, 0x00, 0x03,
    0x8B, 0x33, 0x00, 0xA0, 0xD1, 0x00, 0x00, 0x0D, 0x8B, 0x66, 0x00, 0x6D, 0xBB, 0x00, 0x00, 0xA3, 0x8B, 0x33, 0x00, 0xA0,
    0xD1, 0x00, 0x00, 0x0D, 0x8B, 0x66, 0x00, 0x6D, 0xBB, 0x00, 0x00, 0xA3, 0x8B, 0x33, 0x00, 0xA0, 0xD2, 0x00, 0x8C, 0x66,
    0xBB, 0x00, 0x8C, 0x33, 0xD3, 0x00, 0x8C, 0x66, 0x00, 0xD0, 0xB9, 0x00, 0x00, 0x0A, 0x8C, 0x33, 0xD3, 0x00, 0x00, 0xD6,
    0x8B, 0x66, 0x00, 0xD0, 0xB9, 0x00, 0x00, 0x0A, 0x8B, 0x33, 0x00, 0x3A, 0xD3, 0x00, 0x00, 0xD6, 0x8B, 0x66, 0x00, 0x60,
    0xB9, 0x00, 0x00, 0x03, 0x8B, 0x33, 0x00, 0x3A, 0xD3, 0x00, 0x00, 0xD6, 0x8B, 0x66, 0x00, 0x6D, 0xB9, 0x00, 0x00, 0xA3,
    0x8B, 0x33, 0x00, 0x3A, 0xD3, 0x00, 0x00, 0x06, 0x8B, 0x66, 0x00, 0x6D, 0xB9, 0x00, 0x00, 0xA3, 0x8B, 0x33, 0x00, 0x30,
    0xD3, 0x00, 0x00, 0x0D, 0x8C, 0x66, 0xB9, 0x00, 0x8C, 0x33, 0x00, 0xA0, 0xD3, 0x00, 0x00, 0x0D, 0x8C, 0x66, 0x00, 0xD0,
    0xB7, 0x00, 0x00, 0x0A, 0x8C, 0x33, 0x00, 0xA0, 0xD4, 0x00, 0x8C, 0x66, 0x00, 0x60, 0xB7, 0x00, 0x00, 0x03, 0x8C, 0x33,
    0xD5, 0x00, 0x00, 0xD6, 0x8B, 0x66, 0x00, 0x6D, 0xB7, 0x00, 0x00, 0xA3, 0x8B, 0x33, 0x00, 0x3A, 0xD5, 0x00, 0x00, 0xD6,
    0x8C, 0x66, 0xB7, 0x00, 0x8C, 0x33, 0x00, 0x3A, 0xD5, 0x00, 0x00, 0x06, 0x8C, 0x66, 0x00, 0xD0, 0xB5, 0x00, 0x00, 0x0A,
    0x8C, 0x33, 0x00, 0x30, 0xD5, 0x00, 0x00, 0x0D, 0x8C, 0x66, 0x00, 0x60, 0xB5, 0x00, 0x00, 0x03, 0x8C, 0x33, 0x00, 0xA0,
    0xD5, 0x00, 0x00, 0x0D, 0x8C, 0x66, 0x00, 0x6D, 0xB5, 0x00, 0x00, 0xA3, 0x8C, 0x33, 0x00, 0xA0, 0xD6, 0x00, 0x8D, 0x66,
    0x00, 0xD0, 0xB3, 0x00, 0x00, 0x0A, 0x8D, 0x33, 0xD7, 0x00, 0x00, 0xD6, 0x8C, 0x66, 0x00, 0xD0, 0xB3, 0x00, 0x00, 0x0A,
    0x8C, 0x33, 0x00, 0x3A, 0xD7, 0x00, 0x00, 0x06, 0x8C, 0x66, 0x00, 0x6D, 0xB3, 0x00, 0x00, 0xA3, 0x8C, 0x33, 0x00, 0x30,
    0xD7, 0x00, 0x00, 0x0D, 0x8D, 0x66, 0x00, 0xD0, 0xB1, 0x00, 0x00, 0x0A, 0x8D, 0x33, 0x00, 0xA0, 0xD7, 0x00, 0x00, 0x0D,
    0x8D, 0x66, 0x00, 0xD0, 0xB1, 0x00, 0x00, 0x0A, 0x8D, 0x33, 0x00, 0xA0, 0xD8, 0x00, 0x00, 0xD6, 0x8C, 0x66, 0x00, 0xD0,
    0xB1, 0x00, 0x00, 0x0A, 0x8C, 0x33, 0x00, 0x3A, 0xD9, 0x00, 0x00, 0xD6, 0x8B, 0x66, 0x00, 0x6D, 0xB3, 0x00, 0x00, 0xA3,
    0x8B, 0x33, 0x00, 0x3A, 0xD9, 0x00, 0x00, 0x0D, 0x8A, 0x66, 0x01, 0x6D, 0xD0, 0xB3, 0x00, 0x01, 0x0A, 0xA3, 0x8A, 0x33,
    0x00, 0xA0, 0xD9, 0x00, 0x00, 0x0D, 0x8A, 0x66, 0x00, 0xD0, 0xB5, 0x00, 0x00, 0x0A, 0x8A, 0x33, 0x00, 0xA0, 0xDA, 0x00,
    0x00, 0xD6, 0x88, 0x66, 0x00, 0x6D, 0x82, 0x00, 0x01, 0x0C, 0xC0, 0xAD, 0x00, 0x01, 0x0B, 0xB0, 0x82, 0x00, 0x00, 0xA3,
    0x88, 0x33, 0x00, 0x3A, 0xDB, 0x00, 0x00, 0xD6, 0x87, 0x66, 0x00, 0x6D, 0x83, 0x00, 0x01, 0xC5, 0x5C, 0xAD, 0x00, 0x01,
    0xB4, 0x4B, 0x83, 0x00, 0x00, 0xA3, 0x87, 0x33, 0x00, 0x3A, 0xDB, 0x00, 0x00, 0x0D, 0x87, 0x66, 0x00, 0xD0, 0x82, 0x00,
    0x03, 0x0C, 0x55, 0x55, 0xC0, 0xAB, 0x00, 0x03, 0x0B, 0x44, 0x44, 0xB0, 0x82, 0x00, 0x00, 0x0A, 0x87, 0x33, 0x00, 0xA0,
    0xDB, 0x00, 0x00, 0x0D, 0x86, 0x66, 0x00, 0xDD, 0x83, 0x00, 0x03, 0xC5, 0x55, 0x55, 0x5C, 0xAB, 0x00, 0x03, 0xB4, 0x44,
    0x44, 0x4B, 0x83, 0x00, 0x00, 0xAA, 0x86, 0x33, 0x00, 0xA0, 0xDC, 0x00, 0x00, 0xD6, 0x84, 0x66, 0x00, 0x6D, 0x83, 0x00,
    0x00, 0x0C, 0x83, 0x55, 0x00, 0xC0, 0xA9, 0x00, 0x00, 0x0B, 0x83, 0x44, 0x00, 0xB0, 0x83, 0x00, 0x00, 0xA3, 0x84, 0x33,
    0x00, 0x3A, 0xDD, 0x00, 0x00, 0x06, 0x84, 0x66, 0x00, 0xD0, 0x83, 0x00, 0x00, 0xC5, 0x83, 0x55, 0x00, 0x5C, 0xA9, 0x00,
    0x00, 0xB4, 0x83, 0x44, 0x00, 0x4B, 0x83, 0x00, 0x00, 0x0A, 0x84, 0x33, 0x00, 0x30, 0xDD, 0x00, 0x00, 0x0D, 0x83, 0x66,
    0x00, 0xDD, 0x83, 0x00, 0x00, 0x0C, 0x85, 0x55, 0x00, 0xC0, 0xA7, 0x00, 0x00, 0x0B, 0x85, 0x44, 0x00, 0xB0, 0x83, 0x00,
    0x00, 0xAA, 0x83, 0x33, 0x00, 0xA0, 0xDE, 0x00, 0x03, 0xD6, 0x66, 0x66, 0x6D, 0x83, 0x00, 0x00, 0x0C, 0x87, 0x55, 0x00,
    0xC0, 0xA5, 0x00, 0x00, 0x0B, 0x87, 0x44, 0x00, 0xB0, 0x83, 0x00, 0x03, 0xA3, 0x33, 0x33, 0x3A, 0xDF, 0x00, 0x03, 0x06,
    0x66, 0x66, 0xD0, 0x83, 0x00, 0x00, 0xC5, 0x87, 0x55, 0x00, 0x5C, 0xA5, 0x00, 0x00, 0xB4, 0x87, 0x44, 0x00, 0x4B, 0x83,
    0x00, 0x03, 0x0A, 0x33, 0x33, 0x30, 0xDF, 0x00, 0x02, 0x0D, 0x66, 0xD0, 0x83, 0x00, 0x00, 0x0C, 0x89, 0x55, 0x00, 0xC0,
    0xA3, 0x00, 0x00, 0x0B, 0x89, 0x44, 0x00, 0xB0, 0x83, 0x00, 0x02, 0x0A, 0x33, 0xA0, 0xE0, 0x00, 0x00, 0xDD, 0x84, 0x00,
    0x00, 0xC5, 0x89, 0x55, 0x01, 0x5C, 0xC0, 0xA1, 0x00, 0x01, 0x0B, 0xB4, 0x89, 0x44, 0x00, 0x4B, 0x84, 0x00, 0x00, 0xAA,
    0xE6, 0x00, 0x00, 0x0C, 0x8B, 0x55, 0x00, 0x5C, 0xA1, 0x00, 0x00, 0xB4, 0x8B, 0x44, 0x00, 0xB0, 0xEB, 0x00, 0x00, 0xC5,
    0x8C, 0x55, 0x00, 0xCC, 0x9F, 0x00, 0x00, 0xBB, 0x8C, 0x44, 0x00, 0x4B, 0xEA, 0x00, 0x00, 0xCC, 0x8E, 0x55, 0x00, 0xC0,
    0x9D, 0x00, 0x00, 0x0B, 0x8E, 0x44, 0x00, 0xBB, 0xE8, 0x00, 0x00, 0x0C, 0x90, 0x55, 0x00, 0xC0, 0x9B, 0x00, 0x00, 0x0B,
    0x90, 0x44, 0x00, 0xB0, 0xE7, 0x00, 0x00, 0xC5, 0x91, 0x55, 0x00, 0xC0, 0x99, 0x00, 0x00, 0x0B, 0x91, 0x44, 0x00, 0x4B,
    0xE6, 0x00, 0x00, 0x0C, 0x93, 0x55, 0x00, 0xC0, 0x97, 0x00, 0x00, 0x0B, 0x93, 0x44, 0x00, 0xB0, 0xE6, 0x00, 0x94, 0x55,
    0x00, 0xCC, 0x95, 0x00, 0x00, 0xBB, 0x94, 0x44, 0xE7, 0x00, 0x00, 0xC5, 0x94, 0x55, 0x01, 0x5C, 0xC0, 0x91, 0x00, 0x01,
    0x0B, 0xB4, 0x94, 0x44, 0x00, 0x4B, 0xE7, 0x00, 0x00, 0x0C, 0x96, 0x55, 0x00, 0xCC, 0x8F, 0x00, 0x00, 0xBB, 0x96, 0x44,
    0x00, 0xB0, 0xE8, 0x00, 0x00, 0xC5, 0x96, 0x55, 0x02, 0x5C, 0xCC, 0xC0, 0x89, 0x00, 0x02, 0x0B, 0xBB, 0xB4, 0x96, 0x44,
    0x00, 0x4B, 0xE9, 0x00, 0x00, 0x0C, 0x99, 0x55, 0x02, 0x5C, 0xCC, 0xCC, 0x83, 0x00, 0x02, 0xBB, 0xBB, 0xB4, 0x99, 0x44,
    0x00, 0xB0, 0xEA, 0x00, 0x00, 0xC5, 0x9B, 0x55, 0x03, 0x50, 0x00, 0x00, 0x04, 0x9B, 0x44, 0x00, 0x4B, 0xEB, 0x00, 0x00,
    0x0C, 0x9B, 0x55, 0x03, 0xC0, 0x00, 0x00, 0x0B, 0x9B, 0x44, 0x00, 0xB0, 0xEC, 0x00, 0x00, 0xC5, 0x9A, 0x55, 0x03, 0xC0,
    0x00, 0x00, 0x0B, 0x9A, 0x44, 0x00, 0x4B, 0xEE, 0x00, 0x00, 0xC5, 0x99, 0x55, 0x03, 0xC0, 0x00, 0x00, 0x0B, 0x99, 0x44,
    0x00, 0x4B, 0xEF, 0x00, 0x00, 0x0C, 0x99, 0x55, 0x03, 0xC0, 0x00, 0x00, 0x0B, 0x99, 0x44, 0x00, 0xB0, 0xF0, 0x00, 0x00,
    0xC5, 0x98, 0x55, 0x03, 0xC0, 0x00, 0x00, 0x0B, 0x98, 0x44, 0x00, 0x4B, 0xF1, 0x00, 0x00, 0x0C, 0x98, 0x55, 0x03, 0xC0,
    0x00, 0x00, 0x0B, 0x98, 0x44, 0x00, 0xB0, 0xF2, 0x00, 0x00, 0xCC, 0x97, 0x55, 0x03, 0xC0, 0x00, 0x00, 0x0B, 0x97, 0x44,
    0x00, 0xBB, 0xF4, 0x00, 0x00, 0xC5, 0x96, 0x55, 0x03, 0xC0, 0x00, 0x00, 0x0B, 0x96, 0x44, 0x00, 0x4B, 0xF5, 0x00, 0x00,
    0x0C, 0x96, 0x55, 0x03, 0xC0, 0x00, 0x00, 0x0B, 0x96, 0x44, 0x00, 0xB0, 0xF6, 0x00, 0x00, 0x0C, 0x95, 0x55, 0x03, 0xC0,
    0x00, 0x00, 0x0B, 0x95, 0x44, 0x00, 0xB0, 0xF8, 0x00, 0x00, 0xC5, 0x94, 0x55, 0x83, 0x00, 0x94, 0x44, 0x00, 0x4B, 0xFA,
    0x00, 0x00, 0xC5, 0x93, 0x55, 0x83, 0x00, 0x93, 0x44, 0x00, 0x4B, 0xFB, 0x00, 0x01, 0x0C, 0xC5, 0x92, 0x55, 0x83, 0x00,
    0x92, 0x44, 0x01, 0x4B, 0xB0, 0xFC, 0x00, 0x01, 0x0C, 0xC5, 0x91, 0x55, 0x83, 0x00, 0x91, 0x44, 0x01, 0x4B, 0xB0, 0xFE,
    0x00, 0x01, 0x0C, 0xC5, 0x90, 0x55, 0x83, 0x00, 0x90, 0x44, 0x01, 0x4B, 0xB0, 0xFF, 0x00, 0x02, 0x00, 0x0C, 0xC5, 0x8F,
    0x55, 0x83, 0x00, 0x8F, 0x44, 0x01, 0x4B, 0xB0, 0xFF, 0x00, 0x82, 0x00, 0x01, 0x0C, 0xC5, 0x8E, 0x55, 0x83, 0x00, 0x8E,
    0x44, 0x01, 0x4B, 0xB0, 0xFF, 0x00, 0x85, 0x00, 0x00, 0xC5, 0x8D, 0x55, 0x83, 0x00, 0x8D, 0x44, 0x00, 0x4B, 0xFF, 0x00,
    0x88, 0x00, 0x00, 0xCC, 0x8C, 0x55, 0x83, 0x00, 0x8C, 0x44, 0x00, 0xBB, 0xFF, 0x00, 0x8A, 0x00, 0x01, 0x0C, 0xC5, 0x89,
    0x55, 0x00, 0x5C, 0x83, 0x00, 0x00, 0xB4, 0x89, 0x44, 0x01, 0x4B, 0xB0, 0xFF, 0x00, 0x8D, 0x00, 0x00, 0xCC, 0x88, 0x55,
    0x00, 0x5C, 0x83, 0x00, 0x00, 0xB4, 0x88, 0x44, 0x00, 0xBB, 0xFF, 0x00, 0x90, 0x00, 0x01, 0x0C, 0xCC, 0x86, 0x55, 0x00,
    0x5C, 0x83, 0x00, 0x00, 0xB4, 0x86, 0x44, 0x01, 0xBB, 0xB0, 0xFF, 0x00, 0x94, 0x00, 0x01, 0xCC, 0xC5, 0x83, 0x55, 0x00,
    0x5C, 0x83, 0x00, 0x00, 0xB4, 0x83, 0x44, 0x01, 0x4B, 0xBB, 0xFF, 0x00, 0x99, 0x00, 0x04, 0x0C, 0xCC, 0xCC, 0x55, 0x5C,
    0x83, 0x00, 0x04, 0xB4, 0x44, 0xBB, 0xBB, 0xB0, 0xFF, 0x00, 0xFF, 0x00, 0xFF, 0x00, 0xFF, 0x00, 0xFF, 0x00, 0xFF, 0x00,
    0xFF, 0x00, 0xFF, 0x00, 0xFF, 0x00, 0xFF, 0x00, 0xFF, 0x00, 0xFF, 0x00, 0xFF, 0x00, 0xFF, 0x00, 0xFF, 0x00, 0xFF, 0x00,
    0xFF, 0x00, 0xFF, 0x00, 0xFF, 0x00, 0xFF, 0x00, 0xFF, 0x00, 0xFF, 0x00, 0xFF, 0x00, 0xFF, 0x00, 0xFF, 0x00, 0xFF, 0x00,
    0xFF, 0x00, 0xFF, 0x00, 0xFF, 0x00, 0xFF, 0x00, 0xFF, 0x00, 0xFF, 0x00, 0xFF, 0x00, 0xFF, 0x00, 0xFF, 0x00, 0xFF, 0x00,
    0xFF, 0x00, 0xFF, 0x00, 0xFF, 0x00, 0xFF, 0x00, 0xFF, 0x00, 0xFF, 0x00, 0xFF, 0x00, 0xFF, 0x00, 0xFF, 0x00, 0xFF, 0x00,
    0xFF, 0x00, 0xFF, 0x00, 0xFF, 0x00, 0xFF, 0x00, 0xFF, 0x00, 0xFF, 0x00, 0xFF, 0x00, 0xFF, 0x00, 0xFF, 0x00, 0xFF, 0x00,
    0xFF, 0x00, 0xFF, 0x00, 0xFF, 0x00, 0xFF, 0x00, 0xFF, 0x00, 0xFF, 0x00, 0xFF, 0x00, 0xFF, 0x00, 0xFF, 0x00, 0xFF, 0x00,
    0xFF, 0x00, 0xFF, 0x00, 0xFF, 0x00, 0xFF, 0x00, 0xFF, 0x00, 0xFF, 0x00, 0xFF, 0x00, 0xFF, 0x00, 0xFF, 0x00, 0xFF, 0x00,
    0xFF, 0x00, 0xFF, 0x00, 0xFF, 0x00, 0xFF, 0x00, 0xFF, 0x00, 0xFF, 0x00, 0xFF, 0x00, 0xFF, 0x00, 0xFF, 0x00, 0xFF, 0x00,
    0xFF, 0x00, 0xFF, 0x00, 0xFF, 0x00, 0xFF, 0x00, 0xFF, 0x00, 0xFF, 0x00, 0xFF, 0x00, 0xFF, 0x00, 0xFF, 0x00, 0xFF, 0x00,
    0xFF, 0x00, 0xFF, 0x00, 0xFF, 0x00, 0xFF, 0x00, 0xFF, 0x00, 0xFF, 0x00, 0xFF, 0x00, 0xFF, 0x00, 0xFF, 0x00, 0xFF, 0x00,
    0xFF, 0x00, 0xFF, 0x00, 0xFF, 0x00, 0xC1, 0x00,
};

static const uint8_t kLauncherFrame02[] = {
    0xFF, 0x00, 0xFF, 0x00, 0xFF, 0x00, 0xFF, 0x00, 0xFF, 0x00, 0xFF, 0x00, 0xFF, 0x00, 0xFF, 0x00, 0xFF, 0x00, 0xFF, 0x00,
    0xFF, 0x00, 0xFF, 0x00, 0xFF, 0x00, 0xFF, 0x00, 0xFF, 0x00, 0xFF, 0x00, 0xFF, 0x00, 0xFF, 0x00, 0xFF, 0x00, 0xFF, 0x00,
    0xFF, 0x00, 0xFF, 0x00, 0xFF, 0x00, 0xFF, 0x00, 0xFF, 0x00, 0xFF, 0x00, 0xFF, 0x00, 0xFF, 0x00, 0xFF, 0x00, 0xFF, 0x00,
    0xFF, 0x00, 0xFF, 0x00, 0xFF, 0x00, 0xFF, 0x00, 0xFF, 0x00, 0xFF, 0x00, 0xFF, 0x00, 0xFF, 0x00, 0xFF, 0x00, 0xFF, 0x00,
    0xFF, 0x00, 0xFF, 0x00, 0xFF, 0x00, 0xFF, 0x00, 0xFF, 0x00, 0xFF, 0x00, 0xFF, 0x00, 0xFF, 0x00, 0xFF, 0x00, 0xFF, 0x00,
    0xFF, 0x00, 0xFF, 0x00, 0xFF, 0x00, 0xFF, 0x00, 0xFF, 0x00, 0xFF, 0x00, 0xFF, 0x00, 0xFF, 0x00, 0xFF, 0x00, 0xFF, 0x00,
    0xFF, 0x00, 0xFF, 0x00, 0xFF, 0x00, 0xFF, 0x00, 0xFF, 0x00, 0xFF, 0x00, 0xFF, 0x00, 0xFF, 0x00, 0xFF, 0x00, 0xFF, 0x00,
    0xFF, 0x00, 0xFF, 0x00, 0xFF, 0x00, 0xFF, 0x00, 0xFF, 0x00, 0xFF, 0x00, 0xFF, 0x00, 0xFF, 0x00, 0xFF, 0x00, 0xFF, 0x00,
    0xFF, 0x00, 0xFF, 0x00, 0xFF, 0x00, 0xFF, 0x00, 0xFF, 0x00, 0xFF, 0x00, 0xFF, 0x00, 0xFF, 0x00, 0xFF, 0x00, 0xFF, 0x00,
    0xFF, 0x00, 0xFF, 0x00, 0xFF, 0x00, 0xFF, 0x00, 0xFF, 0x00, 0xFF, 0x00, 0xFF, 0x00, 0xFF, 0x00, 0xFF, 0x00, 0xFF, 0x00,
    0xFF, 0x00, 0xC5, 0x00, 0x02, 0x08, 0x88, 0x88, 0x87, 0x11, 0x02, 0x88, 0x88, 0x80, 0xFF, 0x00, 0x98, 0x00, 0x01, 0x08,
    0x88, 0x8F, 0x11, 0x01, 0x88, 0x80, 0xFF, 0x00, 0x93, 0x00, 0x01, 0x08, 0x81, 0x93, 0x11, 0x01, 0x18, 0x80, 0xFF, 0x00,
    0x8F, 0x00, 0x01, 0x08, 0x81, 0x97, 0x11, 0x01, 0x18, 0x80, 0xFF, 0x00, 0x8C, 0x00, 0x00, 0x88, 0x9B, 0x11, 0x00, 0x88,
    0xFF, 0x00, 0x89, 0x00, 0x01, 0x08, 0x81, 0x9D, 0x11, 0x01, 0x18, 0x80, 0xFF, 0x00, 0x86, 0x00, 0x00, 0x88, 0xA1, 0x11,
    0x00, 0x88, 0xFF, 0x00, 0x84, 0x00, 0x00, 0x08, 0xA3, 0x11, 0x00, 0x80, 0xFF, 0x00, 0x83, 0x00, 0x00, 0x08, 0xA3, 0x11,
    0x00, 0x80, 0xFF, 0x00, 0x84, 0x00, 0xA3, 0x11, 0xFF, 0x00, 0x85, 0x00, 0x00, 0x81, 0xA1, 0x11, 0x00, 0x18, 0xFF, 0x00,
    0x02, 0x00, 0xE7, 0xE0, 0x82, 0x00, 0x00, 0x81, 0xA1, 0x11, 0x00, 0x18, 0x82, 0x00, 0x01, 0x09, 0x29, 0xFA, 0x00, 0x02,
    0xEE, 0x77, 0xE0, 0x82, 0x00, 0x00, 0x08, 0xA1, 0x11, 0x00, 0x80, 0x82, 0x00, 0x02, 0x09, 0x22, 0x99, 0xF8, 0x00, 0x03,
    0xEE, 0x77, 0x77, 0x7E, 0x82, 0x00, 0x00, 0x08, 0xA1, 0x11, 0x00, 0x80, 0x82, 0x00, 0x03, 0x92, 0x22, 0x22, 0x99, 0xF6,
    0x00, 0x00, 0x0E, 0x83, 0x77, 0x83, 0x00, 0xA1, 0x11, 0x83, 0x00, 0x83, 0x22, 0x00, 0x90, 0xF4, 0x00, 0x01, 0x0E, 0xE7,
    0x83, 0x77, 0x00, 0xE0, 0x82, 0x00, 0x00, 0x81, 0x9F, 0x11, 0x00, 0x18, 0x82, 0x00, 0x00, 0x09, 0x83, 0x22, 0x01, 0x29,
    0x90, 0xF3, 0x00, 0x00, 0xE7, 0x84, 0x77, 0x00, 0x70, 0x82, 0x00, 0x00, 0x01, 0x9F, 0x11, 0x00, 0x10, 0x82, 0x00, 0x00,
    0x02, 0x84, 0x22, 0x00, 0x29, 0xF2, 0x00, 0x00, 0xEE, 0x85, 0x77, 0x00, 0x7E, 0x82, 0x00, 0x00, 0x08, 0x9F, 0x11, 0x00,
    0x80, 0x82, 0x00, 0x00, 0x92, 0x85, 0x22, 0x00, 0x99, 0xF0, 0x00, 0x00, 0x0E, 0x87, 0x77, 0x82, 0x00, 0x00, 0x08, 0x9F,
    0x11, 0x00, 0x80, 0x82, 0x00, 0x87, 0x22, 0x00, 0x90, 0xEF, 0x00, 0x00, 0xE7, 0x87, 0x77, 0x00, 0xE0, 0x82, 0x00, 0x00,
    0x81, 0x9D, 0x11, 0x00, 0x18, 0x82, 0x00, 0x00, 0x09, 0x87, 0x22, 0x00, 0x29, 0xEE, 0x00, 0x00, 0x0E, 0x88, 0x77, 0x00,
    0x70, 0x82, 0x00, 0x00, 0x81, 0x9D, 0x11, 0x00, 0x18, 0x82, 0x00, 0x00, 0x02, 0x88, 0x22, 0x00, 0x90, 0xEC, 0x00, 0x00,
    0x0E, 0x89, 0x77, 0x00, 0x7E, 0x82, 0x00, 0x00, 0x01, 0x9D, 0x11, 0x00, 0x10, 0x82, 0x00, 0x00, 0x92, 0x89, 0x22, 0x00,
    0x90, 0xEB, 0x00, 0x00, 0xE7, 0x8A, 0x77, 0x03, 0xE0, 0x00, 0x00, 0x08, 0x9D, 0x11, 0x03, 0x80, 0x00, 0x00, 0x09, 0x8A,
    0x22, 0x00, 0x29, 0xEA, 0x00, 0x00, 0x0E, 0x8B, 0x77, 0x00, 0xE0, 0x82, 0x00, 0x9D, 0x11, 0x82, 0x00, 0x00, 0x09, 0x8B,
    0x22, 0x00, 0x90, 0xE9, 0x00, 0x00, 0xE7, 0x8B, 0x77, 0x00, 0x7E, 0x82, 0x00, 0x00, 0x81, 0x9B, 0x11, 0x00, 0x18, 0x82,
    0x00, 0x00, 0x92, 0x8B, 0x22, 0x00, 0x29, 0xE8, 0x00, 0x00, 0x0E, 0x8C, 0x77, 0x00, 0x7E, 0x82, 0x00, 0x00, 0x81, 0x9B,
    0x11, 0x00, 0x18, 0x82, 0x00, 0x00, 0x92, 0x8C, 0x22, 0x00, 0x90, 0xE7, 0x00, 0x00, 0xE7, 0x8D, 0x77, 0x03, 0xE0, 0x00,
    0x00, 0x08, 0x9B, 0x11, 0x03, 0x80, 0x00, 0x00, 0x09, 0x8D, 0x22, 0x00, 0x29, 0xE6, 0x00, 0x00, 0x0E, 0x8E, 0x77, 0x03,
    0xE0, 0x00, 0x00, 0x08, 0x9B, 0x11, 0x03, 0x80, 0x00, 0x00, 0x09, 0x8E, 0x22, 0x00, 0x90, 0xE5, 0x00, 0x00, 0xE7, 0x8E,
    0x77, 0x00, 0x7E, 0x82, 0x00, 0x9B, 0x11, 0x82, 0x00, 0x00, 0x92, 0x8E, 0x22, 0x00, 0x29, 0xE4, 0x00, 0x00, 0x0E, 0x90,
    0x77, 0x82, 0x00, 0x00, 0x81, 0x87, 0x11, 0x02, 0x18, 0x88, 0x88, 0x83, 0x00, 0x02, 0x88, 0x88, 0x81, 0x87, 0x11, 0x00,
    0x18, 0x82, 0x00, 0x90, 0x22, 0x00, 0x90, 0xE3, 0x00, 0x00, 0xE7, 0x90, 0x77, 0x03, 0xE0, 0x00, 0x00, 0x01, 0x84, 0x11,
    0x01, 0x18, 0x88, 0x8B, 0x00, 0x01, 0x88, 0x81, 0x84, 0x11, 0x03, 0x10, 0x00, 0x00, 0x09, 0x90, 0x22, 0x00, 0x29, 0xE2,
    0x00, 0x00, 0x0E, 0x91, 0x77, 0x03, 0x70, 0x00, 0x00, 0x08, 0x82, 0x11, 0x01, 0x18, 0x88, 0x8F, 0x00, 0x01, 0x88, 0x81,
    0x82, 0x11, 0x03, 0x80, 0x00, 0x00, 0x02, 0x91, 0x22, 0x00, 0x90, 0xE1, 0x00, 0x00, 0xE7, 0x91, 0x77, 0x06, 0x7E, 0x00,
    0x00, 0x08, 0x11, 0x11, 0x88, 0x93, 0x00, 0x06, 0x88, 0x11, 0x11, 0x80, 0x00, 0x00, 0x92, 0x91, 0x22, 0x00, 0x29, 0xE0,
    0x00, 0x00, 0x0E, 0x93, 0x77, 0x82, 0x00, 0x01, 0x81, 0x88, 0x95, 0x00, 0x01, 0x88, 0x18, 0x82, 0x00, 0x93, 0x22, 0x00,
    0x90, 0xDF, 0x00, 0x00, 0x07, 0x93, 0x77, 0x03, 0xE0, 0x00, 0x00, 0x80, 0x97, 0x00, 0x03, 0x08, 0x00, 0x00, 0x09, 0x93,
    0x22, 0x00, 0x20, 0xDF, 0x00, 0x00, 0xE7, 0x93, 0x77, 0x00, 0x70, 0x9D, 0x00, 0x00, 0x02, 0x93, 0x22, 0x00, 0x29, 0xDE,
    0x00, 0x00, 0x0E, 0x94, 0x77, 0x00, 0x7E, 0x9D, 0x00, 0x00, 0x92, 0x94, 0x22, 0x00, 0x90, 0xDD, 0x00, 0x00, 0xE7, 0x94,
    0x77, 0x00, 0xE0, 0x9D, 0x00, 0x00, 0x09, 0x94, 0x22, 0x00, 0x29, 0xDC, 0x00, 0x00, 0x0E, 0x94, 0x77, 0x00, 0xE0, 0x9F,
    0x00, 0x00, 0x09, 0x94, 0x22, 0x00, 0x90, 0xDB, 0x00, 0x00, 0x0E, 0x93, 0x77, 0x00, 0xEE, 0x93, 0x00, 0x01, 0xFF, 0xF0,
    0x8B, 0x00, 0x00, 0x99, 0x93, 0x22, 0x00, 0x90, 0xDB, 0x00, 0x00, 0xE7, 0x92, 0x77, 0x00, 0x7E, 0x92, 0x00, 0x83, 0xFF,
    0x8C, 0x00, 0x00, 0x92, 0x92, 0x22, 0x00, 0x29, 0xDA, 0x00, 0x00, 0x0E, 0x92, 0x77, 0x01, 0x7E, 0xE0, 0x90, 0x00, 0x85,
    0xFF, 0x8C, 0x00, 0x01, 0x09, 0x92, 0x92, 0x22, 0x00, 0x90, 0xD9, 0x00, 0x00, 0x0E, 0x92, 0x77, 0x00, 0xE0, 0x8F, 0x00,
    0x00, 0x0F, 0x83, 0xFF, 0x02, 0x00, 0x0F, 0xFF, 0x8D, 0x00, 0x00, 0x09, 0x92, 0x22, 0x00, 0x90, 0xD9, 0x00, 0x00, 0xE7,
    0x91, 0x77, 0x00, 0x7E, 0x90, 0x00, 0x02, 0x0F, 0xFF, 0xFF, 0x82, 0x00, 0x01, 0x0F, 0xFF, 0x8E, 0x00, 0x00, 0x92, 0x91,
    0x22, 0x00, 0x29, 0xD8, 0x00, 0x00, 0x0E, 0x92, 0x77, 0x00, 0xE0, 0x90, 0x00, 0x01, 0x0F, 0xFF, 0x83, 0x00, 0x01, 0x0F,
    0xFF, 0x8E, 0x00, 0x00, 0x09, 0x92, 0x22, 0x00, 0x90, 0xD7, 0x00, 0x00, 0x0E, 0x91, 0x77, 0x00, 0xEE, 0x91, 0x00, 0x01,
    0x0F, 0xFF, 0x83, 0x00, 0x01, 0x0F, 0xFF, 0x8F, 0x00, 0x00, 0x99, 0x91, 0x22, 0x00, 0x90, 0xD7, 0x00, 0x00, 0xE7, 0x90,
    0x77, 0x00, 0x7E, 0x92, 0x00, 0x01, 0x0F, 0xFF, 0x83, 0x00, 0x01, 0x0F, 0xFF, 0x90, 0x00, 0x00, 0x92, 0x90, 0x22, 0x00,
    0x29, 0xD7, 0x00, 0x00, 0xE7, 0x90, 0x77, 0x00, 0xE0, 0x92, 0x00, 0x01, 0x0F, 0xFF, 0x83, 0x00, 0x01, 0x0F, 0xFF, 0x90,
    0x00, 0x00, 0x09, 0x90, 0x22, 0x00, 0x29, 0xD6, 0x00, 0x00, 0x0E, 0x90, 0x77, 0x00, 0x7E, 0x93, 0x00, 0x01, 0x0F, 0xFF,
    0x83, 0x00, 0x01, 0x0F, 0xFF, 0x91, 0x00, 0x00, 0x92, 0x90, 0x22, 0x00, 0x90, 0xD5, 0x00, 0x00, 0x07, 0x90, 0x77, 0x00,
    0xE0, 0x93, 0x00, 0x01, 0x0F, 0xFF, 0x83, 0x00, 0x01, 0x0F, 0xFF, 0x91, 0x00, 0x00, 0x09, 0x90, 0x22, 0x00, 0x20, 0xD5,
    0x00, 0x00, 0xE7, 0x8F, 0x77, 0x00, 0x7E, 0x94, 0x00, 0x01, 0x0F, 0xFF, 0x83, 0x00, 0x01, 0x0F, 0xFF, 0x92, 0x00, 0x00,
    0x92, 0x8F, 0x22, 0x00, 0x29, 0xD5, 0x00, 0x90, 0x77, 0x00, 0x7E, 0x94, 0x00, 0x01, 0x0F, 0xFF, 0x83, 0x00, 0x01, 0x0F,
    0xFF, 0x92, 0x00, 0x00, 0x92, 0x90, 0x22, 0xD4, 0x00, 0x00, 0x0E, 0x90, 0x77, 0x00, 0xE0, 0x94, 0x00, 0x01, 0x0F, 0xFF,
    0x83, 0x00, 0x01, 0x0F, 0xFF, 0x92, 0x00, 0x00, 0x09, 0x90, 0x22, 0x00, 0x90, 0xD3, 0x00, 0x00, 0x07, 0x8F, 0x77, 0x00,
    0x7E, 0x95, 0x00, 0x07, 0x0F, 0xFF, 0x00, 0x00, 0xFF, 0xFF, 0x0F, 0xFF, 0x93, 0x00, 0x00, 0x92, 0x8F, 0x22, 0x00, 0x20,
    0xD3, 0x00, 0x00, 0xE7, 0x8F, 0x77, 0x00, 0xE0, 0x95, 0x00, 0x03, 0x0F, 0xFF, 0x00, 0x0F, 0x82, 0xFF, 0x00, 0xF0, 0x93,
    0x00, 0x00, 0x09, 0x8F, 0x22, 0x00, 0x29, 0xD3, 0x00, 0x8F, 0x77, 0x00, 0x7E, 0x96, 0x00, 0x03, 0x0F, 0xFF, 0x00, 0x0F,
    0x82, 0xFF, 0x95, 0x00, 0x00, 0x92, 0x8F, 0x22, 0xD2, 0x00, 0x00, 0x0E, 0x8F, 0x77, 0x00, 0x7E, 0x88, 0x00, 0x01, 0x0F,
    0xF0, 0x89, 0x00, 0x05, 0xFF, 0xFF, 0x0F, 0xFF, 0x00, 0x0F, 0x82, 0xFF, 0x88, 0x00, 0x05, 0xFF, 0x00, 0x0F, 0xF0, 0x00,
    0xFF, 0x86, 0x00, 0x00, 0x92, 0x8F, 0x22, 0x00, 0x90, 0xD1, 0x00, 0x00, 0x0E, 0x8F, 0x77, 0x00, 0xE0, 0x88, 0x00, 0x01,
    0x0F, 0xFF, 0x88, 0x00, 0x00, 0x0F, 0x82, 0xFF, 0x05, 0xF0, 0x00, 0x0F, 0xFF, 0xFF, 0xF0, 0x88, 0x00, 0x06, 0xFF, 0xF0,
    0x0F, 0xFF, 0x00, 0xFF, 0xF0, 0x85, 0x00, 0x00, 0x09, 0x8F, 0x22, 0x00, 0x90, 0xD1, 0x00, 0x00, 0xE7, 0x8E, 0x77, 0x00,
    0x7E, 0x89, 0x00, 0x01, 0x0F, 0xFF, 0x88, 0x00, 0x00, 0x0F, 0x82, 0xFF, 0x82, 0x00, 0x02, 0xFF, 0xFF, 0xF0, 0x88, 0x00,
    0x06, 0xFF, 0xF0, 0x0F, 0xFF, 0x00, 0xFF, 0xF0, 0x86, 0x00, 0x00, 0x92, 0x8E, 0x22, 0x00, 0x29, 0xD1, 0x00, 0x00, 0xE7,
    0x8E, 0x77, 0x00, 0x7E, 0x85, 0x00, 0x09, 0x0F, 0xF0, 0x00, 0x00, 0x0F, 0xFF, 0x00, 0x00, 0x0F, 0xF0, 0x84, 0x00, 0x00,
    0x0F, 0x82, 0xFF, 0x82, 0x00, 0x01, 0x0F, 0xF0, 0x87, 0x00, 0x00, 0x0F, 0x87, 0xFF, 0x00, 0xF0, 0x85, 0x00, 0x00, 0x92,
    0x8E, 0x22, 0x00, 0x29, 0xD1, 0x00, 0x8F, 0x77, 0x00, 0xE0, 0x85, 0x00, 0x09, 0x0F, 0xFF, 0x00, 0x00, 0x0F, 0xFF, 0x00,
    0x00, 0xFF, 0xF0, 0x84, 0x00, 0x03, 0x0F, 0xFF, 0xFF, 0xF0, 0x8C, 0x00, 0x00, 0x0F, 0x88, 0xFF, 0x85, 0x00, 0x00, 0x09,
    0x8F, 0x22, 0xD0, 0x00, 0x00, 0x0E, 0x8F, 0x77, 0x87, 0x00, 0x08, 0xFF, 0xF0, 0x00, 0x0F, 0xF0, 0x00, 0x0F, 0xFF, 0xF0,
    0x85, 0x00, 0x02, 0xFF, 0xFF, 0xF0, 0x8C, 0x00, 0x00, 0x0F, 0x88, 0xFF, 0x86, 0x00, 0x8F, 0x22, 0x00, 0x90, 0xCF, 0x00,
    0x00, 0x0E, 0x8E, 0x77, 0x00, 0x7E, 0x87, 0x00, 0x01, 0x0F, 0xFF, 0x83, 0x00, 0x01, 0xFF, 0xFF, 0x86, 0x00, 0x01, 0x0F,
    0xF0, 0x8C, 0x00, 0x02, 0xFF, 0xFF, 0xF0, 0x85, 0x00, 0x02, 0x0F, 0xFF, 0xFF, 0x85, 0x00, 0x00, 0x92, 0x8E, 0x22, 0x00,
    0x90, 0xCF, 0x00, 0x00, 0x07, 0x8E, 0x77, 0x00, 0xE0, 0x88, 0x00, 0x00, 0xFF, 0x83, 0x00, 0x01, 0xFF, 0xF0, 0x95, 0x00,
    0x02, 0xFF, 0xFF, 0xF0, 0x85, 0x00, 0x02, 0x0F, 0xFF, 0xFF, 0x85, 0x00, 0x00, 0x09, 0x8E, 0x22, 0x00, 0x20, 0xCF, 0x00,
    0x00, 0xE7, 0x8E, 0x77, 0x00, 0xE0, 0xA5, 0x00, 0x0B, 0x0F, 0xFF, 0xF0, 0x00, 0x00, 0xFF, 0x00, 0x00, 0xFF, 0x0F, 0xFF,
    0xF0, 0x85, 0x00, 0x00, 0x09, 0x8E, 0x22, 0x00, 0x29, 0xCF, 0x00, 0x00, 0xE7, 0x8D, 0x77, 0x00, 0x7E, 0x8B, 0x00, 0x01,
    0xFF, 0xFF, 0x99, 0x00, 0x09, 0x0F, 0xF0, 0x00, 0x0F, 0xFF, 0xF0, 0x0F, 0xFF, 0x0F, 0xFF, 0x87, 0x00, 0x00, 0x92, 0x8D,
    0x22, 0x00, 0x29, 0xCF, 0x00, 0x8E, 0x77, 0x00, 0x7E, 0x8A, 0x00, 0x03, 0x0F, 0xFF, 0xFF, 0xF0, 0x98, 0x00, 0x09, 0x0F,
    0xF0, 0x00, 0x0F, 0xFF, 0xF0, 0x0F, 0xFF, 0x0F, 0xFF, 0x87, 0x00, 0x00, 0x92, 0x8E, 0x22, 0xCE, 0x00, 0x00, 0x0E, 0x8E,
    0x77, 0x00, 0xE0, 0x86, 0x00, 0x82, 0xFF, 0x01, 0x00, 0x0F, 0x82, 0xFF, 0x00, 0x00, 0x82, 0xFF, 0x93, 0x00, 0x03, 0xFF,
    0xFF, 0xF0, 0x00, 0x83, 0xFF, 0x03, 0xF0, 0x0F, 0xFF, 0xFF, 0x86, 0x00, 0x00, 0x09, 0x8E, 0x22, 0x00, 0x90, 0xCD, 0x00,
    0x01, 0x0E, 0xEE, 0x8D, 0x77, 0x00, 0xE0, 0x86, 0x00, 0x82, 0xFF, 0x01, 0x00, 0x0F, 0x82, 0xFF, 0x00, 0x00, 0x82, 0xFF,
    0x93, 0x00, 0x03, 0xFF, 0xFF, 0xF0, 0x00, 0x83, 0xFF, 0x03, 0xF0, 0x0F, 0xFF, 0xFF, 0x86, 0x00, 0x00, 0x09, 0x8D, 0x22,
    0x01, 0x99, 0x90, 0xCF, 0x00, 0x01, 0x0E, 0xE7, 0x8B, 0x77, 0x87, 0x00, 0x0B, 0x0F, 0xFF, 0xF0, 0x00, 0x0F, 0xFF, 0xFF,
    0xF0, 0x00, 0x0F, 0xFF, 0xF0, 0x93, 0x00, 0x0B, 0x0F, 0xFF, 0xF0, 0x0F, 0xFF, 0x00, 0xFF, 0xFF, 0x00, 0x0F, 0xFF, 0xF0,
    0x87, 0x00, 0x8B, 0x22, 0x01, 0x29, 0x90, 0xD3, 0x00, 0x01, 0xEE, 0xE7, 0x88, 0x77, 0x00, 0x7E, 0x8C, 0x00, 0x02, 0xFF,
    0xFF, 0xF0, 0x98, 0x00, 0x09, 0x0F, 0xF0, 0x0F, 0xFF, 0x00, 0xFF, 0xFF, 0x00, 0x0F, 0xFF, 0x88, 0x00, 0x00, 0x92, 0x88,
    0x22, 0x01, 0x29, 0x99, 0xD7, 0x00, 0x00, 0xEE, 0x87, 0x77, 0x00, 0x7E, 0x8C, 0x00, 0x01, 0x0F, 0xF0, 0x99, 0x00, 0x09,
    0x0F, 0xF0, 0x0F, 0xF0, 0x00, 0x0F, 0xF0, 0x00, 0x0F, 0xFF, 0x88, 0x00, 0x00, 0x92, 0x87, 0x22, 0x00, 0x99, 0xDA, 0x00,
    0x01, 0x0E, 0xEE, 0x85, 0x77, 0x00, 0xE0, 0x8A, 0x00, 0x00, 0xFF, 0x83, 0x00, 0x00, 0xFF, 0x96, 0x00, 0x02, 0xFF, 0xFF,
    0xF0, 0x85, 0x00, 0x02, 0x0F, 0xFF, 0xFF, 0x87, 0x00, 0x00, 0x09, 0x85, 0x22, 0x01, 0x99, 0x90, 0xDD, 0x00, 0x01, 0x0E,
    0xE7, 0x83, 0x77, 0x00, 0xE0, 0x89, 0x00, 0x01, 0x0F, 0xFF, 0x83, 0x00, 0x01, 0xFF, 0xF0, 0x95, 0x00, 0x02, 0xFF, 0xFF,
    0xF0, 0x85, 0x00, 0x02, 0x0F, 0xFF, 0xFF, 0x87, 0x00, 0x00, 0x09, 0x83, 0x22, 0x01, 0x29, 0x90, 0xE1, 0x00, 0x03, 0xEE,
    0xE7, 0x77, 0x77, 0x8A, 0x00, 0x07, 0xFF, 0xFF, 0x00, 0x0F, 0xF0, 0x00, 0x0F, 0xFF, 0x95, 0x00, 0x02, 0x0F, 0xFF, 0xF0,
    0x85, 0x00, 0x02, 0x0F, 0xFF, 0xF0, 0x88, 0x00, 0x03, 0x22, 0x22, 0x29, 0x99, 0xE5, 0x00, 0x01, 0xEE, 0x7E, 0x89, 0x00,
    0x09, 0x0F, 0xFF, 0xF0, 0x00, 0x0F, 0xFF, 0x00, 0x00, 0xFF, 0xF0, 0x95, 0x00, 0x00, 0x0F, 0x88, 0xFF, 0x89, 0x00, 0x01,
    0x92, 0x99, 0xF3, 0x00, 0x09, 0x0F, 0xFF, 0x00, 0x00, 0x0F, 0xFF, 0x00, 0x00, 0x0F, 0xF0, 0x95, 0x00, 0x00, 0x0F, 0x87,
    0xFF, 0x00, 0xF0, 0xE5, 0x00, 0x01, 0x0D, 0xD0, 0x9B, 0x00, 0x01, 0x0F, 0xFF, 0x9B, 0x00, 0x06, 0xFF, 0xF0, 0x0F, 0xFF,
    0x00, 0xFF, 0xF0, 0x98, 0x00, 0x01, 0x0A, 0xA0, 0xCB, 0x00, 0x04, 0x06, 0x66, 0x6D, 0xDD, 0xD0, 0x98, 0x00, 0x01, 0x0F,
    0xFF, 0x9B, 0x00, 0x06, 0xFF, 0xF0, 0x0F, 0xFF, 0x00, 0xFF, 0xF0, 0x95, 0x00, 0x04, 0x0A, 0xAA, 0xA3, 0x33, 0x30, 0xCB,
    0x00, 0x00, 0x06, 0x83, 0x66, 0x01, 0x6D, 0xDD, 0x96, 0x00, 0x01, 0x0F, 0xF0, 0x9B, 0x00, 0x05, 0xFF, 0x00, 0x0F, 0xF0,
    0x00, 0xFF, 0x94, 0x00, 0x01, 0xAA, 0xA3, 0x83, 0x33, 0x00, 0x30, 0xCB, 0x00, 0x00, 0x06, 0x86, 0x66, 0x01, 0xDD, 0xDD,
    0xC9, 0x00, 0x01, 0xAA, 0xAA, 0x86, 0x33, 0x00, 0x30, 0xCB, 0x00, 0x00, 0xD6, 0x89, 0x66, 0x01, 0xDD, 0xDD, 0xC3, 0x00,
    0x01, 0xAA, 0xAA, 0x89, 0x33, 0x00, 0x3A, 0xCB, 0x00, 0x00, 0xD6, 0x8C, 0x66, 0x00, 0xDD, 0xBF, 0x00, 0x00, 0xAA, 0x8C,
    0x33, 0x00, 0x3A, 0xCB, 0x00, 0x00, 0xD6, 0x8D, 0x66, 0xBF, 0x00, 0x8D, 0x33, 0x00, 0x3A, 0xCB, 0x00, 0x00, 0xD6, 0x8D,
    0x66, 0xBF, 0x00, 0x8D, 0x33, 0x00, 0x3A, 0xCB, 0x00, 0x00, 0xD6, 0x8C, 0x66, 0x00, 0x6D, 0xBF, 0x00, 0x00, 0xA3, 0x8C,
    0x33, 0x00, 0x3A, 0xCB, 0x00, 0x8D, 0x66, 0x00, 0x6D, 0xBF, 0x00, 0x00, 0xA3, 0x8D, 0x33, 0xCB, 0x00, 0x8D, 0x66, 0x00,
    0x6D, 0xBF, 0x00, 0x00, 0xA3, 0x8D, 0x33, 0xCB, 0x00, 0x8D, 0x66, 0x00, 0x6D, 0xBF, 0x00, 0x00, 0xA3, 0x8D, 0x33, 0xCB,
    0x00, 0x8D, 0x66, 0x00, 0x6D, 0xBF, 0x00, 0x00, 0xA3, 0x8D, 0x33, 0xCB, 0x00, 0x8D, 0x66, 0x00, 0x60, 0xBF, 0x00, 0x00,
    0x03, 0x8D, 0x33, 0xCB, 0x00, 0x8D, 0x66, 0x00, 0x60, 0xB0, 0x00, 0x01, 0x0F, 0xFF, 0x8C, 0x00, 0x00, 0x03, 0x8D, 0x33,
    0xCB, 0x00, 0x8D, 0x66, 0x00, 0x60, 0xAF, 0x00, 0x00, 0x0F, 0x82, 0xFF, 0x8B, 0x00, 0x00, 0x03, 0x8D, 0x33, 0xCB, 0x00,
    0x8D, 0x66, 0x00, 0x60, 0x86, 0x00, 0x00, 0x0F, 0x83, 0xFF, 0x00, 0xF0, 0x82, 0xFF, 0x9E, 0x00, 0x00, 0x0F, 0x84, 0xFF,
    0x8A, 0x00, 0x00, 0x03, 0x8D, 0x33, 0xCB, 0x00, 0x8D, 0x66, 0x00, 0x60, 0x85, 0x00, 0x8B, 0xFF, 0x9C, 0x00, 0x06, 0x0F,
    0xFF, 0x00, 0x00, 0xFF, 0xFF, 0xF0, 0x89, 0x00, 0x00, 0x03, 0x8D, 0x33, 0xCB, 0x00, 0x8D, 0x66, 0x00, 0x60, 0x85, 0x00,
    0x82, 0xFF, 0x00, 0xF0, 0x87, 0xFF, 0x00, 0xF0, 0x9B, 0x00, 0x01, 0x0F, 0xFF, 0x82, 0x00, 0x01, 0xFF, 0xF0, 0x89, 0x00,
    0x00, 0x03, 0x8D, 0x33, 0xCB, 0x00, 0x8D, 0x66, 0x00, 0x60, 0x85, 0x00, 0x01, 0xFF, 0xF0, 0x82, 0x00, 0x01, 0x0F, 0xFF,
    0x83, 0x00, 0x01, 0xFF, 0xF0, 0x9B, 0x00, 0x01, 0x0F, 0xFF, 0x82, 0x00, 0x01, 0xFF, 0xF0, 0x89, 0x00, 0x00, 0x03, 0x8D,
    0x33, 0xCB, 0x00, 0x8D, 0x66, 0x00, 0x60, 0x85, 0x00, 0x01, 0xFF, 0xF0, 0x82, 0x00, 0x01, 0x0F, 0xFF, 0x83, 0x00, 0x01,
    0xFF, 0xF0, 0x9B, 0x00, 0x01, 0x0F, 0xFF, 0x82, 0x00, 0x01, 0xFF, 0xF0, 0x89, 0x00, 0x00, 0x03, 0x8D, 0x33, 0xCB, 0x00,
    0x8D, 0x66, 0x00, 0x6D, 0x85, 0x00, 0x01, 0xFF, 0xF0, 0x82, 0x00, 0x01, 0x0F, 0xFF, 0x83, 0x00, 0x01, 0xFF, 0xF0, 0x9B,
    0x00, 0x01, 0x0F, 0xFF, 0x82, 0x00, 0x01, 0xFF, 0xF0, 0x89, 0x00, 0x00, 0xA3, 0x8D, 0x33, 0xCB, 0x00, 0x8D, 0x66, 0x00,
    0x6D, 0x85, 0x00, 0x01, 0xFF, 0xF0, 0x82, 0x00, 0x01, 0x0F, 0xFF, 0x83, 0x00, 0x01, 0xFF, 0xF0, 0x9B, 0x00, 0x01, 0x0F,
    0xFF, 0x82, 0x00, 0x01, 0xFF, 0xF0, 0x89, 0x00, 0x00, 0xA3, 0x8D, 0x33, 0xCB, 0x00, 0x8D, 0x66, 0x00, 0x6D, 0x85, 0x00,
    0x01, 0xFF, 0xF0, 0x82, 0x00, 0x01, 0x0F, 0xFF, 0x83, 0x00, 0x01, 0xFF, 0xF0, 0x9B, 0x00, 0x01, 0x0F, 0xFF, 0x82, 0x00,
    0x05, 0xFF, 0xF0, 0x00, 0x00, 0x0F, 0xF0, 0x85, 0x00, 0x00, 0xA3, 0x8D, 0x33, 0xCB, 0x00, 0x8D, 0x66, 0x00, 0x6D, 0x85,
    0x00, 0x01, 0xFF, 0xF0, 0x82, 0x00, 0x01, 0x0F, 0xFF, 0x83, 0x00, 0x01, 0xFF, 0xF0, 0x9B, 0x00, 0x01, 0x0F, 0xFF, 0x82,
    0x00, 0x05, 0xFF, 0xF0, 0x00, 0x00, 0x0F, 0xFF, 0x85, 0x00, 0x00, 0xA3, 0x8D, 0x33, 0xCB, 0x00, 0x00, 0xD6, 0x8C, 0x66,
    0x00, 0x6D, 0x85, 0x00, 0x01, 0xFF, 0xF0, 0x82, 0x00, 0x01, 0x0F, 0xFF, 0x83, 0x00, 0x01, 0xFF, 0xF0, 0x9B, 0x00, 0x01,
    0x0F, 0xFF, 0x82, 0x00, 0x05, 0xFF, 0xF0, 0x00, 0x00, 0x0F, 0xFF, 0x85, 0x00, 0x00, 0xA3, 0x8C, 0x33, 0x00, 0x3A, 0xCB,
    0x00, 0x00, 0xD6, 0x8D, 0x66, 0x85, 0x00, 0x01, 0xFF, 0xF0, 0x82, 0x00, 0x01, 0x0F, 0xFF, 0x83, 0x00, 0x01, 0xFF, 0xF0,
    0x9B, 0x00, 0x01, 0x0F, 0xFF, 0x82, 0x00, 0x05, 0xFF, 0xF0, 0x00, 0x00, 0x0F, 0xFF, 0x85, 0x00, 0x8D, 0x33, 0x00, 0x3A,
    0xCB, 0x00, 0x00, 0xD6, 0x8D, 0x66, 0x85, 0x00, 0x01, 0xFF, 0xF0, 0x82, 0x00, 0x01, 0x0F, 0xFF, 0x83, 0x00, 0x01, 0xFF,
    0xF0, 0x9B, 0x00, 0x01, 0x0F, 0xFF, 0x82, 0x00, 0x05, 0xFF, 0xF0, 0x00, 0x00, 0x0F, 0xFF, 0x85, 0x00, 0x8D, 0x33, 0x00,
    0x3A, 0xCB, 0x00, 0x00, 0xD6, 0x8D, 0x66, 0x85, 0x00, 0x01, 0xFF, 0xF0, 0x82, 0x00, 0x01, 0x0F, 0xFF, 0x83, 0x00, 0x01,
    0xFF, 0xF0, 0x9A, 0x00, 0x02, 0x0F, 0xFF, 0xFF, 0x82, 0x00, 0x05, 0xFF, 0xF0, 0x00, 0xFF, 0x0F, 0xFF, 0x85, 0x00, 0x8D,
    0x33, 0x00, 0x3A, 0xCB, 0x00, 0x00, 0xD6, 0x8D, 0x66, 0x00, 0xD0, 0x84, 0x00, 0x01, 0xFF, 0xF0, 0x82, 0x00, 0x01, 0x0F,
    0xFF, 0x83, 0x00, 0x01, 0xFF, 0xF0, 0x9A, 0x00, 0x08, 0x0F, 0xFF, 0xFF, 0x00, 0x00, 0x0F, 0xFF, 0xF0, 0x00, 0x82, 0xFF,
    0x84, 0x00, 0x00, 0x0A, 0x8D, 0x33, 0x00, 0x3A, 0xCB, 0x00, 0x00, 0x06, 0x8D, 0x66, 0x00, 0xD0, 0x84, 0x00, 0x01, 0xFF,
    0xF0, 0x82, 0x00, 0x01, 0x0F, 0xFF, 0x83, 0x00, 0x01, 0xFF, 0xF0, 0x9A, 0x00, 0x00, 0x0F, 0x82, 0xFF, 0x04, 0x0F, 0xFF,
    0xFF, 0x00, 0x00, 0x82, 0xFF, 0x84, 0x00, 0x00, 0x0A, 0x8D, 0x33, 0x00, 0x30, 0xCB, 0x00, 0x00, 0x06, 0x8D, 0x66, 0x00,
    0xD0, 0x84, 0x00, 0x0C, 0xFF, 0xF0, 0x00, 0xFF, 0xF0, 0x0F, 0xFF, 0x0F, 0xFF, 0xF0, 0x00, 0xFF, 0xF0, 0x9B, 0x00, 0x84,
    0xFF, 0x02, 0xF0, 0x0F, 0xF0, 0x82, 0xFF, 0x84, 0x00, 0x00, 0x0A, 0x8D, 0x33, 0x00, 0x30, 0xCB, 0x00, 0x00, 0x06, 0x8D,
    0x66, 0x00, 0x60, 0x84, 0x00, 0x8B, 0xFF, 0x00, 0xF0, 0x9B, 0x00, 0x00, 0x0F, 0x82, 0xFF, 0x02, 0x00, 0x00, 0x0F, 0x83,
    0xFF, 0x84, 0x00, 0x00, 0x03, 0x8D, 0x33, 0x00, 0x30, 0xCB, 0x00, 0x00, 0x0D, 0x8D, 0x66, 0x00, 0x6D, 0x84, 0x00, 0x8B,
    0xFF, 0x00, 0xF0, 0x9B, 0x00, 0x06, 0x0F, 0xFF, 0xF0, 0x00, 0xFF, 0xF0, 0x0F, 0x83, 0xFF, 0x84, 0x00, 0x00, 0xA3, 0x8D,
    0x33, 0x00, 0xA0, 0xCB, 0x00, 0x00, 0x0D, 0x8D, 0x66, 0x00, 0x6D, 0x84, 0x00, 0x0B, 0xFF, 0xFF, 0xF0, 0x00, 0x0F, 0xFF,
    0xFF, 0xF0, 0x00, 0x00, 0xFF, 0xFF, 0x9D, 0x00, 0x83, 0xFF, 0x01, 0xF0, 0x0F, 0x83, 0xFF, 0x84, 0x00, 0x00, 0xA3, 0x8D,
    0x33, 0x00, 0xA0, 0xCB, 0x00, 0x00, 0x0D, 0x8D, 0x66, 0x00, 0x6D, 0x89, 0x00, 0x01, 0x0F, 0xFF, 0xA2, 0x00, 0x00, 0x0F,
    0x82, 0xFF, 0x01, 0x00, 0x0F, 0x83, 0xFF, 0x84, 0x00, 0x00, 0xA3, 0x8D, 0x33, 0x00, 0xA0, 0xCC, 0x00, 0x8E, 0x66, 0xAF,
    0x00, 0x04, 0x0F, 0xFF, 0x00, 0x00, 0x0F, 0x83, 0xFF, 0x84, 0x00, 0x8E, 0x33, 0xCD, 0x00, 0x8E, 0x66, 0x00, 0xD0, 0xAD,
    0x00, 0x83, 0xFF, 0x05, 0xF0, 0x0F, 0xF0, 0xFF, 0x0F, 0xF0, 0x83, 0x00, 0x00, 0x0A, 0x8E, 0x33, 0xCD, 0x00, 0x00, 0xD6,
    0x8D, 0x66, 0x00, 0xD0, 0xAD, 0x00, 0x83, 0xFF, 0x00, 0xF0, 0x88, 0x00, 0x00, 0x0A, 0x8D, 0x33, 0x00, 0x3A, 0xCD, 0x00,
    0x00, 0xD6, 0x8D, 0x66, 0x00, 0x6D, 0xAD, 0x00, 0x00, 0x0F, 0x82, 0xFF, 0x89, 0x00, 0x00, 0xA3, 0x8D, 0x33, 0x00, 0x3A,
    0xCD, 0x00, 0x00, 0x06, 0x8D, 0x66, 0x00, 0x6D, 0xBB, 0x00, 0x00, 0xA3, 0x8D, 0x33, 0x00, 0x30, 0xCD, 0x00, 0x00, 0x06,
    0x8E, 0x66, 0xBB, 0x00, 0x8E, 0x33, 0x00, 0x30, 0xCD, 0x00, 0x00, 0x0D, 0x8E, 0x66, 0x00, 0xD0, 0xB9, 0x00, 0x00, 0x0A,
    0x8E, 0x33, 0x00, 0xA0, 0xCD, 0x00, 0x00, 0x0D, 0x8E, 0x66, 0x00, 0xD0, 0xB9, 0x00, 0x00, 0x0A, 0x8E, 0x33, 0x00, 0xA0,
    0xCE, 0x00, 0x8E, 0x66, 0x00, 0x6D, 0x8D, 0x00, 0x8B, 0xFF, 0x9F, 0x00, 0x00, 0xA3, 0x8E, 0x33, 0xCF, 0x00, 0x00, 0xD6,
    0x8D, 0x66, 0x00, 0x6D, 0x8D, 0x00, 0x8B, 0xFF, 0x00, 0xF0, 0x84, 0x00, 0x89, 0xFF, 0x01, 0x00, 0xFF, 0x8D, 0x00, 0x00,
    0xA3, 0x8D, 0x33, 0x00, 0x3A, 0xCF, 0x00, 0x00, 0xD6, 0x8E, 0x66, 0x00, 0xD0, 0x8C, 0x00, 0x8B, 0xFF, 0x00, 0xF0, 0x84,
    0x00, 0x8B, 0xFF, 0x00, 0xF0, 0x8B, 0x00, 0x00, 0x0A, 0x8E, 0x33, 0x00, 0x3A, 0xCF, 0x00, 0x00, 0x06, 0x8E, 0x66, 0x00,
    0xD0, 0x8C, 0x00, 0x00, 0xFF, 0x86, 0x00, 0x04, 0xFF, 0xFF, 0x00, 0xFF, 0xF0, 0x84, 0x00, 0x8B, 0xFF, 0x00, 0xF0, 0x8B,
    0x00, 0x00, 0x0A, 0x8E, 0x33, 0x00, 0x30, 0xCF, 0x00, 0x00, 0x0D, 0x8E, 0x66, 0x00, 0x6D, 0x8C, 0x00, 0x00, 0xFF, 0x86,
    0x00, 0x04, 0xFF, 0xFF, 0xF0, 0xFF, 0xF0, 0x84, 0x00, 0x00, 0xFF, 0x87, 0x00, 0x82, 0xFF, 0x00, 0xF0, 0x8B, 0x00, 0x00,
    0xA3, 0x8E, 0x33, 0x00, 0xA0, 0xCF, 0x00, 0x00, 0x0D, 0x8F, 0x66, 0x8C, 0x00, 0x00, 0xFF, 0x86, 0x00, 0x04, 0xFF, 0xFF,
    0x00, 0xFF, 0xF0, 0x84, 0x00, 0x04, 0xFF, 0x00, 0x00, 0x0F, 0xFF, 0x83, 0x00, 0x82, 0xFF, 0x00, 0xF0, 0x8B, 0x00, 0x8F,
    0x33, 0x00, 0xA0, 0xD0, 0x00, 0x8F, 0x66, 0x00, 0xD0, 0x8B, 0x00, 0x00, 0xFF, 0x86, 0x00, 0x04, 0xFF, 0xF0, 0x00, 0xFF,
    0xF0, 0x84, 0x00, 0x05, 0xFF, 0x00, 0x00, 0x0F, 0xFF, 0xF0, 0x82, 0x00, 0x03, 0xFF, 0xF0, 0xFF, 0xF0, 0x8A, 0x00, 0x00,
    0x0A, 0x8F, 0x33, 0xD1, 0x00, 0x00, 0xD6, 0x8E, 0x66, 0x00, 0x6D, 0x8B, 0x00, 0x00, 0xFF, 0x86, 0x00, 0x04, 0xFF, 0xF0,
    0x00, 0xFF, 0xF0, 0x84, 0x00, 0x0C, 0xFF, 0x00, 0x00, 0x0F, 0xFF, 0xFF, 0xF0, 0x00, 0x00, 0xFF, 0xF0, 0xFF, 0xF0, 0x8A,
    0x00, 0x00, 0xA3, 0x8E, 0x33, 0x00, 0x3A, 0xD1, 0x00, 0x00, 0xD6, 0x8E, 0x66, 0x00, 0x6D, 0x8B, 0x00, 0x00, 0xFF, 0x85,
    0x00, 0x05, 0x0F, 0xFF, 0xF0, 0x00, 0xFF, 0xF0, 0x84, 0x00, 0x03, 0xFF, 0x00, 0x00, 0x0F, 0x82, 0xFF, 0x05, 0xF0, 0x00,
    0xFF, 0xF0, 0xFF, 0xF0, 0x8A, 0x00, 0x00, 0xA3, 0x8E, 0x33, 0x00, 0x3A, 0xD1, 0x00, 0x00, 0x0D, 0x8F, 0x66, 0x00, 0xD0,
    0x8A, 0x00, 0x00, 0xFF, 0x82, 0x00, 0x02, 0xFF, 0x00, 0x00, 0x82, 0xFF, 0x02, 0x00, 0xFF, 0xF0, 0x84, 0x00, 0x0C, 0xFF,
    0x00, 0x00, 0x0F, 0xFF, 0x00, 0xFF, 0xFF, 0x00, 0xFF, 0xF0, 0xFF, 0xF0, 0x89, 0x00, 0x00, 0x0A, 0x8F, 0x33, 0x00, 0xA0,
    0xD1, 0x00, 0x00, 0x0D, 0x8F, 0x66, 0x00, 0x6D, 0x8A, 0x00, 0x06, 0xFF, 0x00, 0x00, 0x0F, 0xFF, 0xF0, 0x00, 0x82, 0xFF,
    0x02, 0x00, 0xFF, 0xF0, 0x84, 0x00, 0x0C, 0xFF, 0x00, 0x00, 0x0F, 0xFF, 0x00, 0xFF, 0xFF, 0x00, 0xFF, 0xF0, 0xFF, 0xF0,
    0x89, 0x00, 0x00, 0xA3, 0x8F, 0x33, 0x00, 0xA0, 0xD2, 0x00, 0x8F, 0x66, 0x00, 0x6D, 0x8A, 0x00, 0x02, 0xFF, 0x00, 0x00,
    0x82, 0xFF, 0x06, 0x0F, 0xFF, 0x00, 0xFF, 0xF0, 0xFF, 0xF0, 0x84, 0x00, 0x03, 0xFF, 0x00, 0x00, 0x0F, 0x82, 0xFF, 0x05,
    0xF0, 0x00, 0xFF, 0xF0, 0xFF, 0xF0, 0x89, 0x00, 0x00, 0xA3, 0x8F, 0x33, 0xD3, 0x00, 0x00, 0xD6, 0x8D, 0x66, 0x01, 0x6D,
    0xD0, 0x8A, 0x00, 0x04, 0xFF, 0x00, 0x0F, 0xFF, 0xF0, 0x82, 0xFF, 0x04, 0x00, 0xFF, 0xF0, 0xFF, 0xF0, 0x84, 0x00, 0x0C,
    0xFF, 0x00, 0x00, 0x0F, 0xFF, 0xFF, 0xF0, 0x00, 0x00, 0xFF, 0xF0, 0xFF, 0xF0, 0x89, 0x00, 0x01, 0x0A, 0xA3, 0x8D, 0x33,
    0x00, 0x3A, 0xD3, 0x00, 0x00, 0x06, 0x8D, 0x66, 0x00, 0xD0, 0x8B, 0x00, 0x0C, 0xFF, 0x00, 0xFF, 0xFF, 0x00, 0x0F, 0xFF,
    0xF0, 0x00, 0x0F, 0xFF, 0xFF, 0xF0, 0x84, 0x00, 0x05, 0xFF, 0x00, 0x00, 0x0F, 0xFF, 0xFF, 0x82, 0x00, 0x03, 0xFF, 0xF0,
    0xFF, 0xF0, 0x8A, 0x00, 0x00, 0x0A, 0x8D, 0x33, 0x00, 0x30, 0xD3, 0x00, 0x00, 0x0D, 0x8C, 0x66, 0x00, 0x6D, 0x8C, 0x00,
    0x0C, 0xFF, 0x0F, 0xFF, 0xF0, 0x00, 0x00, 0xFF, 0x00, 0x00, 0x0F, 0xFF, 0xFF, 0xF0, 0x84, 0x00, 0x04, 0xFF, 0x00, 0x00,
    0x0F, 0xFF, 0x83, 0x00, 0x03, 0xFF, 0xF0, 0xFF, 0xF0, 0x8B, 0x00, 0x00, 0xA3, 0x8C, 0x33, 0x00, 0xA0, 0xD4, 0x00, 0x8B,
    0x66, 0x00, 0x6D, 0x83, 0x00, 0x00, 0xCC, 0x88, 0x00, 0x82, 0xFF, 0x85, 0x00, 0x03, 0x0F, 0xFF, 0xFF, 0xF0, 0x84, 0x00,
    0x00, 0xFF, 0x87, 0x00, 0x82, 0xFF, 0x00, 0xF0, 0x87, 0x00, 0x00, 0xBB, 0x83, 0x00, 0x00, 0xA3, 0x8B, 0x33, 0xD5, 0x00,
    0x00, 0xD6, 0x8A, 0x66, 0x00, 0xD0, 0x82, 0x00, 0x01, 0x0C, 0x5C, 0x88, 0x00, 0x02, 0xFF, 0xFF, 0xF0, 0x86, 0x00, 0x02,
    0xFF, 0xFF, 0xF0, 0x84, 0x00, 0x00, 0xFF, 0x87, 0x00, 0x82, 0xFF, 0x00, 0xF0, 0x87, 0x00, 0x01, 0xB4, 0xB0, 0x82, 0x00,
    0x00, 0x0A, 0x8A, 0x33, 0x00, 0x3A, 0xD5, 0x00, 0x00, 0x06, 0x89, 0x66, 0x00, 0xDD, 0x83, 0x00, 0x02, 0xC5, 0x55, 0xC0,
    0x87, 0x00, 0x00, 0xFF, 0x89, 0x00, 0x01, 0xFF, 0xF0, 0x84, 0x00, 0x8B, 0xFF, 0x00, 0xF0, 0x86, 0x00, 0x02, 0x0B, 0x44,
    0x4B, 0x83, 0x00, 0x00, 0xAA, 0x89, 0x33, 0x00, 0x30, 0xD5, 0x00, 0x00, 0x0D, 0x88, 0x66, 0x00, 0x6D, 0x83, 0x00, 0x03,
    0x0C, 0x55, 0x55, 0x5C, 0x87, 0x00, 0x8B, 0xFF, 0x00, 0xF0, 0x84, 0x00, 0x89, 0xFF, 0x01, 0x00, 0xFF, 0x87, 0x00, 0x03,
    0xB4, 0x44, 0x44, 0xB0, 0x83, 0x00, 0x00, 0xA3, 0x88, 0x33, 0x00, 0xA0, 0xD6, 0x00, 0x00, 0xD6, 0x87, 0x66, 0x00, 0xD0,
    0x83, 0x00, 0x00, 0xC5, 0x82, 0x55, 0x00, 0xC0, 0x86, 0x00, 0x8B, 0xFF, 0x98, 0x00, 0x00, 0x0B, 0x82, 0x44, 0x00, 0x4B,
    0x83, 0x00, 0x00, 0x0A, 0x87, 0x33, 0x00, 0x3A, 0xD7, 0x00, 0x00, 0xD6, 0x86, 0x66, 0x00, 0xDD, 0x83, 0x00, 0x00, 0x0C,
    0x83, 0x55, 0x00, 0x5C, 0xAB, 0x00, 0x00, 0xB4, 0x83, 0x44, 0x00, 0xB0, 0x83, 0x00, 0x00, 0xAA, 0x86, 0x33, 0x00, 0x3A,
    0xD7, 0x00, 0x00, 0x0D, 0x85, 0x66, 0x00, 0x6D, 0x83, 0x00, 0x00, 0x0C, 0x85, 0x55, 0x00, 0xCC, 0xA9, 0x00, 0x00, 0xBB,
    0x85, 0x44, 0x00, 0xB0, 0x83, 0x00, 0x00, 0xA3, 0x85, 0x33, 0x00, 0xA0, 0xD7, 0x00, 0x00, 0x0D, 0x85, 0x66, 0x00, 0xD0,
    0x83, 0x00, 0x00, 0xC5, 0x86, 0x55, 0x00, 0xC0, 0xA7, 0x00, 0x00, 0x0B, 0x86, 0x44, 0x00, 0x4B, 0x83, 0x00, 0x00, 0x0A,
    0x85, 0x33, 0x00, 0xA0, 0xD8, 0x00, 0x00, 0xD6, 0x83, 0x66, 0x00, 0xD0, 0x83, 0x00, 0x00, 0x0C, 0x87, 0x55, 0x00, 0x5C,
    0xA7, 0x00, 0x00, 0xB4, 0x87, 0x44, 0x00, 0xB0, 0x83, 0x00, 0x00, 0x0A, 0x83, 0x33, 0x00, 0x3A, 0xD9, 0x00, 0x00, 0x0D,
    0x82, 0x66, 0x00, 0x6D, 0x84, 0x00, 0x00, 0xC5, 0x88, 0x55, 0x00, 0xC0, 0xA5, 0x00, 0x00, 0x0B, 0x88, 0x44, 0x00, 0x4B,
    0x84, 0x00, 0x00, 0xA3, 0x82, 0x33, 0x00, 0xA0, 0xD9, 0x00, 0x04, 0x0D, 0x66, 0x66, 0x6D, 0xD0, 0x83, 0x00, 0x00, 0x0C,
    0x89, 0x55, 0x01, 0x5C, 0xC0, 0xA3, 0x00, 0x01, 0x0B, 0xB4, 0x89, 0x44, 0x00, 0xB0, 0x83, 0x00, 0x04, 0x0A, 0xA3, 0x33,
    0x33, 0xA0, 0xDA, 0x00, 0x02, 0xD6, 0x66, 0xD0, 0x84, 0x00, 0x00, 0xC5, 0x8A, 0x55, 0x00, 0x5C, 0xA3, 0x00, 0x00, 0xB4,
    0x8A, 0x44, 0x00, 0x4B, 0x84, 0x00, 0x02, 0x0A, 0x33, 0x3A, 0xDB, 0x00, 0x01, 0x0D, 0x6D, 0x84, 0x00, 0x00, 0xCC, 0x8C,
    0x55, 0x00, 0xCC, 0xA1, 0x00, 0x00, 0xBB, 0x8C, 0x44, 0x00, 0xBB, 0x84, 0x00, 0x01, 0xA3, 0xA0, 0xDB, 0x00, 0x01, 0x0D,
    0xD0, 0x83, 0x00, 0x00, 0x0C, 0x8E, 0x55, 0x00, 0xC0, 0x9F, 0x00, 0x00, 0x0B, 0x8E, 0x44, 0x00, 0xB0, 0x83, 0x00, 0x01,
    0x0A, 0xA0, 0xE1, 0x00, 0x00, 0xC5, 0x8F, 0x55, 0x00, 0xC0, 0x9D, 0x00, 0x00, 0x0B, 0x8F, 0x44, 0x00, 0x4B, 0xE6, 0x00,
    0x00, 0x0C, 0x90, 0x55, 0x01, 0x5C, 0xC0, 0x9B, 0x00, 0x01, 0x0B, 0xB4, 0x90, 0x44, 0x00, 0xB0, 0xE5, 0x00, 0x00, 0xC5,
    0x91, 0x55, 0x01, 0x5C, 0xC0, 0x99, 0x00, 0x01, 0x0B, 0xB4, 0x91, 0x44, 0x00, 0x4B, 0xE4, 0x00, 0x00, 0x0C, 0x93, 0x55,
    0x01, 0x5C, 0xC0, 0x97, 0x00, 0x01, 0x0B, 0xB4, 0x93, 0x44, 0x00, 0xB0, 0xE3, 0x00, 0x00, 0xC5, 0x95, 0x55, 0x00, 0xCC,
    0x95, 0x00, 0x00, 0xBB, 0x95, 0x44, 0x00, 0x4B, 0xE2, 0x00, 0x00, 0x0C, 0x97, 0x55, 0x00, 0xCC, 0x93, 0x00, 0x00, 0xBB,
    0x97, 0x44, 0x00, 0xB0, 0xE1, 0x00, 0x00, 0x0C, 0x98, 0x55, 0x01, 0x5C, 0xCC, 0x8F, 0x00, 0x01, 0xBB, 0xB4, 0x98, 0x44,
    0x00, 0xB0, 0xE2, 0x00, 0x00, 0xC5, 0x99, 0x55, 0x01, 0x5C, 0xCC, 0x8B, 0x00, 0x01, 0xBB, 0xB4, 0x99, 0x44, 0x00, 0x4B,
    0xE3, 0x00, 0x00, 0x0C, 0x9C, 0x55, 0x02, 0x5C, 0xCC, 0xCC, 0x83, 0x00, 0x02, 0xBB, 0xBB, 0xB4, 0x9C, 0x44, 0x00, 0xB0,
    0xE4, 0x00, 0x00, 0xC5, 0x9E, 0x55, 0x03, 0xC0, 0x00, 0x00, 0x0B, 0x9E, 0x44, 0x00, 0x4B, 0xE5, 0x00, 0x00, 0x0C, 0x9E,
    0x55, 0x03, 0xC0, 0x00, 0x00, 0x0B, 0x9E, 0x44, 0x00, 0xB0, 0xE6, 0x00, 0x00, 0xC5, 0x9D, 0x55, 0x03, 0xC0, 0x00, 0x00,
    0x0B, 0x9D, 0x44, 0x00, 0x4B, 0xE7, 0x00, 0x00, 0x0C, 0x9D, 0x55, 0x03, 0xC0, 0x00, 0x00, 0x0B, 0x9D, 0x44, 0x00, 0xB0,
    0xE8, 0x00, 0x00, 0xC5, 0x9C, 0x55, 0x03, 0xC0, 0x00, 0x00, 0x0B, 0x9C, 0x44, 0x00, 0x4B, 0xE9, 0x00, 0x00, 0x0C, 0x9C,
    0x55, 0x03, 0xC0, 0x00, 0x00, 0x0B, 0x9C, 0x44, 0x00, 0xB0, 0xEA, 0x00, 0x00, 0xC5, 0x9B, 0x55, 0x03, 0xC0, 0x00, 0x00,
    0x0B, 0x9B, 0x44, 0x00, 0x4B, 0xEB, 0x00, 0x00, 0x0C, 0x9B, 0x55, 0x03, 0xC0, 0x00, 0x00, 0x0B, 0x9B, 0x44, 0x00, 0xB0,
    0xEC, 0x00, 0x00, 0x0C, 0x9A, 0x55, 0x03, 0xC0, 0x00, 0x00, 0x0B, 0x9A, 0x44, 0x00, 0xB0, 0xEE, 0x00, 0x00, 0xC5, 0x99,
    0x55, 0x83, 0x00, 0x99, 0x44, 0x00, 0x4B, 0xEF, 0x00, 0x00, 0x0C, 0x99, 0x55, 0x83, 0x00, 0x99, 0x44, 0x00, 0xB0, 0xF0,
    0x00, 0x00, 0xCC, 0x98, 0x55, 0x83, 0x00, 0x98, 0x44, 0x00, 0xBB, 0xF2, 0x00, 0x00, 0xC5, 0x97, 0x55, 0x83, 0x00, 0x97,
    0x44, 0x00, 0x4B, 0xF3, 0x00, 0x01, 0x0C, 0xC5, 0x96, 0x55, 0x83, 0x00, 0x96, 0x44, 0x01, 0x4B, 0xB0, 0xF4, 0x00, 0x00,
    0x0C, 0x96, 0x55, 0x83, 0x00, 0x96, 0x44, 0x00, 0xB0, 0xF6, 0x00, 0x00, 0xCC, 0x95, 0x55, 0x83, 0x00, 0x95, 0x44, 0x00,
    0xBB, 0xF8, 0x00, 0x00, 0xCC, 0x94, 0x55, 0x83, 0x00, 0x94, 0x44, 0x00, 0xBB, 0xFA, 0x00, 0x00, 0xC5, 0x93, 0x55, 0x83,
    0x00, 0x93, 0x44, 0x00, 0x4B, 0xFC, 0x00, 0x00, 0xC5, 0x91, 0x55, 0x00, 0x5C, 0x83, 0x00, 0x00, 0xB4, 0x91, 0x44, 0x00,
    0x4B, 0xFE, 0x00, 0x00, 0xC5, 0x90, 0x55, 0x00, 0x5C, 0x83, 0x00, 0x00, 0xB4, 0x90, 0x44, 0x00, 0x4B, 0xFF, 0x00, 0x01,
    0x00, 0xC5, 0x8F, 0x55, 0x00, 0x5C, 0x83, 0x00, 0x00, 0xB4, 0x8F, 0x44, 0x00, 0x4B, 0xFF, 0x00, 0x82, 0x00, 0x00, 0xCC,
    0x8E, 0x55, 0x00, 0x5C, 0x83, 0x00, 0x00, 0xB4, 0x8E, 0x44, 0x00, 0xBB, 0xFF, 0x00, 0x84, 0x00, 0x00, 0xCC, 0x8D, 0x55,
    0x00, 0x5C, 0x83, 0x00, 0x00, 0xB4, 0x8D, 0x44, 0x00, 0xBB, 0xFF, 0x00, 0x86, 0x00, 0x01, 0x0C, 0xC5, 0x8B, 0x55, 0x00,
    0x5C, 0x83, 0x00, 0x00, 0xB4, 0x8B, 0x44, 0x01, 0x4B, 0xB0, 0xFF, 0x00, 0x89, 0x00, 0x00, 0xCC, 0x8A, 0x55, 0x00, 0x5C,
    0x83, 0x00, 0x00, 0xB4, 0x8A, 0x44, 0x00, 0xBB, 0xFF, 0x00, 0x8C, 0x00, 0x01, 0x0C, 0xC5, 0x88, 0x55, 0x00, 0x5C, 0x83,
    0x00, 0x00, 0xB4, 0x88, 0x44, 0x01, 0x4B, 0xB0, 0xFF, 0x00, 0x8F, 0x00, 0x01, 0x0C, 0xC5, 0x86, 0x55, 0x00, 0x5C, 0x83,
    0x00, 0x00, 0xB4, 0x86, 0x44, 0x01, 0x4B, 0xB0, 0xFF, 0x00, 0x93, 0x00, 0x01, 0x0C, 0xCC, 0x84, 0x55, 0x00, 0x5C, 0x83,
    0x00, 0x00, 0xB4, 0x84, 0x44, 0x01, 0xBB, 0xB0, 0xFF, 0x00, 0x98, 0x00, 0x04, 0x0C, 0xCC, 0xCC, 0x55, 0x50, 0x83, 0x00,
    0x04, 0x04, 0x44, 0xBB, 0xBB, 0xB0, 0xFF, 0x00, 0xFF, 0x00, 0xFF, 0x00, 0xFF, 0x00, 0xFF, 0x00, 0xFF, 0x00, 0xFF, 0x00,
    0xFF, 0x00, 0xFF, 0x00, 0xFF, 0x00, 0xFF, 0x00, 0xFF, 0x00, 0xFF, 0x00, 0xFF, 0x00, 0xFF, 0x00, 0xFF, 0x00, 0xFF, 0x00,
    0xFF, 0x00, 0xFF, 0x00, 0xFF, 0x00, 0xFF, 0x00, 0xFF, 0x00, 0xFF, 0x00, 0xFF, 0x00, 0xFF, 0x00, 0xFF, 0x00, 0xFF, 0x00,
    0xFF, 0x00, 0xFF, 0x00, 0xFF, 0x00, 0xFF, 0x00, 0xFF, 0x00, 0xFF, 0x00, 0xFF, 0x00, 0xFF, 0x00, 0xFF, 0x00, 0xFF, 0x00,
    0xFF, 0x00, 0xFF, 0x00, 0xFF, 0x00, 0xFF, 0x00, 0xFF, 0x00, 0xFF, 0x00, 0xFF, 0x00, 0xFF, 0x00, 0xFF, 0x00, 0xFF, 0x00,
    0xFF, 0x00, 0xFF, 0x00, 0xFF, 0x00, 0xFF, 0x00, 0xFF, 0x00, 0xFF, 0x00, 0xFF, 0x00, 0xFF, 0x00, 0xFF, 0x00, 0xFF, 0x00,
    0xFF, 0x00, 0xFF, 0x00, 0xFF, 0x00, 0xFF, 0x00, 0xFF, 0x00, 0xFF, 0x00, 0xFF, 0x00, 0xFF, 0x00, 0xFF, 0x00, 0xFF, 0x00,
    0xFF, 0x00, 0xFF, 0x00, 0xFF, 0x00, 0xFF, 0x00, 0xFF, 0x00, 0xFF, 0x00, 0xFF, 0x00, 0xFF, 0x00, 0xFF, 0x00, 0xFF, 0x00,
    0xFF, 0x00, 0xFF, 0x00, 0xFF, 0x00, 0xFF, 0x00, 0xFF, 0x00, 0xFF, 0x00, 0xFF, 0x00, 0xFF, 0x00, 0xFF, 0x00, 0xFF, 0x00,
    0xFF, 0x00, 0xFF, 0x00, 0xFF, 0x00, 0xFF, 0x00, 0xFF, 0x00, 0xFF, 0x00, 0xFF, 0x00, 0xFF, 0x00, 0xFF, 0x00, 0xFF, 0x00,
    0xFF, 0x00, 0xFF, 0x00, 0xFF, 0x00, 0xFF, 0x00, 0xC5, 0x00,
};

static const uint8_t kLauncherFrame03[] = {
    0xFF, 0x00, 0xFF, 0x00, 0xFF, 0x00, 0xFF, 0x00, 0xFF, 0x00, 0xFF, 0x00, 0xFF, 0x00, 0xFF, 0x00, 0xFF, 0x00, 0xFF, 0x00,
    0xFF, 0x00, 0xFF, 0x00, 0xFF, 0x00, 0xFF, 0x00, 0xFF, 0x00, 0xFF, 0x00, 0xFF, 0x00, 0xFF, 0x00, 0xFF, 0x00, 0xFF, 0x00,
    0xFF, 0x00, 0xFF, 0x00, 0xFF, 0x00, 0xFF, 0x00, 0xFF, 0x00, 0xFF, 0x00, 0xFF, 0x00, 0xFF, 0x00, 0xFF, 0x00, 0xFF, 0x00,
    0xFF, 0x00, 0xFF, 0x00, 0xFF, 0x00, 0xFF, 0x00, 0xFF, 0x00, 0xFF, 0x00, 0xFF, 0x00, 0xFF, 0x00, 0xFF, 0x00, 0xFF, 0x00,
    0xFF, 0x00, 0xFF, 0x00, 0xFF, 0x00, 0xFF, 0x00, 0xFF, 0x00, 0xFF, 0x00, 0xFF, 0x00, 0xFF, 0x00, 0xFF, 0x00, 0xFF, 0x00,
    0xFF, 0x00, 0xFF, 0x00, 0xFF, 0x00, 0xFF, 0x00, 0xFF, 0x00, 0xFF, 0x00, 0xFF, 0x00, 0xFF, 0x00, 0xFF, 0x00, 0xFF, 0x00,
    0xFF, 0x00, 0xFF, 0x00, 0xFF, 0x00, 0xFF, 0x00, 0xFF, 0x00, 0xFF, 0x00, 0xFF, 0x00, 0xFF, 0x00, 0xFF, 0x00, 0xFF, 0x00,
    0xFF, 0x00, 0xFF, 0x00, 0xFF, 0x00, 0xFF, 0x00, 0xFF, 0x00, 0xFF, 0x00, 0xFF, 0x00, 0xFF, 0x00, 0xFF, 0x00, 0xFF, 0x00,
    0xFF, 0x00, 0xFF, 0x00, 0xFF, 0x00, 0xFF, 0x00, 0xFF, 0x00, 0xFF, 0x00, 0xFF, 0x00, 0xFF, 0x00, 0xFF, 0x00, 0xFF, 0x00,
    0xFF, 0x00, 0xFF, 0x00, 0x9F, 0x00, 0x82, 0x88, 0x87, 0x11, 0x82, 0x88, 0xFF, 0x00, 0x98, 0x00, 0x01, 0x88, 0x88, 0x8F,
    0x11, 0x01, 0x88, 0x88, 0xFF, 0x00, 0x93, 0x00, 0x01, 0x88, 0x81, 0x93, 0x11, 0x01, 0x18, 0x88, 0xFF, 0x00, 0x8F, 0x00,
    0x00, 0x88, 0x99, 0x11, 0x00, 0x88, 0xFF, 0x00, 0x8B, 0x00, 0x01, 0x08, 0x81, 0x9B, 0x11, 0x01, 0x18, 0x80, 0xFF, 0x00,
    0x88, 0x00, 0x00, 0x88, 0x9F, 0x11, 0x00, 0x88, 0xFF, 0x00, 0x85, 0x00, 0x01, 0x08, 0x81, 0xA1, 0x11, 0x01, 0x18, 0x80,
    0xFF, 0x00, 0x82, 0x00, 0x00, 0x08, 0xA5, 0x11, 0x00, 0x80, 0xFF, 0x00, 0x02, 0x00, 0x00, 0x81, 0xA5, 0x11, 0x00, 0x18,
    0xFF, 0x00, 0x02, 0x00, 0x00, 0x01, 0xA5, 0x11, 0x00, 0x10, 0xFF, 0x00, 0x02, 0x00, 0x00, 0x08, 0xA5, 0x11, 0x00, 0x80,
    0xFF, 0x00, 0x02, 0x00, 0x00, 0x08, 0xA5, 0x11, 0x00, 0x80, 0xFC, 0x00, 0x01, 0xEE, 0x7E, 0x83, 0x00, 0x00, 0x81, 0xA3,
    0x11, 0x00, 0x18, 0x83, 0x00, 0x01, 0x92, 0x99, 0xF6, 0x00, 0x02, 0x0E, 0x77, 0x7E, 0x83, 0x00, 0x00, 0x81, 0xA3, 0x11,
    0x00, 0x18, 0x83, 0x00, 0x02, 0x92, 0x22, 0x90, 0xF4, 0x00, 0x00, 0x0E, 0x82, 0x77, 0x00, 0xE0, 0x82, 0x00, 0x00, 0x01,
    0xA3, 0x11, 0x00, 0x10, 0x82, 0x00, 0x00, 0x09, 0x82, 0x22, 0x00, 0x90, 0xF2, 0x00, 0x01, 0x0E, 0xE7, 0x82, 0x77, 0x00,
    0xE0, 0x82, 0x00, 0x00, 0x08, 0xA3, 0x11, 0x00, 0x80, 0x82, 0x00, 0x00, 0x09, 0x82, 0x22, 0x01, 0x29, 0x90, 0xF1, 0x00,
    0x00, 0xE7, 0x83, 0x77, 0x00, 0x7E, 0x83, 0x00, 0xA3, 0x11, 0x83, 0x00, 0x00, 0x92, 0x83, 0x22, 0x00, 0x29, 0xF0, 0x00,
    0x00, 0xE7, 0x84, 0x77, 0x00, 0x7E, 0x83, 0x00, 0x00, 0x81, 0xA1, 0x11, 0x00, 0x18, 0x83, 0x00, 0x00, 0x92, 0x84, 0x22,
    0x00, 0x29, 0xEE, 0x00, 0x00, 0x0E, 0x86, 0x77, 0x00, 0xE0, 0x82, 0x00, 0x00, 0x81, 0xA1, 0x11, 0x00, 0x18, 0x82, 0x00,
    0x00, 0x09, 0x86, 0x22, 0x00, 0x90, 0xEC, 0x00, 0x01, 0x0E, 0xE7, 0x86, 0x77, 0x00, 0xE0, 0x82, 0x00, 0x00, 0x08, 0xA1,
    0x11, 0x00, 0x80, 0x82, 0x00, 0x00, 0x09, 0x86, 0x22, 0x01, 0x29, 0x90, 0xEB, 0x00, 0x00, 0xE7, 0x87, 0x77, 0x00, 0x7E,
    0x82, 0x00, 0x00, 0x08, 0xA1, 0x11, 0x00, 0x80, 0x82, 0x00, 0x00, 0x92, 0x87, 0x22, 0x00, 0x29, 0xEA, 0x00, 0x00, 0x0E,
    0x89, 0x77, 0x83, 0x00, 0xA1, 0x11, 0x83, 0x00, 0x89, 0x22, 0x00, 0x90, 0xE9, 0x00, 0x00, 0xE7, 0x89, 0x77, 0x00, 0xE0,
    0x82, 0x00, 0x00, 0x81, 0x9F, 0x11, 0x00, 0x18, 0x82, 0x00, 0x00, 0x09, 0x89, 0x22, 0x00, 0x29, 0xE8, 0x00, 0x00, 0xEE,
    0x8A, 0x77, 0x00, 0x70, 0x82, 0x00, 0x00, 0x01, 0x9F, 0x11, 0x00, 0x10, 0x82, 0x00, 0x00, 0x02, 0x8A, 0x22, 0x00, 0x99,
    0xE6, 0x00, 0x00, 0x0E, 0x8B, 0x77, 0x00, 0x7E, 0x82, 0x00, 0x00, 0x08, 0x9F, 0x11, 0x00, 0x80, 0x82, 0x00, 0x00, 0x92,
    0x8B, 0x22, 0x00, 0x90, 0xE5, 0x00, 0x00, 0xE7, 0x8C, 0x77, 0x82, 0x00, 0x00, 0x08, 0x9F, 0x11, 0x00, 0x80, 0x82, 0x00,
    0x8C, 0x22, 0x00, 0x29, 0xE4, 0x00, 0x00, 0x0E, 0x8D, 0x77, 0x00, 0xE0, 0x82, 0x00, 0x00, 0x81, 0x9D, 0x11, 0x00, 0x18,
    0x82, 0x00, 0x00, 0x09, 0x8D, 0x22, 0x00, 0x90, 0xE3, 0x00, 0x00, 0xE7, 0x8D, 0x77, 0x00, 0x70, 0x82, 0x00, 0x00, 0x81,
    0x9D, 0x11, 0x00, 0x18, 0x82, 0x00, 0x00, 0x02, 0x8D, 0x22, 0x00, 0x29, 0xE2, 0x00, 0x00, 0x0E, 0x8E, 0x77, 0x00, 0x7E,
    0x82, 0x00, 0x00, 0x01, 0x9D, 0x11, 0x00, 0x10, 0x82, 0x00, 0x00, 0x92, 0x8E, 0x22, 0x00, 0x90, 0xE1, 0x00, 0x00, 0xE7,
    0x8F, 0x77, 0x03, 0xE0, 0x00, 0x00, 0x08, 0x9D, 0x11, 0x03, 0x80, 0x00, 0x00, 0x09, 0x8F, 0x22, 0x00, 0x29, 0xE0, 0x00,
    0x00, 0x0E, 0x90, 0x77, 0x00, 0xE0, 0x82, 0x00, 0x9D, 0x11, 0x82, 0x00, 0x00, 0x09, 0x90, 0x22, 0x00, 0x90, 0xDF, 0x00,
    0x00, 0xE7, 0x90, 0x77, 0x00, 0x7E, 0x82, 0x00, 0x00, 0x81, 0x9B, 0x11, 0x00, 0x18, 0x82, 0x00, 0x00, 0x92, 0x90, 0x22,
    0x00, 0x29, 0xDE, 0x00, 0x00, 0x0E, 0x91, 0x77, 0x00, 0x7E, 0x82, 0x00, 0x00, 0x81, 0x9B, 0x11, 0x00, 0x18, 0x82, 0x00,
    0x00, 0x92, 0x91, 0x22, 0x00, 0x90, 0xDD, 0x00, 0x00, 0xE7, 0x92, 0x77, 0x03, 0xE0, 0x00, 0x00, 0x08, 0x9B, 0x11, 0x03,
    0x80, 0x00, 0x00, 0x09, 0x92, 0x22, 0x00, 0x29, 0xDC, 0x00, 0x00, 0x0E, 0x93, 0x77, 0x03, 0xE0, 0x00, 0x00, 0x08, 0x88,
    0x11, 0x82, 0x88, 0x83, 0x00, 0x82, 0x88, 0x88, 0x11, 0x03, 0x80, 0x00, 0x00, 0x09, 0x93, 0x22, 0x00, 0x90, 0xDB, 0x00,
    0x00, 0xE7, 0x93, 0x77, 0x00, 0x7E, 0x82, 0x00, 0x85, 0x11, 0x01, 0x18, 0x88, 0x8B, 0x00, 0x01, 0x88, 0x81, 0x85, 0x11,
    0x82, 0x00, 0x00, 0x92, 0x93, 0x22, 0x00, 0x29, 0xDB, 0x00, 0x00, 0xE7, 0x94, 0x77, 0x82, 0x00, 0x00, 0x81, 0x82, 0x11,
    0x01, 0x18, 0x88, 0x8F, 0x00, 0x01, 0x88, 0x81, 0x82, 0x11, 0x00, 0x18, 0x82, 0x00, 0x94, 0x22, 0x00, 0x29, 0xDA, 0x00,
    0x00, 0x0E, 0x95, 0x77, 0x06, 0xE0, 0x00, 0x00, 0x01, 0x11, 0x11, 0x88, 0x93, 0x00, 0x06, 0x88, 0x11, 0x11, 0x10, 0x00,
    0x00, 0x09, 0x95, 0x22, 0x00, 0x90, 0xD9, 0x00, 0x00, 0xE7, 0x95, 0x77, 0x05, 0x70, 0x00, 0x00, 0x08, 0x18, 0x80, 0x8D,
    0x00, 0x01, 0xFF, 0xFF, 0x85, 0x00, 0x05, 0x08, 0x81, 0x80, 0x00, 0x00, 0x02, 0x95, 0x22, 0x00, 0x29, 0xD8, 0x00, 0x00,
    0x0E, 0x96, 0x77, 0x04, 0x7E, 0x00, 0x00, 0x08, 0x80, 0x8A, 0x00, 0x00, 0x0F, 0x84, 0xFF, 0x00, 0xF0, 0x85, 0x00, 0x04,
    0x08, 0x80, 0x00, 0x00, 0x92, 0x96, 0x22, 0x00, 0x90, 0xD7, 0x00, 0x00, 0xE7, 0x97, 0x77, 0x8C, 0x00, 0x00, 0x0F, 0x86,
    0xFF, 0x00, 0xF0, 0x89, 0x00, 0x97, 0x22, 0x00, 0x29, 0xD7, 0x00, 0x00, 0xE7, 0x97, 0x77, 0x00, 0xE0, 0x8B, 0x00, 0x00,
    0x0F, 0x82, 0xFF, 0x04, 0xF0, 0x00, 0x00, 0xFF, 0xF0, 0x88, 0x00, 0x00, 0x09, 0x97, 0x22, 0x00, 0x29, 0xD6, 0x00, 0x00,
    0x0E, 0x97, 0x77, 0x00, 0x7E, 0x8C, 0x00, 0x01, 0x0F, 0xFF, 0x84, 0x00, 0x01, 0xFF, 0xF0, 0x89, 0x00, 0x00, 0x92, 0x97,
    0x22, 0x00, 0x90, 0xD5, 0x00, 0x00, 0xE7, 0x96, 0x77, 0x01, 0x7E, 0xE0, 0x8C, 0x00, 0x01, 0x0F, 0xFF, 0x84, 0x00, 0x01,
    0xFF, 0xF0, 0x89, 0x00, 0x01, 0x09, 0x92, 0x96, 0x22, 0x00, 0x29, 0xD5, 0x00, 0x97, 0x77, 0x00, 0xE0, 0x8D, 0x00, 0x01,
    0x0F, 0xFF, 0x84, 0x00, 0x01, 0xFF, 0xF0, 0x8A, 0x00, 0x00, 0x09, 0x97, 0x22, 0xD4, 0x00, 0x00, 0x0E, 0x96, 0x77, 0x00,
    0xE0, 0x8E, 0x00, 0x01, 0x0F, 0xFF, 0x84, 0x00, 0x01, 0xFF, 0xF0, 0x8B, 0x00, 0x00, 0x09, 0x96, 0x22, 0x00, 0x90, 0xD3,
    0x00, 0x00, 0xE7, 0x95, 0x77, 0x00, 0x7E, 0x8F, 0x00, 0x01, 0x0F, 0xFF, 0x84, 0x00, 0x01, 0xFF, 0xF0, 0x8C, 0x00, 0x00,
    0x92, 0x95, 0x22, 0x00, 0x29, 0xD3, 0x00, 0x00, 0xE7, 0x94, 0x77, 0x01, 0x7E, 0xE0, 0x8F, 0x00, 0x01, 0x0F, 0xFF, 0x84,
    0x00, 0x01, 0xFF, 0xF0, 0x8C, 0x00, 0x01, 0x09, 0x92, 0x94, 0x22, 0x00, 0x29, 0xD2, 0x00, 0x00, 0x0E, 0x95, 0x77, 0x00,
    0xE0, 0x90, 0x00, 0x01, 0x0F, 0xFF, 0x84, 0x00, 0x01, 0xFF, 0xF0, 0x8D, 0x00, 0x00, 0x09, 0x95, 0x22, 0x00, 0x90, 0xD1,
    0x00, 0x00, 0x07, 0x94, 0x77, 0x00, 0x7E, 0x91, 0x00, 0x01, 0x0F, 0xFF, 0x84, 0x00, 0x01, 0xFF, 0xF0, 0x8E, 0x00, 0x00,
    0x92, 0x94, 0x22, 0x00, 0x20, 0xD1, 0x00, 0x00, 0xE7, 0x94, 0x77, 0x00, 0xE0, 0x91, 0x00, 0x01, 0x0F, 0xFF, 0x84, 0x00,
    0x01, 0xFF, 0xF0, 0x8E, 0x00, 0x00, 0x09, 0x94, 0x22, 0x00, 0x29, 0xD0, 0x00, 0x00, 0x0E, 0x94, 0x77, 0x00, 0x7E, 0x92,
    0x00, 0x08, 0x0F, 0xFF, 0x00, 0x00, 0x0F, 0xFF, 0x00, 0xFF, 0xF0, 0x8F, 0x00, 0x00, 0x92, 0x94, 0x22, 0x00, 0x90, 0xCF,
    0x00, 0x00, 0x0E, 0x94, 0x77, 0x00, 0xE0, 0x92, 0x00, 0x08, 0x0F, 0xFF, 0x00, 0x0F, 0xFF, 0xFF, 0xF0, 0xFF, 0xF0, 0x8F,
    0x00, 0x00, 0x09, 0x94, 0x22, 0x00, 0x90, 0xCF, 0x00, 0x00, 0xE7, 0x93, 0x77, 0x00, 0xEE, 0x93, 0x00, 0x03, 0x0F, 0xFF,
    0x00, 0x0F, 0x83, 0xFF, 0x91, 0x00, 0x00, 0x99, 0x93, 0x22, 0x00, 0x29, 0xCF, 0x00, 0x00, 0xE7, 0x93, 0x77, 0x00, 0xE0,
    0x93, 0x00, 0x02, 0x0F, 0xFF, 0x00, 0x83, 0xFF, 0x92, 0x00, 0x00, 0x09, 0x93, 0x22, 0x00, 0x29, 0xCE, 0x00, 0x00, 0x0E,
    0x93, 0x77, 0x00, 0x7E, 0x92, 0x00, 0x04, 0x0F, 0xFF, 0x0F, 0xFF, 0x00, 0x83, 0xFF, 0x93, 0x00, 0x00, 0x92, 0x93, 0x22,
    0x00, 0x90, 0xCD, 0x00, 0x00, 0x0E, 0x93, 0x77, 0x00, 0xE0, 0x91, 0x00, 0x00, 0x0F, 0x83, 0xFF, 0x00, 0x00, 0x83, 0xFF,
    0x93, 0x00, 0x00, 0x09, 0x93, 0x22, 0x00, 0x90, 0xCD, 0x00, 0x00, 0xE7, 0x92, 0x77, 0x00, 0x7E, 0x84, 0x00, 0x01, 0x0F,
    0xF0, 0x8B, 0x00, 0x00, 0x0F, 0x82, 0xFF, 0x05, 0xF0, 0x00, 0x0F, 0xFF, 0xFF, 0xF0, 0x8B, 0x00, 0x05, 0xFF, 0x00, 0x0F,
    0xF0, 0x00, 0xFF, 0x82, 0x00, 0x00, 0x92, 0x92, 0x22, 0x00, 0x29, 0xCD, 0x00, 0x00, 0xE7, 0x92, 0x77, 0x00, 0xE0, 0x84,
    0x00, 0x01, 0x0F, 0xFF, 0x8B, 0x00, 0x83, 0xFF, 0x82, 0x00, 0x01, 0xFF, 0xFF, 0x8C, 0x00, 0x09, 0xFF, 0xF0, 0x0F, 0xFF,
    0x00, 0xFF, 0xF0, 0x00, 0x00, 0x09, 0x92, 0x22, 0x00, 0x29, 0xCC, 0x00, 0x00, 0x0E, 0x92, 0x77, 0x00, 0x7E, 0x85, 0x00,
    0x01, 0x0F, 0xFF, 0x8B, 0x00, 0x83, 0xFF, 0x91, 0x00, 0x06, 0xFF, 0xF0, 0x0F, 0xFF, 0x00, 0xFF, 0xF0, 0x82, 0x00, 0x00,
    0x92, 0x92, 0x22, 0x00, 0x90, 0xCB, 0x00, 0x00, 0x0E, 0x92, 0x77, 0x03, 0xE0, 0x00, 0x00, 0xFF, 0x82, 0x00, 0x01, 0x0F,
    0xFF, 0x82, 0x00, 0x00, 0xFF, 0x87, 0x00, 0x83, 0xFF, 0x8F, 0x00, 0x89, 0xFF, 0x02, 0x00, 0x00, 0x09, 0x92, 0x22, 0x00,
    0x90, 0xCB, 0x00, 0x00, 0x07, 0x92, 0x77, 0x0C, 0xE0, 0x00, 0x00, 0xFF, 0xF0, 0x00, 0x00, 0x0F, 0xFF, 0x00, 0x00, 0x0F,
    0xFF, 0x87, 0x00, 0x03, 0x0F, 0xFF, 0xFF, 0xF0, 0x8F, 0x00, 0x89, 0xFF, 0x02, 0xF0, 0x00, 0x09, 0x92, 0x22, 0x00, 0x20,
    0xCB, 0x00, 0x00, 0xE7, 0x91, 0x77, 0x00, 0x7E, 0x82, 0x00, 0x09, 0x0F, 0xFF, 0x00, 0x00, 0x0F, 0xFF, 0x00, 0x00, 0xFF,
    0xFF, 0x88, 0x00, 0x01, 0xFF, 0xFF, 0x90, 0x00, 0x89, 0xFF, 0x03, 0xF0, 0x00, 0x00, 0x92, 0x91, 0x22, 0x00, 0x29, 0xCB,
    0x00, 0x92, 0x77, 0x00, 0xE0, 0x83, 0x00, 0x08, 0xFF, 0xF0, 0x00, 0x0F, 0xF0, 0x00, 0x0F, 0xFF, 0xF0, 0x9B, 0x00, 0x00,
    0xFF, 0x87, 0x00, 0x04, 0xFF, 0xF0, 0x00, 0x00, 0x09, 0x92, 0x22, 0xCA, 0x00, 0x00, 0x0E, 0x92, 0x77, 0x84, 0x00, 0x01,
    0x0F, 0xFF, 0x83, 0x00, 0x01, 0xFF, 0xFF, 0x9A, 0x00, 0x02, 0x0F, 0xFF, 0xFF, 0x87, 0x00, 0x04, 0xFF, 0xFF, 0xF0, 0x00,
    0x00, 0x92, 0x22, 0x00, 0x90, 0xC9, 0x00, 0x00, 0x0E, 0x91, 0x77, 0x00, 0x7E, 0x85, 0x00, 0x00, 0xFF, 0x83, 0x00, 0x01,
    0xFF, 0xF0, 0x9A, 0x00, 0x02, 0x0F, 0xFF, 0xFF, 0x87, 0x00, 0x05, 0xFF, 0xFF, 0xF0, 0x00, 0x00, 0x92, 0x91, 0x22, 0x00,
    0x90, 0xC9, 0x00, 0x00, 0x07, 0x91, 0x77, 0x00, 0xE0, 0x87, 0x00, 0x01, 0x0F, 0xFF, 0x9E, 0x00, 0x01, 0xFF, 0xFF, 0x82,
    0x00, 0x06, 0xFF, 0x00, 0x00, 0xFF, 0x00, 0xFF, 0xFF, 0x82, 0x00, 0x00, 0x09, 0x91, 0x22, 0x00, 0x20, 0xC9, 0x00, 0x00,
    0xE7, 0x91, 0x77, 0x00, 0xE0, 0x86, 0x00, 0x03, 0x0F, 0xFF, 0xFF, 0xF0, 0x9E, 0x00, 0x0A, 0xFF, 0x00, 0x00, 0x0F, 0xFF,
    0xF0, 0x0F, 0xFF, 0x00, 0xFF, 0xF0, 0x82, 0x00, 0x00, 0x09, 0x91, 0x22, 0x00, 0x29, 0xC9, 0x00, 0x00, 0xE7, 0x90, 0x77,
    0x00, 0x7E, 0x87, 0x00, 0x00, 0x0F, 0x82, 0xFF, 0x9E, 0x00, 0x0A, 0xFF, 0x00, 0x00, 0x0F, 0xFF, 0xF0, 0x0F, 0xFF, 0x00,
    0xFF, 0xF0, 0x83, 0x00, 0x00, 0x92, 0x90, 0x22, 0x00, 0x29, 0xC9, 0x00, 0x91, 0x77, 0x00, 0x70, 0x82, 0x00, 0x00, 0x0F,
    0x82, 0xFF, 0x00, 0x00, 0x83, 0xFF, 0x00, 0x00, 0x82, 0xFF, 0x00, 0xF0, 0x97, 0x00, 0x04, 0x0F, 0xFF, 0xFF, 0x00, 0x00,
    0x83, 0xFF, 0x04, 0xF0, 0x00, 0xFF, 0xFF, 0xF0, 0x82, 0x00, 0x00, 0x02, 0x91, 0x22, 0xC8, 0x00, 0x00, 0x0E, 0x91, 0x77,
    0x00, 0xE0, 0x82, 0x00, 0x00, 0x0F, 0x82, 0xFF, 0x00, 0x00, 0x83, 0xFF, 0x00, 0x00, 0x82, 0xFF, 0x00, 0xF0, 0x97, 0x00,
    0x0D, 0x0F, 0xFF, 0xFF, 0x00, 0x0F, 0xFF, 0x0F, 0xFF, 0xFF, 0xF0, 0x00, 0xFF, 0xFF, 0xF0, 0x82, 0x00, 0x00, 0x09, 0x91,
    0x22, 0x00, 0x90, 0xC7, 0x00, 0x00, 0x0E, 0x91, 0x77, 0x84, 0x00, 0x03, 0xFF, 0xFF, 0xF0, 0x00, 0x83, 0xFF, 0x03, 0x00,
    0x0F, 0xFF, 0xFF, 0x99, 0x00, 0x0B, 0xFF, 0xFF, 0x00, 0x0F, 0xFF, 0x00, 0xFF, 0xFF, 0x00, 0x00, 0xFF, 0xFF, 0x84, 0x00,
    0x91, 0x22, 0x00, 0x90, 0xC7, 0x00, 0x00, 0x07, 0x90, 0x77, 0x00, 0x7E, 0x88, 0x00, 0x03, 0x0F, 0xFF, 0xFF, 0xF0, 0x9E,
    0x00, 0x0A, 0xFF, 0x00, 0xFF, 0xF0, 0x00, 0xFF, 0xFF, 0x00, 0x00, 0xFF, 0xF0, 0x84, 0x00, 0x00, 0x92, 0x90, 0x22, 0x00,
    0x20, 0xC7, 0x00, 0x01, 0x0E, 0xE7, 0x8F, 0x77, 0x00, 0x70, 0x89, 0x00, 0x01, 0xFF, 0xFF, 0x9F, 0x00, 0x0A, 0xFF, 0x00,
    0xFF, 0x00, 0x00, 0x0F, 0xF0, 0x00, 0x00, 0xFF, 0xF0, 0x84, 0x00, 0x00, 0x02, 0x8F, 0x22, 0x01, 0x29, 0x90, 0xC9, 0x00,
    0x00, 0xEE, 0x8E, 0x77, 0x00, 0xE0, 0x87, 0x00, 0x00, 0xFF, 0x83, 0x00, 0x00, 0xFF, 0x9B, 0x00, 0x02, 0x0F, 0xFF, 0xFF,
    0x87, 0x00, 0x02, 0xFF, 0xFF, 0xF0, 0x83, 0x00, 0x00, 0x09, 0x8E, 0x22, 0x00, 0x99, 0xCC, 0x00, 0x01, 0x0E, 0xEE, 0x8C,
    0x77, 0x00, 0xE0, 0x86, 0x00, 0x01, 0x0F, 0xFF, 0x83, 0x00, 0x01, 0xFF, 0xF0, 0x9A, 0x00, 0x02, 0x0F, 0xFF, 0xFF, 0x87,
    0x00, 0x02, 0xFF, 0xFF, 0xF0, 0x83, 0x00, 0x00, 0x09, 0x8C, 0x22, 0x01, 0x99, 0x90, 0xCF, 0x00, 0x01, 0x0E, 0xE7, 0x89,
    0x77, 0x00, 0x7E, 0x87, 0x00, 0x07, 0xFF, 0xFF, 0x00, 0x0F, 0xF0, 0x00, 0x0F, 0xFF, 0x9B, 0x00, 0x01, 0xFF, 0xFF, 0x87,
    0x00, 0x01, 0xFF, 0xFF, 0x85, 0x00, 0x00, 0x92, 0x89, 0x22, 0x01, 0x29, 0x90, 0xD3, 0x00, 0x01, 0xEE, 0xE7, 0x87, 0x77,
    0x00, 0x7E, 0x86, 0x00, 0x09, 0x0F, 0xFF, 0xF0, 0x00, 0x0F, 0xFF, 0x00, 0x00, 0xFF, 0xF0, 0x9B, 0x00, 0x00, 0xFF, 0x87,
    0x00, 0x01, 0xFF, 0xF0, 0x85, 0x00, 0x00, 0x92, 0x87, 0x22, 0x01, 0x29, 0x99, 0xD7, 0x00, 0x00, 0xEE, 0x86, 0x77, 0x00,
    0x70, 0x86, 0x00, 0x09, 0xFF, 0xFF, 0x00, 0x00, 0x0F, 0xFF, 0x00, 0x00, 0x0F, 0xFF, 0x9B, 0x00, 0x89, 0xFF, 0x00, 0xF0,
    0x85, 0x00, 0x00, 0x02, 0x86, 0x22, 0x00, 0x99, 0xDA, 0x00, 0x01, 0x0E, 0xEE, 0x84, 0x77, 0x00, 0xE0, 0x86, 0x00, 0x05,
    0xFF, 0xF0, 0x00, 0x00, 0x0F, 0xFF, 0x82, 0x00, 0x00, 0xFF, 0x9B, 0x00, 0x89, 0xFF, 0x86, 0x00, 0x00, 0x09, 0x84, 0x22,
    0x01, 0x99, 0x90, 0xDD, 0x00, 0x01, 0x0E, 0xE7, 0x82, 0x77, 0x00, 0xE0, 0x8A, 0x00, 0x01, 0x0F, 0xFF, 0xA1, 0x00, 0x06,
    0xFF, 0xF0, 0x0F, 0xFF, 0x00, 0xFF, 0xF0, 0x87, 0x00, 0x00, 0x09, 0x82, 0x22, 0x01, 0x29, 0x90, 0xE1, 0x00, 0x02, 0xEE,
    0xE7, 0x77, 0x8B, 0x00, 0x01, 0x0F, 0xFF, 0xA1, 0x00, 0x06, 0xFF, 0xF0, 0x0F, 0xFF, 0x00, 0xFF, 0xF0, 0x88, 0x00, 0x02,
    0x22, 0x29, 0x99, 0xE5, 0x00, 0x00, 0xEE, 0x8B, 0x00, 0x01, 0x0F, 0xF0, 0xA1, 0x00, 0x05, 0xFF, 0x00, 0x0F, 0xF0, 0x00,
    0xFF, 0x89, 0x00, 0x00, 0x99, 0xD6, 0x00, 0x01, 0xDD, 0xD0, 0xDF, 0x00, 0x01, 0x0A, 0xAA, 0xC5, 0x00, 0x04, 0xD6, 0x66,
    0x6D, 0xDD, 0xD0, 0xD9, 0x00, 0x04, 0x0A, 0xAA, 0xA3, 0x33, 0x3A, 0xC5, 0x00, 0x84, 0x66, 0x02, 0x6D, 0xDD, 0xD0, 0xD3,
    0x00, 0x02, 0x0A, 0xAA, 0xA3, 0x84, 0x33, 0xC5, 0x00, 0x87, 0x66, 0x01, 0x6D, 0xDD, 0xCF, 0x00, 0x01, 0xAA, 0xA3, 0x87,
    0x33, 0xC4, 0x00, 0x00, 0x0D, 0x8A, 0x66, 0x01, 0xDD, 0xDD, 0xC9, 0x00, 0x01, 0xAA, 0xAA, 0x8A, 0x33, 0x00, 0xA0, 0xC3,
    0x00, 0x00, 0x0D, 0x8D, 0x66, 0x01, 0xDD, 0xDD, 0xC3, 0x00, 0x01, 0xAA, 0xAA, 0x8D, 0x33, 0x00, 0xA0, 0xC3, 0x00, 0x00,
    0x0D, 0x90, 0x66, 0xC1, 0x00, 0x90, 0x33, 0x00, 0xA0, 0xC3, 0x00, 0x00, 0x0D, 0x90, 0x66, 0xC1, 0x00, 0x90, 0x33, 0x00,
    0xA0, 0xC3, 0x00, 0x00, 0x0D, 0x8F, 0x66, 0x00, 0x6D, 0xC1, 0x00, 0x00, 0xA3, 0x8F, 0x33, 0x00, 0xA0, 0xC3, 0x00, 0x00,
    0x0D, 0x8F, 0x66, 0x00, 0x6D, 0xC1, 0x00, 0x00, 0xA3, 0x8F, 0x33, 0x00, 0xA0, 0xC3, 0x00, 0x00, 0x06, 0x8F, 0x66, 0x00,
    0x6D, 0xC1, 0x00, 0x00, 0xA3, 0x8F, 0x33, 0x00, 0x30, 0xC3, 0x00, 0x00, 0x06, 0x8F, 0x66, 0x00, 0x6D, 0xC1, 0x00, 0x00,
    0xA3, 0x8F, 0x33, 0x00, 0x30, 0xC3, 0x00, 0x00, 0x06, 0x8F, 0x66, 0x00, 0x6D, 0xC1, 0x00, 0x00, 0xA3, 0x8F, 0x33, 0x00,
    0x30, 0xC3, 0x00, 0x00, 0x06, 0x8F, 0x66, 0x00, 0x6D, 0xC1, 0x00, 0x00, 0xA3, 0x8F, 0x33, 0x00, 0x30, 0xC3, 0x00, 0x00,
    0x06, 0x8F, 0x66, 0x00, 0x60, 0xC1, 0x00, 0x00, 0x03, 0x8F, 0x33, 0x00, 0x30, 0xC3, 0x00, 0x00, 0x06, 0x8F, 0x66, 0x00,
    0x60, 0xC1, 0x00, 0x00, 0x03, 0x8F, 0x33, 0x00, 0x30, 0xC3, 0x00, 0x00, 0x06, 0x8F, 0x66, 0x00, 0x60, 0xB5, 0x00, 0x01,
    0x0F, 0xFF, 0x89, 0x00, 0x00, 0x03, 0x8F, 0x33, 0x00, 0x30, 0xC3, 0x00, 0x00, 0x06, 0x8F, 0x66, 0x00, 0x60, 0xB5, 0x00,
    0x02, 0xFF, 0xFF, 0xF0, 0x88, 0x00, 0x00, 0x03, 0x8F, 0x33, 0x00, 0x30, 0xC3, 0x00, 0x00, 0x06, 0x8F, 0x66, 0x00, 0x60,
    0x84, 0x00, 0x02, 0xFF, 0xFF, 0xF0, 0x82, 0x00, 0x01, 0xFF, 0xF0, 0xA7, 0x00, 0x83, 0xFF, 0x00, 0xF0, 0x87, 0x00, 0x00,
    0x03, 0x8F, 0x33, 0x00, 0x30, 0xC3, 0x00, 0x00, 0x06, 0x8F, 0x66, 0x00, 0x60, 0x82, 0x00, 0x00, 0x0F, 0x89, 0xFF, 0x00,
    0xF0, 0xA4, 0x00, 0x05, 0x0F, 0xFF, 0xF0, 0x00, 0xFF, 0xFF, 0x87, 0x00, 0x00, 0x03, 0x8F, 0x33, 0x00, 0x30, 0xC3, 0x00,
    0x00, 0x06, 0x8F, 0x66, 0x03, 0x60, 0x00, 0x00, 0x0F, 0x8B, 0xFF, 0x00, 0xF0, 0xA3, 0x00, 0x06, 0x0F, 0xFF, 0x00, 0x00,
    0x0F, 0xFF, 0xF0, 0x86, 0x00, 0x00, 0x03, 0x8F, 0x33, 0x00, 0x30, 0xC3, 0x00, 0x00, 0x06, 0x8F, 0x66, 0x0D, 0x60, 0x00,
    0x00, 0x0F, 0xFF, 0xF0, 0x00, 0x00, 0x0F, 0xFF, 0xFF, 0xF0, 0x00, 0x00, 0x82, 0xFF, 0xA3, 0x00, 0x01, 0x0F, 0xFF, 0x82,
    0x00, 0x01, 0xFF, 0xF0, 0x86, 0x00, 0x00, 0x03, 0x8F, 0x33, 0x00, 0x30, 0xC3, 0x00, 0x00, 0x06, 0x8F, 0x66, 0x04, 0x6D,
    0x00, 0x00, 0x0F, 0xFF, 0x83, 0x00, 0x01, 0x0F, 0xFF, 0x83, 0x00, 0x01, 0x0F, 0xFF, 0xA3, 0x00, 0x01, 0x0F, 0xFF, 0x82,
    0x00, 0x01, 0xFF, 0xF0, 0x86, 0x00, 0x00, 0xA3, 0x8F, 0x33, 0x00, 0x30, 0xC3, 0x00, 0x00, 0x06, 0x8F, 0x66, 0x04, 0x6D,
    0x00, 0x00, 0x0F, 0xFF, 0x83, 0x00, 0x01, 0x0F, 0xFF, 0x83, 0x00, 0x01, 0x0F, 0xFF, 0xA3, 0x00, 0x01, 0x0F, 0xFF, 0x82,
    0x00, 0x01, 0xFF, 0xF0, 0x86, 0x00, 0x00, 0xA3, 0x8F, 0x33, 0x00, 0x30, 0xC3, 0x00, 0x00, 0x06, 0x8F, 0x66, 0x04, 0x6D,
    0x00, 0x00, 0x0F, 0xFF, 0x83, 0x00, 0x01, 0x0F, 0xFF, 0x83, 0x00, 0x01, 0x0F, 0xFF, 0xA3, 0x00, 0x01, 0x0F, 0xFF, 0x82,
    0x00, 0x01, 0xFF, 0xF0, 0x86, 0x00, 0x00, 0xA3, 0x8F, 0x33, 0x00, 0x30, 0xC3, 0x00, 0x00, 0x06, 0x8F, 0x66, 0x04, 0x6D,
    0x00, 0x00, 0x0F, 0xFF, 0x83, 0x00, 0x01, 0x0F, 0xFF, 0x83, 0x00, 0x01, 0x0F, 0xFF, 0xA3, 0x00, 0x01, 0x0F, 0xFF, 0x82,
    0x00, 0x01, 0xFF, 0xF0, 0x86, 0x00, 0x00, 0xA3, 0x8F, 0x33, 0x00, 0x30, 0xC3, 0x00, 0x00, 0x0D, 0x8F, 0x66, 0x04, 0x6D,
    0x00, 0x00, 0x0F, 0xFF, 0x83, 0x00, 0x01, 0x0F, 0xFF, 0x83, 0x00, 0x01, 0x0F, 0xFF, 0xA3, 0x00, 0x01, 0x0F, 0xFF, 0x82,
    0x00, 0x01, 0xFF, 0xF0, 0x82, 0x00, 0x00, 0xFF, 0x82, 0x00, 0x00, 0xA3, 0x8F, 0x33, 0x00, 0xA0, 0xC3, 0x00, 0x00, 0x0D,
    0x8F, 0x66, 0x04, 0x6D, 0x00, 0x00, 0x0F, 0xFF, 0x83, 0x00, 0x01, 0x0F, 0xFF, 0x83, 0x00, 0x01, 0x0F, 0xFF, 0xA3, 0x00,
    0x01, 0x0F, 0xFF, 0x82, 0x00, 0x01, 0xFF, 0xF0, 0x82, 0x00, 0x04, 0xFF, 0xF0, 0x00, 0x00, 0xA3, 0x8F, 0x33, 0x00, 0xA0,
    0xC3, 0x00, 0x00, 0x0D, 0x90, 0x66, 0x03, 0x00, 0x00, 0x0F, 0xFF, 0x83, 0x00, 0x01, 0x0F, 0xFF, 0x83, 0x00, 0x01, 0x0F,
    0xFF, 0xA3, 0x00, 0x01, 0x0F, 0xFF, 0x82, 0x00, 0x01, 0xFF, 0xF0, 0x82, 0x00, 0x03, 0xFF, 0xF0, 0x00, 0x00, 0x90, 0x33,
    0x00, 0xA0, 0xC3, 0x00, 0x00, 0x0D, 0x90, 0x66, 0x03, 0x00, 0x00, 0x0F, 0xFF, 0x83, 0x00, 0x01, 0x0F, 0xFF, 0x83, 0x00,
    0x01, 0x0F, 0xFF, 0xA3, 0x00, 0x01, 0x0F, 0xFF, 0x82, 0x00, 0x01, 0xFF, 0xF0, 0x82, 0x00, 0x03, 0xFF, 0xF0, 0x00, 0x00,
    0x90, 0x33, 0x00, 0xA0, 0xC3, 0x00, 0x00, 0x0D, 0x90, 0x66, 0x03, 0xD0, 0x00, 0x0F, 0xFF, 0x83, 0x00, 0x01, 0x0F, 0xFF,
    0x83, 0x00, 0x01, 0x0F, 0xFF, 0xA3, 0x00, 0x01, 0x0F, 0xFF, 0x82, 0x00, 0x01, 0xFF, 0xF0, 0x82, 0x00, 0x03, 0xFF, 0xF0,
    0x00, 0x0A, 0x90, 0x33, 0x00, 0xA0, 0xC3, 0x00, 0x00, 0x0D, 0x90, 0x66, 0x03, 0xD0, 0x00, 0x0F, 0xFF, 0x83, 0x00, 0x01,
    0x0F, 0xFF, 0x83, 0x00, 0x01, 0x0F, 0xFF, 0xA2, 0x00, 0x02, 0xFF, 0x0F, 0xFF, 0x82, 0x00, 0x08, 0xFF, 0xF0, 0x00, 0x0F,
    0xF0, 0xFF, 0xF0, 0x00, 0x0A, 0x90, 0x33, 0x00, 0xA0, 0xC4, 0x00, 0x90, 0x66, 0x03, 0xD0, 0x00, 0x0F, 0xFF, 0x83, 0x00,
    0x01, 0x0F, 0xFF, 0x83, 0x00, 0x01, 0x0F, 0xFF, 0xA2, 0x00, 0x82, 0xFF, 0x82, 0x00, 0x08, 0xFF, 0xF0, 0x00, 0x0F, 0xFF,
    0xFF, 0xF0, 0x00, 0x0A, 0x90, 0x33, 0xC5, 0x00, 0x90, 0x66, 0x03, 0x60, 0x00, 0x0F, 0xFF, 0x83, 0x00, 0x01, 0x0F, 0xFF,
    0x83, 0x00, 0x01, 0x0F, 0xFF, 0xA2, 0x00, 0x82, 0xFF, 0x0B, 0xF0, 0x00, 0xFF, 0xFF, 0x00, 0x00, 0x0F, 0xFF, 0xFF, 0xF0,
    0x00, 0x03, 0x90, 0x33, 0xC5, 0x00, 0x00, 0xD6, 0x8F, 0x66, 0x03, 0x6D, 0x00, 0x0F, 0xFF, 0x83, 0x00, 0x01, 0x0F, 0xFF,
    0x83, 0x00, 0x01, 0x0F, 0xFF, 0xA2, 0x00, 0x01, 0xFF, 0xF0, 0x83, 0xFF, 0x08, 0xF0, 0x00, 0x00, 0x0F, 0xFF, 0xFF, 0xF0,
    0x00, 0xA3, 0x8F, 0x33, 0x00, 0x3A, 0xC5, 0x00, 0x00, 0xD6, 0x8F, 0x66, 0x0A, 0x6D, 0x00, 0x0F, 0xFF, 0x0F, 0xFF, 0xFF,
    0xF0, 0x0F, 0xFF, 0x0F, 0x82, 0xFF, 0x01, 0x0F, 0xFF, 0xA2, 0x00, 0x02, 0x0F, 0xFF, 0x0F, 0x82, 0xFF, 0x08, 0x00, 0x0F,
    0xF0, 0x0F, 0xFF, 0xFF, 0xF0, 0x00, 0xA3, 0x8F, 0x33, 0x00, 0x3A, 0xC5, 0x00, 0x00, 0xD6, 0x8F, 0x66, 0x02, 0x6D, 0x00,
    0x0F, 0x8C, 0xFF, 0xA3, 0x00, 0x0D, 0xFF, 0xF0, 0x0F, 0xFF, 0xFF, 0xF0, 0x0F, 0xFF, 0x0F, 0xFF, 0xFF, 0xF0, 0x00, 0xA3,
    0x8F, 0x33, 0x00, 0x3A, 0xC5, 0x00, 0x00, 0xD6, 0x90, 0x66, 0x01, 0x00, 0x0F, 0x87, 0xFF, 0x04, 0xF0, 0x0F, 0xFF, 0xFF,
    0xF0, 0xA3, 0x00, 0x00, 0x0F, 0x83, 0xFF, 0x07, 0xF0, 0x0F, 0xFF, 0x0F, 0xFF, 0xFF, 0xF0, 0x00, 0x90, 0x33, 0x00, 0x3A,
    0xC5, 0x00, 0x00, 0x06, 0x90, 0x66, 0x00, 0xD0, 0x84, 0x00, 0x03, 0x0F, 0xFF, 0xFF, 0xF0, 0xA9, 0x00, 0x83, 0xFF, 0x07,
    0x00, 0x0F, 0xFF, 0x0F, 0xFF, 0xFF, 0xF0, 0x0A, 0x90, 0x33, 0x00, 0x30, 0xC5, 0x00, 0x00, 0x0D, 0x90, 0x66, 0x00, 0xD0,
    0x85, 0x00, 0x01, 0x0F, 0xFF, 0xAA, 0x00, 0x0B, 0x0F, 0xFF, 0xFF, 0x00, 0x00, 0x0F, 0xFF, 0x0F, 0xFF, 0xFF, 0xF0, 0x0A,
    0x90, 0x33, 0x00, 0xA0, 0xC5, 0x00, 0x00, 0x0D, 0x90, 0x66, 0x00, 0x60, 0xB3, 0x00, 0x0A, 0x0F, 0xFF, 0x00, 0x00, 0x0F,
    0xF0, 0x0F, 0xF0, 0xFF, 0x00, 0x03, 0x90, 0x33, 0x00, 0xA0, 0xC5, 0x00, 0x00, 0x0D, 0x90, 0x66, 0x00, 0x6D, 0xB1, 0x00,
    0x00, 0x0F, 0x83, 0xFF, 0x00, 0xF0, 0x85, 0x00, 0x00, 0xA3, 0x90, 0x33, 0x00, 0xA0, 0xC6, 0x00, 0x90, 0x66, 0x00, 0x6D,
    0xB1, 0x00, 0x00, 0x0F, 0x83, 0xFF, 0x00, 0xF0, 0x85, 0x00, 0x00, 0xA3, 0x90, 0x33, 0xC7, 0x00, 0x91, 0x66, 0x00, 0xD0,
    0xB1, 0x00, 0x83, 0xFF, 0x85, 0x00, 0x00, 0x0A, 0x91, 0x33, 0xC7, 0x00, 0x00, 0xD6, 0x90, 0x66, 0x00, 0xD0, 0xBB, 0x00,
    0x00, 0x0A, 0x90, 0x33, 0x00, 0x3A, 0xC7, 0x00, 0x00, 0xD6, 0x90, 0x66, 0x00, 0x60, 0xBB, 0x00, 0x00, 0x03, 0x90, 0x33,
    0x00, 0x3A, 0xC7, 0x00, 0x00, 0x06, 0x90, 0x66, 0x00, 0x6D, 0xBB, 0x00, 0x00, 0xA3, 0x90, 0x33, 0x00, 0x30, 0xC7, 0x00,
    0x00, 0x0D, 0x91, 0x66, 0xBB, 0x00, 0x91, 0x33, 0x00, 0xA0, 0xC7, 0x00, 0x00, 0x0D, 0x91, 0x66, 0x00, 0xD0, 0xB9, 0x00,
    0x00, 0x0A, 0x91, 0x33, 0x00, 0xA0, 0xC8, 0x00, 0x91, 0x66, 0x00, 0x60, 0xB9, 0x00, 0x00, 0x03, 0x91, 0x33, 0xC9, 0x00,
    0x00, 0xD6, 0x90, 0x66, 0x00, 0x6D, 0xB9, 0x00, 0x00, 0xA3, 0x90, 0x33, 0x00, 0x3A, 0xC9, 0x00, 0x00, 0xD6, 0x91, 0x66,
    0x00, 0xD0, 0x8A, 0x00, 0x8C, 0xFF, 0x9F, 0x00, 0x00, 0x0A, 0x91, 0x33, 0x00, 0x3A, 0xC9, 0x00, 0x00, 0x06, 0x91, 0x66,
    0x00, 0xD0, 0x8A, 0x00, 0x8C, 0xFF, 0x00, 0xF0, 0x86, 0x00, 0x89, 0xFF, 0x00, 0xF0, 0x8C, 0x00, 0x00, 0x0A, 0x91, 0x33,
    0x00, 0x30, 0xC9, 0x00, 0x00, 0x0D, 0x91, 0x66, 0x00, 0x6D, 0x8A, 0x00, 0x8C, 0xFF, 0x00, 0xF0, 0x86, 0x00, 0x8A, 0xFF,
    0x01, 0x00, 0xFF, 0x8A, 0x00, 0x00, 0xA3, 0x91, 0x33, 0x00, 0xA0, 0xC9, 0x00, 0x00, 0x0D, 0x92, 0x66, 0x8A, 0x00, 0x00,
    0xFF, 0x86, 0x00, 0x05, 0x0F, 0xFF, 0xF0, 0x00, 0xFF, 0xF0, 0x86, 0x00, 0x8C, 0xFF, 0x00, 0xF0, 0x89, 0x00, 0x92, 0x33,
    0x00, 0xA0, 0xCA, 0x00, 0x92, 0x66, 0x00, 0xD0, 0x89, 0x00, 0x00, 0xFF, 0x86, 0x00, 0x05, 0x0F, 0xFF, 0xF0, 0x00, 0xFF,
    0xF0, 0x86, 0x00, 0x00, 0xFF, 0x87, 0x00, 0x00, 0x0F, 0x82, 0xFF, 0x00, 0xF0, 0x88, 0x00, 0x00, 0x0A, 0x92, 0x33, 0xCB,
    0x00, 0x00, 0xD6, 0x91, 0x66, 0x00, 0x6D, 0x89, 0x00, 0x00, 0xFF, 0x86, 0x00, 0x05, 0x0F, 0xFF, 0xFF, 0x00, 0xFF, 0xF0,
    0x86, 0x00, 0x00, 0xFF, 0x82, 0x00, 0x00, 0xFF, 0x83, 0x00, 0x00, 0x0F, 0x82, 0xFF, 0x00, 0xF0, 0x88, 0x00, 0x00, 0xA3,
    0x91, 0x33, 0x00, 0x3A, 0xCB, 0x00, 0x00, 0x06, 0x91, 0x66, 0x00, 0x6D, 0x89, 0x00, 0x00, 0xFF, 0x86, 0x00, 0x05, 0x0F,
    0xFF, 0xF0, 0x00, 0xFF, 0xF0, 0x86, 0x00, 0x00, 0xFF, 0x82, 0x00, 0x01, 0xFF, 0xFF, 0x82, 0x00, 0x04, 0x0F, 0xFF, 0x00,
    0xFF, 0xF0, 0x88, 0x00, 0x00, 0xA3, 0x91, 0x33, 0x00, 0x30, 0xCB, 0x00, 0x00, 0x0D, 0x91, 0x66, 0x00, 0xD0, 0x89, 0x00,
    0x00, 0xFF, 0x86, 0x00, 0x05, 0x0F, 0xFF, 0x00, 0x00, 0xFF, 0xF0, 0x86, 0x00, 0x00, 0xFF, 0x82, 0x00, 0x09, 0xFF, 0xFF,
    0xF0, 0x00, 0x00, 0x0F, 0xFF, 0x00, 0xFF, 0xF0, 0x88, 0x00, 0x00, 0x0A, 0x91, 0x33, 0x00, 0xA0, 0xCB, 0x00, 0x00, 0x0D,
    0x90, 0x66, 0x00, 0x6D, 0x8A, 0x00, 0x00, 0xFF, 0x86, 0x00, 0x05, 0x0F, 0xFF, 0x00, 0x00, 0xFF, 0xF0, 0x86, 0x00, 0x00,
    0xFF, 0x82, 0x00, 0x82, 0xFF, 0x06, 0x00, 0x00, 0x0F, 0xFF, 0x00, 0xFF, 0xF0, 0x89, 0x00, 0x00, 0xA3, 0x90, 0x33, 0x00,
    0xA0, 0xCC, 0x00, 0x00, 0xD6, 0x8E, 0x66, 0x00, 0x6D, 0x8B, 0x00, 0x00, 0xFF, 0x86, 0x00, 0x05, 0xFF, 0xFF, 0x00, 0x00,
    0xFF, 0xF0, 0x86, 0x00, 0x00, 0xFF, 0x82, 0x00, 0x09, 0xFF, 0xF0, 0xFF, 0xFF, 0x00, 0x0F, 0xFF, 0x00, 0xFF, 0xF0, 0x8A,
    0x00, 0x00, 0xA3, 0x8E, 0x33, 0x00, 0x3A, 0xCD, 0x00, 0x00, 0xD6, 0x8E, 0x66, 0x00, 0xD0, 0x8B, 0x00, 0x00, 0xFF, 0x82,
    0x00, 0x09, 0x0F, 0xF0, 0x00, 0x0F, 0xFF, 0xFF, 0xF0, 0x00, 0xFF, 0xF0, 0x86, 0x00, 0x00, 0xFF, 0x82, 0x00, 0x09, 0xFF,
    0xF0, 0x0F, 0xFF, 0xF0, 0x0F, 0xFF, 0x00, 0xFF, 0xF0, 0x8A, 0x00, 0x00, 0x0A, 0x8E, 0x33, 0x00, 0x3A, 0xCD, 0x00, 0x00,
    0x0D, 0x8D, 0x66, 0x00, 0xDD, 0x83, 0x00, 0x01, 0xC5, 0xC0, 0x86, 0x00, 0x00, 0xFF, 0x82, 0x00, 0x09, 0xFF, 0xFF, 0x00,
    0x0F, 0xFF, 0xFF, 0xF0, 0x00, 0xFF, 0xF0, 0x86, 0x00, 0x00, 0xFF, 0x82, 0x00, 0x09, 0xFF, 0xF0, 0x0F, 0xFF, 0xF0, 0x0F,
    0xFF, 0x00, 0xFF, 0xF0, 0x85, 0x00, 0x01, 0x0B, 0x4B, 0x83, 0x00, 0x00, 0xAA, 0x8D, 0x33, 0x00, 0xA0, 0xCD, 0x00, 0x00,
    0x0D, 0x8C, 0x66, 0x00, 0x6D, 0x83, 0x00, 0x02, 0x0C, 0x55, 0x5C, 0x86, 0x00, 0x0D, 0xFF, 0x00, 0x00, 0x0F, 0xFF, 0xFF,
    0xF0, 0xFF, 0xF0, 0x0F, 0xFF, 0x00, 0xFF, 0xF0, 0x86, 0x00, 0x00, 0xFF, 0x82, 0x00, 0x09, 0xFF, 0xF0, 0xFF, 0xFF, 0x00,
    0x0F, 0xFF, 0x00, 0xFF, 0xF0, 0x85, 0x00, 0x02, 0xB4, 0x44, 0xB0, 0x83, 0x00, 0x00, 0xA3, 0x8C, 0x33, 0x00, 0xA0, 0xCE,
    0x00, 0x00, 0xD6, 0x8B, 0x66, 0x00, 0xD0, 0x83, 0x00, 0x03, 0xC5, 0x55, 0x55, 0xC0, 0x85, 0x00, 0x0D, 0xFF, 0x00, 0x00,
    0xFF, 0xFF, 0x0F, 0xFF, 0xFF, 0xF0, 0x0F, 0xFF, 0x00, 0xFF, 0xF0, 0x86, 0x00, 0x00, 0xFF, 0x82, 0x00, 0x82, 0xFF, 0x06,
    0xF0, 0x00, 0x0F, 0xFF, 0x00, 0xFF, 0xF0, 0x84, 0x00, 0x03, 0x0B, 0x44, 0x44, 0x4B, 0x83, 0x00, 0x00, 0x0A, 0x8B, 0x33,
    0x00, 0x3A, 0xCF, 0x00, 0x00, 0xD6, 0x8A, 0x66, 0x00, 0xDD, 0x83, 0x00, 0x00, 0x0C, 0x82, 0x55, 0x00, 0xCC, 0x85, 0x00,
    0x0D, 0xFF, 0x00, 0x0F, 0xFF, 0xF0, 0x00, 0xFF, 0xFF, 0x00, 0x00, 0xFF, 0xF0, 0xFF, 0xF0, 0x86, 0x00, 0x00, 0xFF, 0x82,
    0x00, 0x09, 0xFF, 0xFF, 0xF0, 0x00, 0x00, 0x0F, 0xFF, 0x00, 0xFF, 0xF0, 0x84, 0x00, 0x00, 0xBB, 0x82, 0x44, 0x00, 0xB0,
    0x83, 0x00, 0x00, 0xAA, 0x8A, 0x33, 0x00, 0x3A, 0xCF, 0x00, 0x00, 0x0D, 0x89, 0x66, 0x00, 0x6D, 0x83, 0x00, 0x00, 0x0C,
    0x84, 0x55, 0x00, 0xC0, 0x84, 0x00, 0x0D, 0xFF, 0x00, 0x0F, 0xFF, 0x00, 0x00, 0x0F, 0xF0, 0x00, 0x00, 0xFF, 0xF0, 0xFF,
    0xF0, 0x86, 0x00, 0x00, 0xFF, 0x82, 0x00, 0x01, 0xFF, 0xFF, 0x82, 0x00, 0x04, 0x0F, 0xFF, 0x00, 0xFF, 0xF0, 0x83, 0x00,
    0x00, 0x0B, 0x84, 0x44, 0x00, 0xB0, 0x83, 0x00, 0x00, 0xA3, 0x89, 0x33, 0x00, 0xA0, 0xCF, 0x00, 0x00, 0x0D, 0x89, 0x66,
    0x00, 0xD0, 0x83, 0x00, 0x00, 0xC5, 0x84, 0x55, 0x00, 0x5C, 0x84, 0x00, 0x03, 0xFF, 0x00, 0xFF, 0xF0, 0x85, 0x00, 0x03,
    0x0F, 0xFF, 0xFF, 0xF0, 0x86, 0x00, 0x00, 0xFF, 0x82, 0x00, 0x01, 0xFF, 0xF0, 0x82, 0x00, 0x04, 0x0F, 0xFF, 0xF0, 0xFF,
    0xF0, 0x83, 0x00, 0x00, 0xB4, 0x84, 0x44, 0x00, 0x4B, 0x83, 0x00, 0x00, 0x0A, 0x89, 0x33, 0x00, 0xA0, 0xD0, 0x00, 0x00,
    0xD6, 0x87, 0x66, 0x00, 0xD0, 0x83, 0x00, 0x00, 0x0C, 0x86, 0x55, 0x00, 0xC0, 0x83, 0x00, 0x02, 0xFF, 0x0F, 0xFF, 0x86,
    0x00, 0x03, 0x0F, 0xFF, 0xFF, 0xF0, 0x86, 0x00, 0x00, 0xFF, 0x87, 0x00, 0x00, 0x0F, 0x82, 0xFF, 0x00, 0xF0, 0x82, 0x00,
    0x00, 0x0B, 0x86, 0x44, 0x00, 0xB0, 0x83, 0x00, 0x00, 0x0A, 0x87, 0x33, 0x00, 0x3A, 0xD1, 0x00, 0x00, 0x06, 0x86, 0x66,
    0x00, 0x6D, 0x84, 0x00, 0x00, 0xC5, 0x86, 0x55, 0x00, 0x5C, 0x83, 0x00, 0x02, 0xFF, 0x0F, 0xFF, 0x87, 0x00, 0x02, 0xFF,
    0xFF, 0xF0, 0x86, 0x00, 0x00, 0xFF, 0x87, 0x00, 0x00, 0x0F, 0x82, 0xFF, 0x00, 0xF0, 0x82, 0x00, 0x00, 0xB4, 0x86, 0x44,
    0x00, 0x4B, 0x84, 0x00, 0x00, 0xA3, 0x86, 0x33, 0x00, 0x30, 0xD1, 0x00, 0x00, 0x0D, 0x85, 0x66, 0x01, 0x6D, 0xD0, 0x83,
    0x00, 0x00, 0x0C, 0x88, 0x55, 0x00, 0xC0, 0x82, 0x00, 0x00, 0xFF, 0x8A, 0x00, 0x01, 0xFF, 0xF0, 0x86, 0x00, 0x8A, 0xFF,
    0x01, 0x0F, 0xFF, 0x82, 0x00, 0x00, 0x0B, 0x88, 0x44, 0x00, 0xB0, 0x83, 0x00, 0x01, 0x0A, 0xA3, 0x85, 0x33, 0x00, 0xA0,
    0xD2, 0x00, 0x00, 0xD6, 0x84, 0x66, 0x00, 0xD0, 0x84, 0x00, 0x00, 0xC5, 0x88, 0x55, 0x03, 0x5C, 0xC0, 0x00, 0x00, 0x8C,
    0xFF, 0x00, 0xF0, 0x86, 0x00, 0x89, 0xFF, 0x00, 0xF0, 0x83, 0x00, 0x01, 0x0B, 0xB4, 0x88, 0x44, 0x00, 0x4B, 0x84, 0x00,
    0x00, 0x0A, 0x84, 0x33, 0x00, 0x3A, 0xD3, 0x00, 0x00, 0xD6, 0x83, 0x66, 0x00, 0x6D, 0x84, 0x00, 0x00, 0xCC, 0x8A, 0x55,
    0x02, 0x5C, 0x00, 0x00, 0x8C, 0xFF, 0x96, 0x00, 0x00, 0xB4, 0x8A, 0x44, 0x00, 0xBB, 0x84, 0x00, 0x00, 0xA3, 0x83, 0x33,
    0x00, 0x3A, 0xD3, 0x00, 0x00, 0x0D, 0x82, 0x66, 0x01, 0x6D, 0xD0, 0x83, 0x00, 0x00, 0x0C, 0x8C, 0x55, 0x00, 0xC0, 0xA3,
    0x00, 0x00, 0x0B, 0x8C, 0x44, 0x00, 0xB0, 0x83, 0x00, 0x01, 0x0A, 0xA3, 0x82, 0x33, 0x00, 0xA0, 0xD4, 0x00, 0x82, 0x66,
    0x00, 0xD0, 0x84, 0x00, 0x00, 0xC5, 0x8D, 0x55, 0x00, 0xC0, 0xA1, 0x00, 0x00, 0x0B, 0x8D, 0x44, 0x00, 0x4B, 0x84, 0x00,
    0x00, 0x0A, 0x82, 0x33, 0xD5, 0x00, 0x02, 0xD6, 0x66, 0x6D, 0x84, 0x00, 0x00, 0x0C, 0x8E, 0x55, 0x01, 0x5C, 0xC0, 0x9F,
    0x00, 0x01, 0x0B, 0xB4, 0x8E, 0x44, 0x00, 0xB0, 0x84, 0x00, 0x02, 0xA3, 0x33, 0x3A, 0xD5, 0x00, 0x01, 0x0D, 0x6D, 0x85,
    0x00, 0x00, 0xC5, 0x8F, 0x55, 0x00, 0x5C, 0x9F, 0x00, 0x00, 0xB4, 0x8F, 0x44, 0x00, 0x4B, 0x85, 0x00, 0x01, 0xA3, 0xA0,
    0xD6, 0x00, 0x00, 0xD0, 0x84, 0x00, 0x00, 0x0C, 0x91, 0x55, 0x00, 0x5C, 0x9D, 0x00, 0x00, 0xB4, 0x91, 0x44, 0x00, 0xB0,
    0x84, 0x00, 0x00, 0x0A, 0xDD, 0x00, 0x00, 0xC5, 0x92, 0x55, 0x00, 0x5C, 0x9B, 0x00, 0x00, 0xB4, 0x92, 0x44, 0x00, 0x4B,
    0xE2, 0x00, 0x00, 0xCC, 0x94, 0x55, 0x01, 0x5C, 0xC0, 0x97, 0x00, 0x01, 0x0B, 0xB4, 0x94, 0x44, 0x00, 0xBB, 0xE0, 0x00,
    0x00, 0x0C, 0x96, 0x55, 0x01, 0x5C, 0xC0, 0x95, 0x00, 0x01, 0x0B, 0xB4, 0x96, 0x44, 0x00, 0xB0, 0xDF, 0x00, 0x00, 0xC5,
    0x98, 0x55, 0x00, 0xCC, 0x93, 0x00, 0x00, 0xBB, 0x98, 0x44, 0x00, 0x4B, 0xDE, 0x00, 0x00, 0x0C, 0x9A, 0x55, 0x01, 0x5C,
    0xCC, 0x8F, 0x00, 0x01, 0xBB, 0xB4, 0x9A, 0x44, 0x00, 0xB0, 0xDD, 0x00, 0x00, 0xC5, 0x9C, 0x55, 0x01, 0x5C, 0xCC, 0x8B,
    0x00, 0x01, 0xBB, 0xB4, 0x9C, 0x44, 0x00, 0x4B, 0xDC, 0x00, 0x00, 0x0C, 0xA0, 0x55, 0x82, 0xCC, 0x83, 0x00, 0x82, 0xBB,
    0xA0, 0x44, 0x00, 0xB0, 0xDC, 0x00, 0x00, 0xC5, 0xA2, 0x55, 0x03, 0xC0, 0x00, 0x00, 0x0B, 0xA2, 0x44, 0x00, 0x4B, 0xDD,
    0x00, 0x00, 0x0C, 0xA2, 0x55, 0x03, 0xC0, 0x00, 0x00, 0x0B, 0xA2, 0x44, 0x00, 0xB0, 0xDE, 0x00, 0x00, 0xC5, 0xA1, 0x55,
    0x03, 0xC0, 0x00, 0x00, 0x0B, 0xA1, 0x44, 0x00, 0x4B, 0xDF, 0x00, 0x00, 0x0C, 0xA1, 0x55, 0x03, 0xC0, 0x00, 0x00, 0x0B,
    0xA1, 0x44, 0x00, 0xB0, 0xE0, 0x00, 0x00, 0xC5, 0xA0, 0x55, 0x03, 0xC0, 0x00, 0x00, 0x0B, 0xA0, 0x44, 0x00, 0x4B, 0xE1,
    0x00, 0x00, 0x0C, 0xA0, 0x55, 0x03, 0xC0, 0x00, 0x00, 0x0B, 0xA0, 0x44, 0x00, 0xB0, 0xE2, 0x00, 0x00, 0xC5, 0x9F, 0x55,
    0x03, 0xC0, 0x00, 0x00, 0x0B, 0x9F, 0x44, 0x00, 0x4B, 0xE3, 0x00, 0x00, 0x0C, 0x9F, 0x55, 0x83, 0x00, 0x9F, 0x44, 0x00,
    0xB0, 0xE4, 0x00, 0x00, 0xC5, 0x9E, 0x55, 0x83, 0x00, 0x9E, 0x44, 0x00, 0x4B, 0xE5, 0x00, 0x00, 0x0C, 0x9E, 0x55, 0x83,
    0x00, 0x9E, 0x44, 0x00, 0xB0, 0xE6, 0x00, 0x00, 0xCC, 0x9D, 0x55, 0x83, 0x00, 0x9D, 0x44, 0x00, 0xBB, 0xE8, 0x00, 0x00,
    0xC5, 0x9C, 0x55, 0x83, 0x00, 0x9C, 0x44, 0x00, 0x4B, 0xE9, 0x00, 0x00, 0x0C, 0x9C, 0x55, 0x83, 0x00, 0x9C, 0x44, 0x00,
    0xB0, 0xEA, 0x00, 0x00, 0xC5, 0x9B, 0x55, 0x83, 0x00, 0x9B, 0x44, 0x00, 0x4B, 0xEB, 0x00, 0x01, 0x0C, 0xC5, 0x9A, 0x55,
    0x83, 0x00, 0x9A, 0x44, 0x01, 0x4B, 0xB0, 0xEC, 0x00, 0x00, 0x0C, 0x9A, 0x55, 0x83, 0x00, 0x9A, 0x44, 0x00, 0xB0, 0xEE,
    0x00, 0x00, 0xC5, 0x98, 0x55, 0x00, 0x5C, 0x83, 0x00, 0x00, 0xB4, 0x98, 0x44, 0x00, 0x4B, 0xF0, 0x00, 0x00, 0xC5, 0x97,
    0x55, 0x00, 0x5C, 0x83, 0x00, 0x00, 0xB4, 0x97, 0x44, 0x00, 0x4B, 0xF1, 0x00, 0x01, 0x0C, 0xC5, 0x96, 0x55, 0x00, 0x5C,
    0x83, 0x00, 0x00, 0xB4, 0x96, 0x44, 0x01, 0x4B, 0xB0, 0xF2, 0x00, 0x00, 0x0C, 0x96, 0x55, 0x00, 0x5C, 0x83, 0x00, 0x00,
    0xB4, 0x96, 0x44, 0x00, 0xB0, 0xF4, 0x00, 0x00, 0x0C, 0x95, 0x55, 0x00, 0x5C, 0x83, 0x00, 0x00, 0xB4, 0x95, 0x44, 0x00,
    0xB0, 0xF6, 0x00, 0x00, 0xCC, 0x94, 0x55, 0x00, 0x5C, 0x83, 0x00, 0x00, 0xB4, 0x94, 0x44, 0x00, 0xBB, 0xF8, 0x00, 0x00,
    0xCC, 0x93, 0x55, 0x00, 0x5C, 0x83, 0x00, 0x00, 0xB4, 0x93, 0x44, 0x00, 0xBB, 0xFA, 0x00, 0x00, 0xCC, 0x92, 0x55, 0x00,
    0x5C, 0x83, 0x00, 0x00, 0xB4, 0x92, 0x44, 0x00, 0xBB, 0xFC, 0x00, 0x00, 0xCC, 0x91, 0x55, 0x00, 0x5C, 0x83, 0x00, 0x00,
    0xB4, 0x91, 0x44, 0x00, 0xBB, 0xFE, 0x00, 0x00, 0xCC, 0x90, 0x55, 0x00, 0x5C, 0x83, 0x00, 0x00, 0xB4, 0x90, 0x44, 0x00,
    0xBB, 0xFF, 0x00, 0x01, 0x00, 0x0C, 0x8F, 0x55, 0x00, 0x50, 0x83, 0x00, 0x00, 0x04, 0x8F, 0x44, 0x00, 0xB0, 0xFF, 0x00,
    0x82, 0x00, 0x01, 0x0C, 0xC5, 0x8D, 0x55, 0x00, 0x50, 0x83, 0x00, 0x00, 0x04, 0x8D, 0x44, 0x01, 0x4B, 0xB0, 0xFF, 0x00,
    0x85, 0x00, 0x00, 0xCC, 0x8C, 0x55, 0x00, 0x50, 0x83, 0x00, 0x00, 0x04, 0x8C, 0x44, 0x00, 0xBB, 0xFF, 0x00, 0x88, 0x00,
    0x01, 0x0C, 0xC5, 0x8A, 0x55, 0x00, 0x50, 0x83, 0x00, 0x00, 0x04, 0x8A, 0x44, 0x01, 0x4B, 0xB0, 0xFF, 0x00, 0x8B, 0x00,
    0x00, 0xCC, 0x89, 0x55, 0x00, 0x50, 0x83, 0x00, 0x00, 0x04, 0x89, 0x44, 0x00, 0xBB, 0xFF, 0x00, 0x8F, 0x00, 0x01, 0xCC,
    0xC5, 0x86, 0x55, 0x00, 0x50, 0x83, 0x00, 0x00, 0x04, 0x86, 0x44, 0x01, 0x4B, 0xBB, 0xFF, 0x00, 0x93, 0x00, 0x01, 0xCC,
    0xCC, 0x84, 0x55, 0x00, 0x50, 0x83, 0x00, 0x00, 0x04, 0x84, 0x44, 0x01, 0xBB, 0xBB, 0xFF, 0x00, 0x98, 0x00, 0x82, 0xCC,
    0x01, 0x55, 0xC0, 0x83, 0x00, 0x01, 0x0B, 0x44, 0x82, 0xBB, 0xFF, 0x00, 0xFF, 0x00, 0xFF, 0x00, 0xFF, 0x00, 0xFF, 0x00,
    0xFF, 0x00, 0xFF, 0x00, 0xFF, 0x00, 0xFF, 0x00, 0xFF, 0x00, 0xFF, 0x00, 0xFF, 0x00, 0xFF, 0x00, 0xFF, 0x00, 0xFF, 0x00,
    0xFF, 0x00, 0xFF, 0x00, 0xFF, 0x00, 0xFF, 0x00, 0xFF, 0x00, 0xFF, 0x00, 0xFF, 0x00, 0xFF, 0x00, 0xFF, 0x00, 0xFF, 0x00,
    0xFF, 0x00, 0xFF, 0x00, 0xFF, 0x00, 0xFF, 0x00, 0xFF, 0x00, 0xFF, 0x00, 0xFF, 0x00, 0xFF, 0x00, 0xFF, 0x00, 0xFF, 0x00,
    0xFF, 0x00, 0xFF, 0x00, 0xFF, 0x00, 0xFF, 0x00, 0xFF, 0x00, 0xFF, 0x00, 0xFF, 0x00, 0xFF, 0x00, 0xFF, 0x00, 0xFF, 0x00,
    0xFF, 0x00, 0xFF, 0x00, 0xFF, 0x00, 0xFF, 0x00, 0xFF, 0x00, 0xFF, 0x00, 0xFF, 0x00, 0xFF, 0x00, 0xFF, 0x00, 0xFF, 0x00,
    0xFF, 0x00, 0xFF, 0x00, 0xFF, 0x00, 0xFF, 0x00, 0xFF, 0x00, 0xFF, 0x00, 0xFF, 0x00, 0xFF, 0x00, 0xFF, 0x00, 0xFF, 0x00,
    0xFF, 0x00, 0xFF, 0x00, 0xFF, 0x00, 0xFF, 0x00, 0xFF, 0x00, 0xFF, 0x00, 0xFF, 0x00, 0xFF, 0x00, 0xFF, 0x00, 0xFF, 0x00,
    0xFF, 0x00, 0xFF, 0x00, 0xFF, 0x00, 0xFF, 0x00, 0xFF, 0x00, 0xFF, 0x00, 0xFF, 0x00, 0xFF, 0x00, 0xFF, 0x00, 0xFF, 0x00,
    0xFF, 0x00, 0xFF, 0x00, 0xFF, 0x00, 0xFF, 0x00, 0xFF, 0x00, 0xFF, 0x00, 0xFF, 0x00, 0x9F, 0x00,
};

static const uint8_t kLauncherFrame04[] = {
    0xFF, 0x00, 0xFF, 0x00, 0xFF, 0x00, 0xFF, 0x00, 0xFF, 0x00, 0xFF, 0x00, 0xFF, 0x00, 0xFF, 0x00, 0xFF, 0x00, 0xFF, 0x00,
    0xFF, 0x00, 0xFF, 0x00, 0xFF, 0x00, 0xFF, 0x00, 0xFF, 0x00, 0xFF, 0x00, 0xFF, 0x00, 0xFF, 0x00, 0xFF, 0x00, 0xFF, 0x00,
    0xFF, 0x00, 0xFF, 0x00, 0xFF, 0x00, 0xFF, 0x00, 0xFF, 0x00, 0xFF, 0x00, 0xFF, 0x00, 0xFF, 0x00, 0xFF, 0x00, 0xFF, 0x00,
    0xFF, 0x00, 0xFF, 0x00, 0xFF, 0x00, 0xFF, 0x00, 0xFF, 0x00, 0xFF, 0x00, 0xFF, 0x00, 0xFF, 0x00, 0xFF, 0x00, 0xFF, 0x00,
    0xFF, 0x00, 0xFF, 0x00, 0xFF, 0x00, 0xFF, 0x00, 0xFF, 0x00, 0xFF, 0x00, 0xFF, 0x00, 0xFF, 0x00, 0xFF, 0x00, 0xFF, 0x00,
    0xFF, 0x00, 0xFF, 0x00, 0xFF, 0x00, 0xFF, 0x00, 0xFF, 0x00, 0xFF, 0x00, 0xFF, 0x00, 0xFF, 0x00, 0xFF, 0x00, 0xFF, 0x00,
    0xFF, 0x00, 0xFF, 0x00, 0xFF, 0x00, 0xFF, 0x00, 0xFF, 0x00, 0xFF, 0x00, 0xFF, 0x00, 0xFF, 0x00, 0xFF, 0x00, 0xFF, 0x00,
    0xFF, 0x00, 0xFF, 0x00, 0xFF, 0x00, 0xFF, 0x00, 0xFF, 0x00, 0xFF, 0x00, 0xFF, 0x00, 0xFF, 0x00, 0xFF, 0x00, 0xFF, 0x00,
    0xFF, 0x00, 0xFF, 0x00, 0xFF, 0x00, 0xFF, 0x00, 0xA3, 0x00, 0x02, 0x88, 0x88, 0x81, 0x87, 0x11, 0x02, 0x18, 0x88, 0x88,
    0xFF, 0x00, 0x98, 0x00, 0x01, 0x88, 0x81, 0x8F, 0x11, 0x01, 0x18, 0x88, 0xFF, 0x00, 0x92, 0x00, 0x01, 0x08, 0x88, 0x95,
    0x11, 0x01, 0x88, 0x80, 0xFF, 0x00, 0x8D, 0x00, 0x01, 0x08, 0x88, 0x99, 0x11, 0x01, 0x88, 0x80, 0xFF, 0x00, 0x8A, 0x00,
    0x00, 0x88, 0x9D, 0x11, 0x00, 0x88, 0xFF, 0x00, 0x87, 0x00, 0x01, 0x08, 0x81, 0x9F, 0x11, 0x01, 0x18, 0x80, 0xFF, 0x00,
    0x84, 0x00, 0x00, 0x88, 0xA3, 0x11, 0x00, 0x88, 0xFF, 0x00, 0x03, 0x00, 0x00, 0x08, 0x81, 0xA5, 0x11, 0x01, 0x18, 0x80,
    0xFF, 0x00, 0x00, 0x81, 0xA7, 0x11, 0x00, 0x18, 0xFF, 0x00, 0x00, 0x81, 0xA7, 0x11, 0x00, 0x18, 0xFF, 0x00, 0x00, 0x01,
    0xA7, 0x11, 0x00, 0x10, 0xFF, 0x00, 0x00, 0x08, 0xA7, 0x11, 0x00, 0x80, 0xFA, 0x00, 0x00, 0x0E, 0x83, 0x00, 0x00, 0x08,
    0xA7, 0x11, 0x00, 0x80, 0x83, 0x00, 0x00, 0x90, 0xF4, 0x00, 0x02, 0x0E, 0x77, 0xE0, 0x83, 0x00, 0x00, 0x81, 0xA5, 0x11,
    0x00, 0x18, 0x83, 0x00, 0x02, 0x09, 0x22, 0x90, 0xF2, 0x00, 0x03, 0x0E, 0xE7, 0x77, 0x70, 0x83, 0x00, 0x00, 0x81, 0xA5,
    0x11, 0x00, 0x18, 0x83, 0x00, 0x03, 0x02, 0x22, 0x29, 0x90, 0xF1, 0x00, 0x03, 0xE7, 0x77, 0x77, 0x7E, 0x83, 0x00, 0x00,
    0x01, 0xA5, 0x11, 0x00, 0x10, 0x83, 0x00, 0x03, 0x92, 0x22, 0x22, 0x29, 0xF0, 0x00, 0x00, 0xE7, 0x83, 0x77, 0x83, 0x00,
    0x00, 0x08, 0xA5, 0x11, 0x00, 0x80, 0x83, 0x00, 0x83, 0x22, 0x00, 0x29, 0xEE, 0x00, 0x00, 0xEE, 0x84, 0x77, 0x00, 0xE0,
    0x82, 0x00, 0x00, 0x08, 0xA5, 0x11, 0x00, 0x80, 0x82, 0x00, 0x00, 0x09, 0x84, 0x22, 0x00, 0x99, 0xEC, 0x00, 0x00, 0x0E,
    0x85, 0x77, 0x00, 0x7E, 0x83, 0x00, 0x00, 0x81, 0xA3, 0x11, 0x00, 0x18, 0x83, 0x00, 0x00, 0x92, 0x85, 0x22, 0x00, 0x90,
    0xEB, 0x00, 0x00, 0xE7, 0x85, 0x77, 0x00, 0x7E, 0x83, 0x00, 0x00, 0x81, 0xA3, 0x11, 0x00, 0x18, 0x83, 0x00, 0x00, 0x92,
    0x85, 0x22, 0x00, 0x29, 0xEA, 0x00, 0x00, 0xE7, 0x87, 0x77, 0x00, 0xE0, 0x82, 0x00, 0x00, 0x01, 0xA3, 0x11, 0x00, 0x10,
    0x82, 0x00, 0x00, 0x09, 0x87, 0x22, 0x00, 0x29, 0xE8, 0x00, 0x00, 0x0E, 0x88, 0x77, 0x00, 0xE0, 0x82, 0x00, 0x00, 0x08,
    0xA3, 0x11, 0x00, 0x80, 0x82, 0x00, 0x00, 0x09, 0x88, 0x22, 0x00, 0x90, 0xE7, 0x00, 0x00, 0xE7, 0x88, 0x77, 0x00, 0x7E,
    0x83, 0x00, 0xA3, 0x11, 0x83, 0x00, 0x00, 0x92, 0x88, 0x22, 0x00, 0x29, 0xE6, 0x00, 0x00, 0xE7, 0x89, 0x77, 0x00, 0x7E,
    0x83, 0x00, 0x00, 0x81, 0xA1, 0x11, 0x00, 0x18, 0x83, 0x00, 0x00, 0x92, 0x89, 0x22, 0x00, 0x29, 0xE4, 0x00, 0x00, 0x0E,
    0x8B, 0x77, 0x00, 0xE0, 0x82, 0x00, 0x00, 0x81, 0xA1, 0x11, 0x00, 0x18, 0x82, 0x00, 0x00, 0x09, 0x8B, 0x22, 0x00, 0x90,
    0xE3, 0x00, 0x00, 0xE7, 0x8B, 0x77, 0x00, 0xE0, 0x82, 0x00, 0x00, 0x08, 0xA1, 0x11, 0x00, 0x80, 0x82, 0x00, 0x00, 0x09,
    0x8B, 0x22, 0x00, 0x29, 0xE2, 0x00, 0x00, 0x0E, 0x8C, 0x77, 0x00, 0x7E, 0x82, 0x00, 0x00, 0x08, 0xA1, 0x11, 0x00, 0x80,
    0x82, 0x00, 0x00, 0x92, 0x8C, 0x22, 0x00, 0x90, 0xE1, 0x00, 0x00, 0xE7, 0x8D, 0x77, 0x83, 0x00, 0xA1, 0x11, 0x83, 0x00,
    0x8D, 0x22, 0x00, 0x29, 0xE0, 0x00, 0x00, 0x0E, 0x8E, 0x77, 0x00, 0xE0, 0x82, 0x00, 0x00, 0x81, 0x9F, 0x11, 0x00, 0x18,
    0x82, 0x00, 0x00, 0x09, 0x8E, 0x22, 0x00, 0x90, 0xDE, 0x00, 0x00, 0x0E, 0x8F, 0x77, 0x00, 0x70, 0x82, 0x00, 0x00, 0x01,
    0x9F, 0x11, 0x00, 0x10, 0x82, 0x00, 0x00, 0x02, 0x8F, 0x22, 0x00, 0x90, 0xDD, 0x00, 0x00, 0xE7, 0x8F, 0x77, 0x00, 0x7E,
    0x82, 0x00, 0x00, 0x08, 0x9F, 0x11, 0x00, 0x80, 0x82, 0x00, 0x00, 0x92, 0x8F, 0x22, 0x00, 0x29, 0xDC, 0x00, 0x00, 0x0E,
    0x91, 0x77, 0x82, 0x00, 0x00, 0x08, 0x9F, 0x11, 0x00, 0x80, 0x82, 0x00, 0x91, 0x22, 0x00, 0x90, 0xDB, 0x00, 0x00, 0xE7,
    0x91, 0x77, 0x00, 0xE0, 0x82, 0x00, 0x00, 0x81, 0x9D, 0x11, 0x00, 0x18, 0x82, 0x00, 0x00, 0x09, 0x91, 0x22, 0x00, 0x29,
    0xDB, 0x00, 0x92, 0x77, 0x00, 0x70, 0x82, 0x00, 0x00, 0x81, 0x9D, 0x11, 0x00, 0x18, 0x82, 0x00, 0x00, 0x02, 0x92, 0x22,
    0xDA, 0x00, 0x00, 0x0E, 0x92, 0x77, 0x00, 0x7E, 0x82, 0x00, 0x00, 0x01, 0x92, 0x11, 0x00, 0xFF, 0x89, 0x11, 0x00, 0x10,
    0x82, 0x00, 0x00, 0x92, 0x92, 0x22, 0x00, 0x90, 0xD9, 0x00, 0x00, 0xE7, 0x93, 0x77, 0x03, 0xE0, 0x00, 0x00, 0x08, 0x90,
    0x11, 0x82, 0xFF, 0x00, 0xF1, 0x88, 0x11, 0x03, 0x80, 0x00, 0x00, 0x09, 0x93, 0x22, 0x00, 0x29, 0xD8, 0x00, 0x00, 0x0E,
    0x94, 0x77, 0x00, 0xE0, 0x82, 0x00, 0x8E, 0x11, 0x84, 0xFF, 0x00, 0xF1, 0x88, 0x11, 0x82, 0x00, 0x00, 0x09, 0x94, 0x22,
    0x00, 0x90, 0xD7, 0x00, 0x00, 0xE7, 0x94, 0x77, 0x00, 0x7E, 0x82, 0x00, 0x00, 0x81, 0x8A, 0x11, 0x87, 0xFF, 0x00, 0xF1,
    0x87, 0x11, 0x00, 0x18, 0x82, 0x00, 0x00, 0x92, 0x94, 0x22, 0x00, 0x29, 0xD6, 0x00, 0x00, 0x0E, 0x95, 0x77, 0x00, 0x7E,
    0x82, 0x00, 0x00, 0x81, 0x88, 0x11, 0x01, 0x88, 0x8F, 0x87, 0xFF, 0x00, 0xF1, 0x87, 0x11, 0x00, 0x18, 0x82, 0x00, 0x00,
    0x92, 0x95, 0x22, 0x00, 0x90, 0xD5, 0x00, 0x00, 0xE7, 0x96, 0x77, 0x03, 0xE0, 0x00, 0x00, 0x08, 0x85, 0x11, 0x04, 0x18,
    0x88, 0x00, 0x00, 0x0F, 0x83, 0xFF, 0x06, 0x00, 0x00, 0x0F, 0xFF, 0xF0, 0x88, 0x81, 0x85, 0x11, 0x03, 0x80, 0x00, 0x00,
    0x09, 0x96, 0x22, 0x00, 0x29, 0xD5, 0x00, 0x97, 0x77, 0x03, 0xE0, 0x00, 0x00, 0x08, 0x83, 0x11, 0x01, 0x18, 0x80, 0x83,
    0x00, 0x02, 0x0F, 0xFF, 0xFF, 0x83, 0x00, 0x06, 0x0F, 0xFF, 0xF0, 0x00, 0x00, 0x08, 0x81, 0x83, 0x11, 0x03, 0x80, 0x00,
    0x00, 0x09, 0x97, 0x22, 0xD4, 0x00, 0x00, 0x0E, 0x97, 0x77, 0x00, 0x7E, 0x82, 0x00, 0x82, 0x11, 0x00, 0x88, 0x85, 0x00,
    0x02, 0x0F, 0xFF, 0xF0, 0x83, 0x00, 0x02, 0x0F, 0xFF, 0xF0, 0x83, 0x00, 0x00, 0x88, 0x82, 0x11, 0x82, 0x00, 0x00, 0x92,
    0x97, 0x22, 0x00, 0x90, 0xD3, 0x00, 0x00, 0xE7, 0x98, 0x77, 0x82, 0x00, 0x02, 0x81, 0x18, 0x80, 0x86, 0x00, 0x02, 0x0F,
    0xFF, 0xF0, 0x83, 0x00, 0x02, 0x0F, 0xFF, 0xF0, 0x84, 0x00, 0x02, 0x08, 0x81, 0x18, 0x82, 0x00, 0x98, 0x22, 0x00, 0x29,
    0xD2, 0x00, 0x00, 0x0E, 0x99, 0x77, 0x03, 0xE0, 0x00, 0x00, 0x08, 0x88, 0x00, 0x02, 0x0F, 0xFF, 0xF0, 0x83, 0x00, 0x02,
    0x0F, 0xFF, 0xF0, 0x86, 0x00, 0x03, 0x80, 0x00, 0x00, 0x09, 0x99, 0x22, 0x00, 0x90, 0xD1, 0x00, 0x00, 0x07, 0x99, 0x77,
    0x00, 0x70, 0x8B, 0x00, 0x02, 0x0F, 0xFF, 0xF0, 0x83, 0x00, 0x02, 0x0F, 0xFF, 0xF0, 0x89, 0x00, 0x00, 0x02, 0x99, 0x22,
    0x00, 0x20, 0xD1, 0x00, 0x00, 0xE7, 0x99, 0x77, 0x00, 0x7E, 0x8B, 0x00, 0x02, 0x0F, 0xFF, 0xF0, 0x83, 0x00, 0x02, 0x0F,
    0xFF, 0xF0, 0x89, 0x00, 0x00, 0x92, 0x99, 0x22, 0x00, 0x29, 0xD0, 0x00, 0x00, 0x0E, 0x9A, 0x77, 0x00, 0xEE, 0x8B, 0x00,
    0x02, 0x0F, 0xFF, 0xF0, 0x83, 0x00, 0x02, 0x0F, 0xFF, 0xF0, 0x89, 0x00, 0x00, 0x99, 0x9A, 0x22, 0x00, 0x90, 0xCF, 0x00,
    0x00, 0xE7, 0x99, 0x77, 0x00, 0x7E, 0x8C, 0x00, 0x02, 0x0F, 0xFF, 0xF0, 0x83, 0x00, 0x02, 0x0F, 0xFF, 0xF0, 0x8A, 0x00,
    0x00, 0x92, 0x99, 0x22, 0x00, 0x29, 0xCF, 0x00, 0x00, 0xE7, 0x98, 0x77, 0x00, 0x7E, 0x8D, 0x00, 0x02, 0x0F, 0xFF, 0xF0,
    0x83, 0x00, 0x02, 0x0F, 0xFF, 0xF0, 0x8B, 0x00, 0x00, 0x92, 0x98, 0x22, 0x00, 0x29, 0xCE, 0x00, 0x00, 0x0E, 0x99, 0x77,
    0x00, 0xE0, 0x8D, 0x00, 0x09, 0x0F, 0xFF, 0xF0, 0x00, 0x00, 0x0F, 0xFF, 0x0F, 0xFF, 0xF0, 0x8B, 0x00, 0x00, 0x09, 0x99,
    0x22, 0x00, 0x90, 0xCD, 0x00, 0x00, 0x07, 0x98, 0x77, 0x00, 0xE0, 0x8E, 0x00, 0x04, 0x0F, 0xFF, 0xF0, 0x00, 0x0F, 0x83,
    0xFF, 0x00, 0xF0, 0x8C, 0x00, 0x00, 0x09, 0x98, 0x22, 0x00, 0x20, 0xCD, 0x00, 0x00, 0xE7, 0x97, 0x77, 0x00, 0x7E, 0x8F,
    0x00, 0x04, 0x0F, 0xFF, 0xF0, 0x00, 0x0F, 0x83, 0xFF, 0x00, 0xF0, 0x8D, 0x00, 0x00, 0x92, 0x97, 0x22, 0x00, 0x29, 0xCC,
    0x00, 0x00, 0x0E, 0x97, 0x77, 0x01, 0x7E, 0xE0, 0x8F, 0x00, 0x03, 0x0F, 0xFF, 0xF0, 0x00, 0x84, 0xFF, 0x8E, 0x00, 0x01,
    0x09, 0x92, 0x97, 0x22, 0x00, 0x90, 0xCB, 0x00, 0x00, 0x0E, 0x97, 0x77, 0x00, 0xE0, 0x8E, 0x00, 0x05, 0x0F, 0xFF, 0x0F,
    0xFF, 0xF0, 0x00, 0x83, 0xFF, 0x90, 0x00, 0x00, 0x09, 0x97, 0x22, 0x00, 0x90, 0xCB, 0x00, 0x00, 0xE7, 0x96, 0x77, 0x00,
    0x7E, 0x8E, 0x00, 0x00, 0x0F, 0x83, 0xFF, 0x01, 0xF0, 0x00, 0x83, 0xFF, 0x91, 0x00, 0x00, 0x92, 0x96, 0x22, 0x00, 0x29,
    0xCB, 0x00, 0x97, 0x77, 0x00, 0xE0, 0x8E, 0x00, 0x00, 0x0F, 0x83, 0xFF, 0x05, 0xF0, 0x00, 0x0F, 0xFF, 0xFF, 0xF0, 0x91,
    0x00, 0x00, 0x09, 0x97, 0x22, 0xCA, 0x00, 0x00, 0x0E, 0x96, 0x77, 0x02, 0x7E, 0x0F, 0xF0, 0x8D, 0x00, 0x84, 0xFF, 0x82,
    0x00, 0x01, 0xFF, 0xFF, 0x8E, 0x00, 0x07, 0x0F, 0xF0, 0x00, 0x0F, 0xF0, 0x92, 0x2F, 0xF2, 0x94, 0x22, 0x00, 0x90, 0xC9,
    0x00, 0x00, 0x07, 0x96, 0x77, 0x02, 0xE0, 0xFF, 0xFF, 0x8D, 0x00, 0x83, 0xFF, 0x94, 0x00, 0x07, 0xFF, 0xFF, 0x00, 0xFF,
    0xFF, 0x09, 0xFF, 0xFF, 0x94, 0x22, 0x00, 0x20, 0xC9, 0x00, 0x00, 0xE7, 0x95, 0x77, 0x03, 0x7E, 0x00, 0xFF, 0xFF, 0x8D,
    0x00, 0x83, 0xFF, 0x94, 0x00, 0x07, 0xFF, 0xFF, 0x00, 0xFF, 0xFF, 0x00, 0xFF, 0xFF, 0x94, 0x22, 0x00, 0x29, 0xC9, 0x00,
    0x96, 0x77, 0x03, 0xE0, 0x00, 0xFF, 0xFF, 0x8D, 0x00, 0x03, 0x0F, 0xFF, 0xFF, 0xF0, 0x94, 0x00, 0x07, 0xFF, 0xFF, 0x00,
    0xFF, 0xFF, 0x00, 0xFF, 0xFF, 0x95, 0x22, 0xC8, 0x00, 0x00, 0x0E, 0x94, 0x77, 0x05, 0xFF, 0x7E, 0x00, 0x00, 0xFF, 0xFF,
    0x82, 0x00, 0x00, 0xFF, 0x8A, 0x00, 0x01, 0xFF, 0xFF, 0x94, 0x00, 0x89, 0xFF, 0x94, 0x22, 0x00, 0x90, 0xC7, 0x00, 0x00,
    0x07, 0x93, 0x77, 0x0B, 0x7F, 0xFF, 0xF0, 0x00, 0x00, 0xFF, 0xFF, 0x00, 0x00, 0x0F, 0xFF, 0xF0, 0x9F, 0x00, 0x00, 0x0F,
    0x89, 0xFF, 0x00, 0xF2, 0x93, 0x22, 0x00, 0x20, 0xC7, 0x00, 0x00, 0xE7, 0x93, 0x77, 0x0B, 0x7F, 0xFF, 0xFF, 0x00, 0x00,
    0xFF, 0xFF, 0x00, 0x00, 0xFF, 0xFF, 0xF0, 0x9F, 0x00, 0x00, 0x0F, 0x89, 0xFF, 0x00, 0xF2, 0x93, 0x22, 0x00, 0x29, 0xC7,
    0x00, 0x95, 0x77, 0x09, 0xFF, 0xFF, 0xF0, 0x00, 0xFF, 0xFF, 0x00, 0x0F, 0xFF, 0xFF, 0x9F, 0x00, 0x8D, 0xFF, 0x93, 0x22,
    0xC6, 0x00, 0x00, 0x0E, 0x94, 0x77, 0x0A, 0x7E, 0x0F, 0xFF, 0xFF, 0x00, 0x0F, 0xF0, 0x00, 0xFF, 0xFF, 0xF0, 0x9E, 0x00,
    0x00, 0x0F, 0x82, 0xFF, 0x00, 0xF0, 0x85, 0x00, 0x00, 0x0F, 0x82, 0xFF, 0x00, 0xF2, 0x92, 0x22, 0x00, 0x90, 0xC5, 0x00,
    0x00, 0x0E, 0x94, 0x77, 0x03, 0x7E, 0x00, 0xFF, 0xFF, 0x83, 0x00, 0x01, 0xFF, 0xFF, 0x9F, 0x00, 0x00, 0x0F, 0x82, 0xFF,
    0x00, 0xF0, 0x85, 0x00, 0x00, 0x0F, 0x82, 0xFF, 0x00, 0xF2, 0x92, 0x22, 0x00, 0x90, 0xC5, 0x00, 0x00, 0xE7, 0x94, 0x77,
    0x03, 0xE0, 0x00, 0x0F, 0xF0, 0x83, 0x00, 0x01, 0x0F, 0xF0, 0xA0, 0x00, 0x82, 0xFF, 0x06, 0xF0, 0x00, 0x00, 0xFF, 0x00,
    0x00, 0x0F, 0x83, 0xFF, 0x93, 0x22, 0x00, 0x29, 0xC5, 0x00, 0x00, 0xE7, 0x93, 0x77, 0x00, 0x7E, 0x84, 0x00, 0x01, 0x0F,
    0xFF, 0xA4, 0x00, 0x07, 0x0F, 0xFF, 0xF0, 0x00, 0x0F, 0xFF, 0xF0, 0x00, 0x82, 0xFF, 0x01, 0xF0, 0x92, 0x93, 0x22, 0x00,
    0x29, 0xC5, 0x00, 0x94, 0x77, 0x00, 0x70, 0x83, 0x00, 0x03, 0x0F, 0xFF, 0xFF, 0xF0, 0xA3, 0x00, 0x07, 0x0F, 0xFF, 0xF0,
    0x00, 0x0F, 0xFF, 0xF0, 0x00, 0x82, 0xFF, 0x01, 0xF0, 0x02, 0x94, 0x22, 0xC4, 0x00, 0x00, 0x0E, 0x94, 0x77, 0x82, 0xFF,
    0x02, 0xF0, 0x00, 0x0F, 0x82, 0xFF, 0x01, 0x00, 0x0F, 0x82, 0xFF, 0x9D, 0x00, 0x82, 0xFF, 0x01, 0xF0, 0x00, 0x82, 0xFF,
    0x00, 0x0F, 0x84, 0xFF, 0x94, 0x22, 0x00, 0x90, 0xC3, 0x00, 0x00, 0x0E, 0x93, 0x77, 0x00, 0x7F, 0x83, 0xFF, 0x00, 0x00,
    0x83, 0xFF, 0x00, 0x00, 0x83, 0xFF, 0x00, 0xF0, 0x9B, 0x00, 0x00, 0x0F, 0x82, 0xFF, 0x01, 0xF0, 0x0F, 0x88, 0xFF, 0x00,
    0xF2, 0x93, 0x22, 0x00, 0x90, 0xC3, 0x00, 0x00, 0x07, 0x93, 0x77, 0x00, 0x7F, 0x83, 0xFF, 0x00, 0x00, 0x83, 0xFF, 0x00,
    0x00, 0x83, 0xFF, 0x00, 0xF0, 0x9B, 0x00, 0x00, 0x0F, 0x82, 0xFF, 0x01, 0xF0, 0x0F, 0x84, 0xFF, 0x00, 0x0F, 0x82, 0xFF,
    0x00, 0xF2, 0x93, 0x22, 0x00, 0x20, 0xC3, 0x00, 0x00, 0xE7, 0x93, 0x77, 0x00, 0xE0, 0x82, 0xFF, 0x01, 0xF0, 0x00, 0x83,
    0xFF, 0x01, 0x00, 0x0F, 0x82, 0xFF, 0x9D, 0x00, 0x82, 0xFF, 0x07, 0xF0, 0xFF, 0xFF, 0x00, 0xFF, 0xFF, 0xF0, 0x0F, 0x82,
    0xFF, 0x00, 0x09, 0x93, 0x22, 0x00, 0x29, 0xC3, 0x00, 0x00, 0xE7, 0x92, 0x77, 0x00, 0x7E, 0x85, 0x00, 0x03, 0x0F, 0xFF,
    0xFF, 0xF0, 0xA3, 0x00, 0x00, 0x0F, 0x83, 0xFF, 0x09, 0x00, 0xFF, 0xFF, 0xF0, 0x0F, 0xFF, 0xF0, 0x00, 0x00, 0x92, 0x92,
    0x22, 0x00, 0x29, 0xC3, 0x00, 0x93, 0x77, 0x00, 0x7E, 0x86, 0x00, 0x01, 0xFF, 0xFF, 0xA4, 0x00, 0x00, 0x0F, 0x82, 0xFF,
    0x0A, 0xF0, 0x00, 0xFF, 0xFF, 0x00, 0x0F, 0xFF, 0xF0, 0x00, 0x00, 0x92, 0x93, 0x22, 0xC2, 0x00, 0x00, 0x0E, 0x93, 0x77,
    0x00, 0xE0, 0x83, 0x00, 0x01, 0x0F, 0xF0, 0x83, 0x00, 0x01, 0x0F, 0xF0, 0xA0, 0x00, 0x82, 0xFF, 0x07, 0xF0, 0xFF, 0x00,
    0x00, 0x0F, 0xF0, 0x00, 0x0F, 0x82, 0xFF, 0x01, 0x00, 0x09, 0x93, 0x22, 0x00, 0x90, 0xC1, 0x00, 0x00, 0x0E, 0x93, 0x77,
    0x00, 0xE0, 0x83, 0x00, 0x01, 0xFF, 0xFF, 0x83, 0x00, 0x01, 0xFF, 0xFF, 0x9F, 0x00, 0x00, 0x0F, 0x82, 0xFF, 0x00, 0xF0,
    0x85, 0x00, 0x00, 0x0F, 0x82, 0xFF, 0x01, 0xF0, 0x09, 0x93, 0x22, 0x00, 0x90, 0xC1, 0x00, 0x00, 0x0E, 0x92, 0x77, 0x00,
    0x7E, 0x83, 0x00, 0x09, 0x0F, 0xFF, 0xFF, 0x00, 0x0F, 0xF0, 0x00, 0xFF, 0xFF, 0xF0, 0x9E, 0x00, 0x00, 0x0F, 0x82, 0xFF,
    0x00, 0xF0, 0x85, 0x00, 0x00, 0x0F, 0x82, 0xFF, 0x02, 0xF0, 0x00, 0x92, 0x92, 0x22, 0x00, 0x90, 0xC2, 0x00, 0x01, 0x0E,
    0xE7, 0x90, 0x77, 0x00, 0x7E, 0x83, 0x00, 0x09, 0xFF, 0xFF, 0xF0, 0x00, 0xFF, 0xFF, 0x00, 0x0F, 0xFF, 0xFF, 0x9F, 0x00,
    0x8D, 0xFF, 0x02, 0x00, 0x00, 0x92, 0x90, 0x22, 0x01, 0x29, 0x90, 0xC5, 0x00, 0x01, 0xEE, 0xE7, 0x8E, 0x77, 0x00, 0x70,
    0x82, 0x00, 0x0B, 0x0F, 0xFF, 0xFF, 0x00, 0x00, 0xFF, 0xFF, 0x00, 0x00, 0xFF, 0xFF, 0xF0, 0x9F, 0x00, 0x00, 0x0F, 0x89,
    0xFF, 0x00, 0xF0, 0x82, 0x00, 0x00, 0x02, 0x8E, 0x22, 0x01, 0x29, 0x99, 0xC9, 0x00, 0x00, 0xEE, 0x8D, 0x77, 0x00, 0xE0,
    0x82, 0x00, 0x0B, 0x0F, 0xFF, 0xF0, 0x00, 0x00, 0xFF, 0xFF, 0x00, 0x00, 0x0F, 0xFF, 0xF0, 0x9F, 0x00, 0x00, 0x0F, 0x89,
    0xFF, 0x00, 0xF0, 0x82, 0x00, 0x00, 0x09, 0x8D, 0x22, 0x00, 0x99, 0xCC, 0x00, 0x01, 0x0E, 0xEE, 0x8B, 0x77, 0x84, 0x00,
    0x00, 0xFF, 0x82, 0x00, 0x01, 0xFF, 0xFF, 0x82, 0x00, 0x00, 0xFF, 0xA1, 0x00, 0x89, 0xFF, 0x84, 0x00, 0x8B, 0x22, 0x01,
    0x99, 0x90, 0xCF, 0x00, 0x01, 0x0E, 0xE7, 0x88, 0x77, 0x00, 0x7E, 0x88, 0x00, 0x01, 0xFF, 0xFF, 0xA6, 0x00, 0x07, 0xFF,
    0xFF, 0x00, 0xFF, 0xFF, 0x00, 0xFF, 0xFF, 0x85, 0x00, 0x00, 0x92, 0x88, 0x22, 0x01, 0x29, 0x90, 0xD3, 0x00, 0x01, 0xEE,
    0xE7, 0x86, 0x77, 0x00, 0x7E, 0x88, 0x00, 0x01, 0xFF, 0xFF, 0xA6, 0x00, 0x07, 0xFF, 0xFF, 0x00, 0xFF, 0xFF, 0x00, 0xFF,
    0xFF, 0x85, 0x00, 0x00, 0x92, 0x86, 0x22, 0x01, 0x29, 0x99, 0xD7, 0x00, 0x00, 0xEE, 0x85, 0x77, 0x00, 0x70, 0x88, 0x00,
    0x01, 0xFF, 0xFF, 0xA6, 0x00, 0x07, 0xFF, 0xFF, 0x00, 0xFF, 0xFF, 0x00, 0xFF, 0xFF, 0x85, 0x00, 0x00, 0x02, 0x85, 0x22,
    0x00, 0x99, 0xDA, 0x00, 0x01, 0x0E, 0xEE, 0x83, 0x77, 0x00, 0xE0, 0x88, 0x00, 0x01, 0x0F, 0xF0, 0xA6, 0x00, 0x07, 0x0F,
    0xF0, 0x00, 0x0F, 0xF0, 0x00, 0x0F, 0xF0, 0x85, 0x00, 0x00, 0x09, 0x83, 0x22, 0x01, 0x99, 0x90, 0xDD, 0x00, 0x04, 0x0E,
    0xE7, 0x77, 0x77, 0xE0, 0xBF, 0x00, 0x04, 0x09, 0x22, 0x22, 0x29, 0x90, 0xE1, 0x00, 0x01, 0xEE, 0xE7, 0xC1, 0x00, 0x01,
    0x29, 0x99, 0xD1, 0x00, 0x01, 0xDD, 0xDD, 0xE5, 0x00, 0x01, 0xAA, 0xAA, 0xBF, 0x00, 0x04, 0xD6, 0x66, 0x66, 0xDD, 0xD0,
    0xDF, 0x00, 0x04, 0x0A, 0xAA, 0x33, 0x33, 0x3A, 0xBF, 0x00, 0x84, 0x66, 0x02, 0x6D, 0xDD, 0xD0, 0xD9, 0x00, 0x02, 0x0A,
    0xAA, 0xA3, 0x84, 0x33, 0xBF, 0x00, 0x87, 0x66, 0x02, 0x6D, 0xDD, 0xD0, 0xD3, 0x00, 0x02, 0x0A, 0xAA, 0xA3, 0x87, 0x33,
    0xBF, 0x00, 0x8A, 0x66, 0x01, 0x6D, 0xDD, 0xCF, 0x00, 0x01, 0xAA, 0xA3, 0x8A, 0x33, 0xBE, 0x00, 0x00, 0x0D, 0x8D, 0x66,
    0x01, 0xDD, 0xDD, 0xC9, 0x00, 0x01, 0xAA, 0xAA, 0x8D, 0x33, 0x00, 0xA0, 0xBD, 0x00, 0x00, 0x0D, 0x90, 0x66, 0x01, 0xDD,
    0xDD, 0xC3, 0x00, 0x01, 0xAA, 0xAA, 0x90, 0x33, 0x00, 0xA0, 0xBD, 0x00, 0x00, 0x0D, 0x92, 0x66, 0xC3, 0x00, 0x92, 0x33,
    0x00, 0xA0, 0xBD, 0x00, 0x00, 0x0D, 0x92, 0x66, 0xC3, 0x00, 0x92, 0x33, 0x00, 0xA0, 0xBD, 0x00, 0x00, 0x0D, 0x91, 0x66,
    0x00, 0x6D, 0xC3, 0x00, 0x00, 0xA3, 0x91, 0x33, 0x00, 0xA0, 0xBD, 0x00, 0x00, 0x06, 0x91, 0x66, 0x00, 0x6D, 0xC3, 0x00,
    0x00, 0xA3, 0x91, 0x33, 0x00, 0x30, 0xBD, 0x00, 0x00, 0x06, 0x91, 0x66, 0x00, 0x6D, 0xC3, 0x00, 0x00, 0xA3, 0x91, 0x33,
    0x00, 0x30, 0xBD, 0x00, 0x00, 0x06, 0x91, 0x66, 0x00, 0x6D, 0xC3, 0x00, 0x00, 0xA3, 0x91, 0x33, 0x00, 0x30, 0xBD, 0x00,
    0x00, 0x06, 0x91, 0x66, 0x00, 0x6D, 0xC3, 0x00, 0x00, 0xA3, 0x91, 0x33, 0x00, 0x30, 0xBD, 0x00, 0x00, 0x06, 0x91, 0x66,
    0x00, 0x6D, 0xC3, 0x00, 0x00, 0xA3, 0x91, 0x33, 0x00, 0x30, 0xBD, 0x00, 0x00, 0x06, 0x91, 0x66, 0x00, 0x60, 0xC3, 0x00,
    0x00, 0x03, 0x91, 0x33, 0x00, 0x30, 0xBD, 0x00, 0x00, 0x06, 0x91, 0x66, 0x00, 0x60, 0xC3, 0x00, 0x00, 0x03, 0x91, 0x33,
    0x00, 0x30, 0xBD, 0x00, 0x00, 0x06, 0x91, 0x66, 0x00, 0x60, 0xBA, 0x00, 0x01, 0x0F, 0xF0, 0x86, 0x00, 0x00, 0x03, 0x91,
    0x33, 0x00, 0x30, 0xBD, 0x00, 0x00, 0x06, 0x91, 0x66, 0x00, 0x60, 0xBA, 0x00, 0x01, 0xFF, 0xFF, 0x86, 0x00, 0x00, 0x03,
    0x91, 0x33, 0x00, 0x30, 0xBD, 0x00, 0x00, 0x06, 0x91, 0x66, 0x00, 0x60, 0x82, 0x00, 0x00, 0xFF, 0x83, 0x00, 0x00, 0xFF,
    0xB0, 0x00, 0x83, 0xFF, 0x85, 0x00, 0x00, 0x03, 0x91, 0x33, 0x00, 0x30, 0xBD, 0x00, 0x00, 0x06, 0x91, 0x66, 0x01, 0x60,
    0x00, 0x83, 0xFF, 0x05, 0x0F, 0xF0, 0x0F, 0xFF, 0xFF, 0xF0, 0xAD, 0x00, 0x85, 0xFF, 0x84, 0x00, 0x00, 0x03, 0x91, 0x33,
    0x00, 0x30, 0xBD, 0x00, 0x00, 0x06, 0x91, 0x66, 0x8D, 0xFF, 0xAA, 0x00, 0x00, 0x0F, 0x82, 0xFF, 0x03, 0x0F, 0xFF, 0xFF,
    0xF0, 0x83, 0x00, 0x00, 0x03, 0x91, 0x33, 0x00, 0x30, 0xBD, 0x00, 0x00, 0x06, 0x90, 0x66, 0x00, 0x6F, 0x8D, 0xFF, 0x00,
    0xF0, 0xA9, 0x00, 0x07, 0x0F, 0xFF, 0xFF, 0x00, 0x00, 0xFF, 0xFF, 0xF0, 0x83, 0x00, 0x00, 0x03, 0x91, 0x33, 0x00, 0x30,
    0xBD, 0x00, 0x00, 0x06, 0x90, 0x66, 0x00, 0x6F, 0x82, 0xFF, 0x01, 0x00, 0x00, 0x83, 0xFF, 0x01, 0x00, 0x0F, 0x82, 0xFF,
    0x00, 0xF0, 0xA9, 0x00, 0x07, 0x0F, 0xFF, 0xF0, 0x00, 0x00, 0x0F, 0xFF, 0xF0, 0x83, 0x00, 0x00, 0xA3, 0x91, 0x33, 0x00,
    0x30, 0xBD, 0x00, 0x00, 0x06, 0x90, 0x66, 0x02, 0x6F, 0xFF, 0xF0, 0x83, 0x00, 0x01, 0xFF, 0xFF, 0x83, 0x00, 0x02, 0x0F,
    0xFF, 0xF0, 0xA9, 0x00, 0x07, 0x0F, 0xFF, 0xF0, 0x00, 0x00, 0x0F, 0xFF, 0xF0, 0x83, 0x00, 0x00, 0xA3, 0x91, 0x33, 0x00,
    0x30, 0xBD, 0x00, 0x00, 0x06, 0x90, 0x66, 0x02, 0x6F, 0xFF, 0xF0, 0x83, 0x00, 0x01, 0xFF, 0xFF, 0x83, 0x00, 0x02, 0x0F,
    0xFF, 0xF0, 0xA9, 0x00, 0x07, 0x0F, 0xFF, 0xF0, 0x00, 0x00, 0x0F, 0xFF, 0xF0, 0x83, 0x00, 0x00, 0xA3, 0x91, 0x33, 0x00,
    0x30, 0xBD, 0x00, 0x00, 0x06, 0x90, 0x66, 0x02, 0x6F, 0xFF, 0xF0, 0x83, 0x00, 0x01, 0xFF, 0xFF, 0x83, 0x00, 0x02, 0x0F,
    0xFF, 0xF0, 0xA9, 0x00, 0x07, 0x0F, 0xFF, 0xF0, 0x00, 0x00, 0x0F, 0xFF, 0xF0, 0x83, 0x00, 0x00, 0xA3, 0x91, 0x33, 0x00,
    0x30, 0xBD, 0x00, 0x00, 0x06, 0x90, 0x66, 0x02, 0x6F, 0xFF, 0xF0, 0x83, 0x00, 0x01, 0xFF, 0xFF, 0x83, 0x00, 0x02, 0x0F,
    0xFF, 0xF0, 0xA9, 0x00, 0x07, 0x0F, 0xFF, 0xF0, 0x00, 0x00, 0x0F, 0xFF, 0xF0, 0x83, 0x00, 0x00, 0xA3, 0x91, 0x33, 0x00,
    0x30, 0xBD, 0x00, 0x00, 0x0D, 0x90, 0x66, 0x02, 0x6F, 0xFF, 0xF0, 0x83, 0x00, 0x01, 0xFF, 0xFF, 0x83, 0x00, 0x02, 0x0F,
    0xFF, 0xF0, 0xA9, 0x00, 0x07, 0x0F, 0xFF, 0xF0, 0x00, 0x00, 0x0F, 0xFF, 0xF0, 0x82, 0x00, 0x01, 0x0F, 0xF3, 0x91, 0x33,
    0x00, 0xA0, 0xBD, 0x00, 0x00, 0x0D, 0x90, 0x66, 0x02, 0x6F, 0xFF, 0xF0, 0x83, 0x00, 0x01, 0xFF, 0xFF, 0x83, 0x00, 0x02,
    0x0F, 0xFF, 0xF0, 0xA9, 0x00, 0x07, 0x0F, 0xFF, 0xF0, 0x00, 0x00, 0x0F, 0xFF, 0xF0, 0x82, 0x00, 0x01, 0xFF, 0xFF, 0x91,
    0x33, 0x00, 0xA0, 0xBD, 0x00, 0x00, 0x0D, 0x90, 0x66, 0x02, 0x6F, 0xFF, 0xF0, 0x83, 0x00, 0x01, 0xFF, 0xFF, 0x83, 0x00,
    0x02, 0x0F, 0xFF, 0xF0, 0xA9, 0x00, 0x07, 0x0F, 0xFF, 0xF0, 0x00, 0x00, 0x0F, 0xFF, 0xF0, 0x82, 0x00, 0x01, 0xFF, 0xFF,
    0x91, 0x33, 0x00, 0xA0, 0xBD, 0x00, 0x00, 0x0D, 0x90, 0x66, 0x02, 0x6F, 0xFF, 0xF0, 0x83, 0x00, 0x01, 0xFF, 0xFF, 0x83,
    0x00, 0x02, 0x0F, 0xFF, 0xF0, 0xA9, 0x00, 0x07, 0x0F, 0xFF, 0xF0, 0x00, 0x00, 0x0F, 0xFF, 0xF0, 0x82, 0x00, 0x01, 0xFF,
    0xFF, 0x91, 0x33, 0x00, 0xA0, 0xBD, 0x00, 0x00, 0x0D, 0x90, 0x66, 0x02, 0x6F, 0xFF, 0xF0, 0x83, 0x00, 0x01, 0xFF, 0xFF,
    0x83, 0x00, 0x02, 0x0F, 0xFF, 0xF0, 0xA9, 0x00, 0x07, 0x0F, 0xFF, 0xF0, 0x00, 0x00, 0x0F, 0xFF, 0xF0, 0x82, 0x00, 0x01,
    0xFF, 0xFF, 0x91, 0x33, 0x00, 0xA0, 0xBE, 0x00, 0x90, 0x66, 0x02, 0x6F, 0xFF, 0xF0, 0x83, 0x00, 0x01, 0xFF, 0xFF, 0x83,
    0x00, 0x02, 0x0F, 0xFF, 0xF0, 0xA8, 0x00, 0x0D, 0x0F, 0xFF, 0xFF, 0xF0, 0x00, 0x00, 0x0F, 0xFF, 0xF0, 0x00, 0x0F, 0xF0,
    0xFF, 0xFF, 0x91, 0x33, 0xBF, 0x00, 0x90, 0x66, 0x02, 0x6F, 0xFF, 0xF0, 0x83, 0x00, 0x01, 0xFF, 0xFF, 0x83, 0x00, 0x02,
    0x0F, 0xFF, 0xF0, 0xA8, 0x00, 0x82, 0xFF, 0x06, 0xF0, 0x00, 0x00, 0x0F, 0xFF, 0xF0, 0x00, 0x83, 0xFF, 0x91, 0x33, 0xBF,
    0x00, 0x90, 0x66, 0x02, 0x6F, 0xFF, 0xF0, 0x83, 0x00, 0x01, 0xFF, 0xFF, 0x83, 0x00, 0x02, 0x0F, 0xFF, 0xF0, 0xA8, 0x00,
    0x83, 0xFF, 0x05, 0x00, 0x00, 0x0F, 0xFF, 0xF0, 0x00, 0x83, 0xFF, 0x91, 0x33, 0xBF, 0x00, 0x00, 0xD6, 0x8F, 0x66, 0x02,
    0x6F, 0xFF, 0xFD, 0x83, 0x00, 0x01, 0xFF, 0xFF, 0x83, 0x00, 0x02, 0x0F, 0xFF, 0xF0, 0xA8, 0x00, 0x83, 0xFF, 0x05, 0xF0,
    0x0F, 0xFF, 0xFF, 0xF0, 0x00, 0x83, 0xFF, 0x90, 0x33, 0x00, 0x3A, 0xBF, 0x00, 0x00, 0xD6, 0x8F, 0x66, 0x0F, 0x6F, 0xFF,
    0xFD, 0x00, 0x00, 0xFF, 0x00, 0xFF, 0xFF, 0x00, 0xFF, 0x00, 0x00, 0x0F, 0xFF, 0xF0, 0xA8, 0x00, 0x87, 0xFF, 0x00, 0x00,
    0x84, 0xFF, 0x90, 0x33, 0x00, 0x3A, 0xBF, 0x00, 0x00, 0xD6, 0x8F, 0x66, 0x09, 0x6F, 0xFF, 0xF6, 0x0F, 0xFF, 0xFF, 0xF0,
    0xFF, 0xFF, 0x0F, 0x82, 0xFF, 0x02, 0x0F, 0xFF, 0xF0, 0xA8, 0x00, 0x00, 0x0F, 0x85, 0xFF, 0x01, 0x00, 0x0F, 0x84, 0xFF,
    0x90, 0x33, 0x00, 0x3A, 0xBF, 0x00, 0x00, 0x06, 0x8F, 0x66, 0x00, 0x6F, 0x8D, 0xFF, 0x00, 0xF0, 0xA9, 0x00, 0x85, 0xFF,
    0x01, 0xF0, 0x0F, 0x84, 0xFF, 0x90, 0x33, 0x00, 0x30, 0xBF, 0x00, 0x00, 0x06, 0x8F, 0x66, 0x00, 0x6F, 0x8D, 0xFF, 0x00,
    0xF0, 0xA9, 0x00, 0x00, 0x0F, 0x85, 0xFF, 0x00, 0x0F, 0x84, 0xFF, 0x90, 0x33, 0x00, 0x30, 0xBF, 0x00, 0x00, 0x0D, 0x8F,
    0x66, 0x00, 0x6F, 0x82, 0xFF, 0x01, 0xF0, 0x00, 0x83, 0xFF, 0x01, 0x00, 0x00, 0x82, 0xFF, 0x00, 0xF0, 0xAA, 0x00, 0x00,
    0x0F, 0x84, 0xFF, 0x00, 0x0F, 0x84, 0xFF, 0x90, 0x33, 0x00, 0xA0, 0xBF, 0x00, 0x00, 0x0D, 0x90, 0x66, 0x02, 0xFF, 0xF6,
    0x6D, 0x82, 0x00, 0x01, 0xFF, 0xFF, 0x84, 0x00, 0x00, 0xFF, 0xAC, 0x00, 0x83, 0xFF, 0x01, 0xF0, 0x0F, 0x84, 0xFF, 0x90,
    0x33, 0x00, 0xA0, 0xBF, 0x00, 0x00, 0x0D, 0x92, 0x66, 0x00, 0x6D, 0x82, 0x00, 0x01, 0xFF, 0xFF, 0xB1, 0x00, 0x00, 0x0F,
    0x83, 0xFF, 0x01, 0xF0, 0x0F, 0x84, 0xFF, 0x90, 0x33, 0x00, 0xA0, 0xC0, 0x00, 0x93, 0x66, 0x82, 0x00, 0x01, 0x0F, 0xF0,
    0xB1, 0x00, 0x85, 0xFF, 0x00, 0x0F, 0x84, 0xFF, 0x90, 0x33, 0xC1, 0x00, 0x00, 0xD6, 0x92, 0x66, 0x00, 0xD0, 0xB5, 0x00,
    0x85, 0xFF, 0x05, 0x00, 0xFF, 0x0F, 0xF3, 0x3F, 0xF3, 0x8F, 0x33, 0x00, 0x3A, 0xC1, 0x00, 0x00, 0xD6, 0x92, 0x66, 0x00,
    0x60, 0xB5, 0x00, 0x00, 0x0F, 0x83, 0xFF, 0x03, 0xF0, 0x00, 0x00, 0x03, 0x92, 0x33, 0x00, 0x3A, 0xC1, 0x00, 0x00, 0xD6,
    0x92, 0x66, 0x00, 0x6D, 0xBD, 0x00, 0x00, 0xA3, 0x92, 0x33, 0x00, 0x3A, 0xC1, 0x00, 0x00, 0x06, 0x92, 0x66, 0x00, 0x6D,
    0xBD, 0x00, 0x00, 0xA3, 0x92, 0x33, 0x00, 0x30, 0xC1, 0x00, 0x00, 0x0D, 0x93, 0x66, 0x00, 0xD0, 0xBB, 0x00, 0x00, 0x0A,
    0x93, 0x33, 0x00, 0xA0, 0xC1, 0x00, 0x00, 0x0D, 0x93, 0x66, 0x00, 0xD0, 0xBB, 0x00, 0x00, 0x0A, 0x93, 0x33, 0x00, 0xA0,
    0xC2, 0x00, 0x93, 0x66, 0x00, 0x6D, 0xBB, 0x00, 0x00, 0xA3, 0x93, 0x33, 0xC3, 0x00, 0x00, 0xD6, 0x92, 0x66, 0x00, 0x6D,
    0xBB, 0x00, 0x00, 0xA3, 0x92, 0x33, 0x00, 0x3A, 0xC3, 0x00, 0x00, 0xD6, 0x93, 0x66, 0x00, 0xD0, 0xB9, 0x00, 0x00, 0x0A,
    0x93, 0x33, 0x00, 0x3A, 0xC3, 0x00, 0x00, 0x06, 0x93, 0x66, 0x00, 0x60, 0xB9, 0x00, 0x00, 0x03, 0x93, 0x33, 0x00, 0x30,
    0xC3, 0x00, 0x00, 0x0D, 0x93, 0x66, 0x00, 0x6D, 0xB9, 0x00, 0x00, 0xA3, 0x93, 0x33, 0x00, 0xA0, 0xC3, 0x00, 0x00, 0x0D,
    0x94, 0x66, 0x00, 0xD0, 0xB7, 0x00, 0x00, 0x0A, 0x94, 0x33, 0x00, 0xA0, 0xC4, 0x00, 0x94, 0x66, 0x00, 0x60, 0x87, 0x00,
    0x00, 0x0F, 0x8C, 0xFF, 0x00, 0xF0, 0xA0, 0x00, 0x00, 0x03, 0x94, 0x33, 0xC5, 0x00, 0x00, 0xD6, 0x93, 0x66, 0x00, 0x6D,
    0x87, 0x00, 0x8E, 0xFF, 0xA0, 0x00, 0x00, 0xA3, 0x93, 0x33, 0x00, 0x3A, 0xC5, 0x00, 0x00, 0xD6, 0x94, 0x66, 0x87, 0x00,
    0x8E, 0xFF, 0x89, 0x00, 0x00, 0x0F, 0x8A, 0xFF, 0x02, 0x00, 0x0F, 0xF0, 0x87, 0x00, 0x94, 0x33, 0x00, 0x3A, 0xC5, 0x00,
    0x00, 0x0D, 0x93, 0x66, 0x00, 0x6D, 0x87, 0x00, 0x8E, 0xFF, 0x89, 0x00, 0x8B, 0xFF, 0x02, 0xF0, 0xFF, 0xFF, 0x87, 0x00,
    0x00, 0xA3, 0x93, 0x33, 0x00, 0xA0, 0xC5, 0x00, 0x00, 0x0D, 0x92, 0x66, 0x00, 0x6D, 0x88, 0x00, 0x01, 0xFF, 0xFF, 0x8A,
    0x00, 0x01, 0xFF, 0xFF, 0x89, 0x00, 0x8E, 0xFF, 0x88, 0x00, 0x00, 0xA3, 0x92, 0x33, 0x00, 0xA0, 0xC6, 0x00, 0x92, 0x66,
    0x00, 0xD0, 0x88, 0x00, 0x01, 0xFF, 0xFF, 0x86, 0x00, 0x05, 0x0F, 0xFF, 0xF0, 0x00, 0xFF, 0xFF, 0x89, 0x00, 0x8E, 0xFF,
    0x88, 0x00, 0x00, 0x0A, 0x92, 0x33, 0xC7, 0x00, 0x00, 0xD6, 0x90, 0x66, 0x00, 0xDD, 0x89, 0x00, 0x01, 0xFF, 0xFF, 0x86,
    0x00, 0x05, 0x0F, 0xFF, 0xF0, 0x00, 0xFF, 0xFF, 0x89, 0x00, 0x01, 0xFF, 0xFF, 0x82, 0x00, 0x00, 0xFF, 0x83, 0x00, 0x00,
    0x0F, 0x83, 0xFF, 0x89, 0x00, 0x00, 0xAA, 0x90, 0x33, 0x00, 0x3A, 0xC7, 0x00, 0x00, 0x06, 0x8F, 0x66, 0x00, 0x6D, 0x83,
    0x00, 0x01, 0x0C, 0xC0, 0x84, 0x00, 0x01, 0xFF, 0xFF, 0x86, 0x00, 0x05, 0x0F, 0xFF, 0xFF, 0x00, 0xFF, 0xFF, 0x89, 0x00,
    0x06, 0xFF, 0xFF, 0x00, 0x00, 0x0F, 0xFF, 0xF0, 0x82, 0x00, 0x00, 0x0F, 0x83, 0xFF, 0x84, 0x00, 0x01, 0x0B, 0xB0, 0x83,
    0x00, 0x00, 0xA3, 0x8F, 0x33, 0x00, 0x30, 0xC7, 0x00, 0x00, 0x0D, 0x8F, 0x66, 0x00, 0xD0, 0x83, 0x00, 0x01, 0xC5, 0x5C,
    0x84, 0x00, 0x01, 0xFF, 0xFF, 0x86, 0x00, 0x05, 0x0F, 0xFF, 0xF0, 0x00, 0xFF, 0xFF, 0x89, 0x00, 0x0A, 0xFF, 0xFF, 0x00,
    0x00, 0x0F, 0xFF, 0xFF, 0xF0, 0x00, 0x00, 0x0F, 0x83, 0xFF, 0x84, 0x00, 0x01, 0xB4, 0x4B, 0x83, 0x00, 0x00, 0x0A, 0x8F,
    0x33, 0x00, 0xA0, 0xC8, 0x00, 0x8E, 0x66, 0x00, 0xDD, 0x83, 0x00, 0x03, 0x0C, 0x55, 0x55, 0xC0, 0x83, 0x00, 0x01, 0xFF,
    0xFF, 0x86, 0x00, 0x05, 0x0F, 0xFF, 0xF0, 0x00, 0xFF, 0xFF, 0x89, 0x00, 0x04, 0xFF, 0xFF, 0x00, 0x00, 0x0F, 0x82, 0xFF,
    0x06, 0x00, 0x00, 0x0F, 0xFF, 0xF0, 0xFF, 0xFF, 0x83, 0x00, 0x03, 0x0B, 0x44, 0x44, 0xB0, 0x83, 0x00, 0x00, 0xAA, 0x8E,
    0x33, 0xC9, 0x00, 0x00, 0xD6, 0x8C, 0x66, 0x00, 0x6D, 0x83, 0x00, 0x00, 0x0C, 0x82, 0x55, 0x00, 0x5C, 0x83, 0x00, 0x01,
    0xFF, 0xFF, 0x86, 0x00, 0x05, 0x0F, 0xFF, 0xF0, 0x00, 0xFF, 0xFF, 0x89, 0x00, 0x04, 0xFF, 0xFF, 0x00, 0x00, 0x0F, 0x83,
    0xFF, 0x05, 0x00, 0x0F, 0xFF, 0xF0, 0xFF, 0xFF, 0x83, 0x00, 0x00, 0xB4, 0x82, 0x44, 0x00, 0xB0, 0x83, 0x00, 0x00, 0xA3,
    0x8C, 0x33, 0x00, 0x3A, 0xC9, 0x00, 0x00, 0x06, 0x8C, 0x66, 0x00, 0xD0, 0x83, 0x00, 0x00, 0xC5, 0x83, 0x55, 0x00, 0xC0,
    0x82, 0x00, 0x01, 0xFF, 0xFF, 0x82, 0x00, 0x00, 0xFF, 0x82, 0x00, 0x82, 0xFF, 0x02, 0x00, 0xFF, 0xFF, 0x89, 0x00, 0x04,
    0xFF, 0xFF, 0x00, 0x00, 0x0F, 0x84, 0xFF, 0x04, 0x0F, 0xFF, 0xF0, 0xFF, 0xFF, 0x82, 0x00, 0x00, 0x0B, 0x83, 0x44, 0x00,
    0x4B, 0x83, 0x00, 0x00, 0x0A, 0x8C, 0x33, 0x00, 0x30, 0xC9, 0x00, 0x00, 0x0D, 0x8B, 0x66, 0x00, 0xD0, 0x83, 0x00, 0x00,
    0x0C, 0x84, 0x55, 0x00, 0x5C, 0x82, 0x00, 0x08, 0xFF, 0xFF, 0x00, 0x00, 0x0F, 0xFF, 0xF0, 0x00, 0x0F, 0x82, 0xFF, 0x02,
    0x00, 0xFF, 0xFF, 0x89, 0x00, 0x07, 0xFF, 0xFF, 0x00, 0x00, 0x0F, 0xFF, 0xF0, 0x0F, 0x83, 0xFF, 0x02, 0xF0, 0xFF, 0xFF,
    0x82, 0x00, 0x00, 0xB4, 0x84, 0x44, 0x00, 0xB0, 0x83, 0x00, 0x00, 0x0A, 0x8B, 0x33, 0x00, 0xA0, 0xCA, 0x00, 0x8A, 0x66,
    0x00, 0x6D, 0x84, 0x00, 0x00, 0xC5, 0x85, 0x55, 0x06, 0xC0, 0x00, 0x00, 0xFF, 0xFF, 0x00, 0x00, 0x82, 0xFF, 0x00, 0x00,
    0x83, 0xFF, 0x02, 0xF0, 0xFF, 0xFF, 0x89, 0x00, 0x07, 0xFF, 0xFF, 0x00, 0x00, 0x0F, 0xFF, 0xF0, 0x0F, 0x83, 0xFF, 0x05,
    0xF0, 0xFF, 0xFF, 0x00, 0x00, 0x0B, 0x85, 0x44, 0x00, 0x4B, 0x84, 0x00, 0x00, 0xA3, 0x8A, 0x33, 0xCB, 0x00, 0x00, 0xD6,
    0x88, 0x66, 0x01, 0x6D, 0xD0, 0x83, 0x00, 0x00, 0x0C, 0x86, 0x55, 0x06, 0x5C, 0x00, 0x00, 0xFF, 0xFF, 0x00, 0x0F, 0x85,
    0xFF, 0x04, 0x00, 0xFF, 0xF0, 0xFF, 0xFF, 0x89, 0x00, 0x04, 0xFF, 0xFF, 0x00, 0x00, 0x0F, 0x84, 0xFF, 0x07, 0x0F, 0xFF,
    0xF0, 0xFF, 0xFF, 0x00, 0x00, 0xB4, 0x86, 0x44, 0x00, 0xB0, 0x83, 0x00, 0x01, 0x0A, 0xA3, 0x88, 0x33, 0x00, 0x3A, 0xCB,
    0x00, 0x00, 0x0D, 0x88, 0x66, 0x00, 0xD0, 0x84, 0x00, 0x00, 0xC5, 0x87, 0x55, 0x05, 0xC0, 0x00, 0xFF, 0xFF, 0x00, 0x0F,
    0x84, 0xFF, 0x01, 0xF0, 0x00, 0x83, 0xFF, 0x89, 0x00, 0x04, 0xFF, 0xFF, 0x00, 0x00, 0x0F, 0x83, 0xFF, 0x07, 0x00, 0x0F,
    0xFF, 0xF0, 0xFF, 0xFF, 0x00, 0x0B, 0x87, 0x44, 0x00, 0x4B, 0x84, 0x00, 0x00, 0x0A, 0x88, 0x33, 0x00, 0xA0, 0xCB, 0x00,
    0x00, 0x0D, 0x87, 0x66, 0x00, 0x6D, 0x84, 0x00, 0x00, 0xCC, 0x88, 0x55, 0x07, 0x5C, 0xC0, 0xFF, 0xFF, 0x00, 0xFF, 0xFF,
    0xF0, 0x82, 0xFF, 0x02, 0xF0, 0x00, 0x0F, 0x82, 0xFF, 0x89, 0x00, 0x04, 0xFF, 0xFF, 0x00, 0x00, 0x0F, 0x82, 0xFF, 0x08,
    0xF0, 0x00, 0x0F, 0xFF, 0xF0, 0xFF, 0xFF, 0x0B, 0xB4, 0x88, 0x44, 0x00, 0xBB, 0x84, 0x00, 0x00, 0xA3, 0x87, 0x33, 0x00,
    0xA0, 0xCC, 0x00, 0x00, 0xD6, 0x85, 0x66, 0x01, 0x6D, 0xD0, 0x83, 0x00, 0x00, 0x0C, 0x8A, 0x55, 0x0C, 0x5C, 0xFF, 0xFF,
    0x0F, 0xFF, 0xFF, 0x00, 0x00, 0xFF, 0xFF, 0x00, 0x00, 0x0F, 0x82, 0xFF, 0x89, 0x00, 0x0F, 0xFF, 0xFF, 0x00, 0x00, 0x0F,
    0xFF, 0xFF, 0xF0, 0x00, 0x00, 0x0F, 0xFF, 0xF0, 0xFF, 0xFF, 0xB4, 0x8A, 0x44, 0x00, 0xB0, 0x83, 0x00, 0x01, 0x0A, 0xA3,
    0x85, 0x33, 0x00, 0x3A, 0xCD, 0x00, 0x00, 0x06, 0x85, 0x66, 0x00, 0xD0, 0x84, 0x00, 0x00, 0xC5, 0x8B, 0x55, 0x83, 0xFF,
    0x04, 0xF0, 0x00, 0x00, 0x0F, 0xF0, 0x82, 0x00, 0x82, 0xFF, 0x89, 0x00, 0x06, 0xFF, 0xFF, 0x00, 0x00, 0x0F, 0xFF, 0xFF,
    0x82, 0x00, 0x00, 0x0F, 0x83, 0xFF, 0x8B, 0x44, 0x00, 0x4B, 0x84, 0x00, 0x00, 0x0A, 0x85, 0x33, 0x00, 0x30, 0xCD, 0x00,
    0x00, 0x0D, 0x84, 0x66, 0x00, 0x6D, 0x84, 0x00, 0x00, 0x0C, 0x8C, 0x55, 0x83, 0xFF, 0x87, 0x00, 0x82, 0xFF, 0x89, 0x00,
    0x01, 0xFF, 0xFF, 0x82, 0x00, 0x00, 0xFF, 0x83, 0x00, 0x00, 0x0F, 0x83, 0xFF, 0x8C, 0x44, 0x00, 0xB0, 0x84, 0x00, 0x00,
    0xA3, 0x84, 0x33, 0x00, 0xA0, 0xCE, 0x00, 0x00, 0xD6, 0x82, 0x66, 0x00, 0x6D, 0x85, 0x00, 0x00, 0xC5, 0x8C, 0x55, 0x82,
    0xFF, 0x00, 0xF0, 0x87, 0x00, 0x82, 0xFF, 0x89, 0x00, 0x8E, 0xFF, 0x8C, 0x44, 0x00, 0x4B, 0x85, 0x00, 0x00, 0xA3, 0x82,
    0x33, 0x00, 0x3A, 0xCF, 0x00, 0x00, 0xD6, 0x82, 0x66, 0x00, 0xD0, 0x84, 0x00, 0x00, 0x0C, 0x8D, 0x55, 0x82, 0xFF, 0x88,
    0x00, 0x02, 0x0F, 0xFF, 0xFF, 0x89, 0x00, 0x8E, 0xFF, 0x8D, 0x44, 0x00, 0xB0, 0x84, 0x00, 0x00, 0x0A, 0x82, 0x33, 0x00,
    0x3A, 0xCF, 0x00, 0x03, 0x0D, 0x66, 0x66, 0xDD, 0x85, 0x00, 0x00, 0xC5, 0x8D, 0x55, 0x8E, 0xFF, 0x89, 0x00, 0x8B, 0xFF,
    0x02, 0xF4, 0xFF, 0xFF, 0x8D, 0x44, 0x00, 0x4B, 0x85, 0x00, 0x03, 0xAA, 0x33, 0x33, 0xA0, 0xD0, 0x00, 0x01, 0xD6, 0x6D,
    0x85, 0x00, 0x00, 0xCC, 0x8E, 0x55, 0x8E, 0xFF, 0x89, 0x00, 0x00, 0x0F, 0x8A, 0xFF, 0x02, 0x44, 0x4F, 0xF4, 0x8E, 0x44,
    0x00, 0xBB, 0x85, 0x00, 0x01, 0xA3, 0x3A, 0xD1, 0x00, 0x01, 0x0D, 0xD0, 0x84, 0x00, 0x00, 0x0C, 0x8F, 0x55, 0x8E, 0xFF,
    0x92, 0x00, 0x00, 0xBB, 0x94, 0x44, 0x00, 0xB0, 0x84, 0x00, 0x01, 0x0A, 0xA0, 0xD8, 0x00, 0x00, 0xC5, 0x8F, 0x55, 0x00,
    0x5F, 0x8C, 0xFF, 0x00, 0xF0, 0x91, 0x00, 0x00, 0xB4, 0x95, 0x44, 0x00, 0x4B, 0xDE, 0x00, 0x00, 0x0C, 0x97, 0x55, 0x01,
    0x5C, 0xC0, 0x95, 0x00, 0x01, 0x0B, 0xB4, 0x97, 0x44, 0x00, 0xB0, 0xDD, 0x00, 0x00, 0xC5, 0x99, 0x55, 0x00, 0xCC, 0x93,
    0x00, 0x00, 0xBB, 0x99, 0x44, 0x00, 0x4B, 0xDC, 0x00, 0x00, 0x0C, 0x9B, 0x55, 0x01, 0x5C, 0xC0, 0x8F, 0x00, 0x01, 0x0B,
    0xB4, 0x9B, 0x44, 0x00, 0xB0, 0xDB, 0x00, 0x00, 0xC5, 0x9D, 0x55, 0x01, 0x5C, 0xCC, 0x8B, 0x00, 0x01, 0xBB, 0xB4, 0x9D,
    0x44, 0x00, 0x4B, 0xDA, 0x00, 0x00, 0xC5, 0xA1, 0x55, 0x82, 0xCC, 0x83, 0x00, 0x82, 0xBB, 0xA1, 0x44, 0x00, 0x4B, 0xD8,
    0x00, 0x00, 0x0C, 0xA5, 0x55, 0x03, 0xC0, 0x00, 0x00, 0x0B, 0xA5, 0x44, 0x00, 0xB0, 0xD7, 0x00, 0x00, 0x0C, 0xA5, 0x55,
    0x03, 0xC0, 0x00, 0x00, 0x0B, 0xA5, 0x44, 0x00, 0xB0, 0xD8, 0x00, 0x00, 0xC5, 0xA4, 0x55, 0x03, 0xC0, 0x00, 0x00, 0x0B,
    0xA4, 0x44, 0x00, 0x4B, 0xD9, 0x00, 0x00, 0x0C, 0xA4, 0x55, 0x03, 0xC0, 0x00, 0x00, 0x0B, 0xA4, 0x44, 0x00, 0xB0, 0xDA,
    0x00, 0xA4, 0x55, 0x03, 0xC0, 0x00, 0x00, 0x0B, 0xA4, 0x44, 0xDB, 0x00, 0x00, 0xC5, 0xA3, 0x55, 0x83, 0x00, 0xA3, 0x44,
    0x00, 0x4B, 0xDB, 0x00, 0x00, 0x0C, 0xA3, 0x55, 0x83, 0x00, 0xA3, 0x44, 0x00, 0xB0, 0xDC, 0x00, 0x00, 0xC5, 0xA2, 0x55,
    0x83, 0x00, 0xA2, 0x44, 0x00, 0x4B, 0xDD, 0x00, 0x00, 0x0C, 0xA2, 0x55, 0x83, 0x00, 0xA2, 0x44, 0x00, 0xB0, 0xDE, 0x00,
    0x00, 0x0C, 0xA1, 0x55, 0x83, 0x00, 0xA1, 0x44, 0x00, 0xB0, 0xE0, 0x00, 0x00, 0xC5, 0xA0, 0x55, 0x83, 0x00, 0xA0, 0x44,
    0x00, 0x4B, 0xE1, 0x00, 0x00, 0x0C, 0xA0, 0x55, 0x83, 0x00, 0xA0, 0x44, 0x00, 0xB0, 0xE2, 0x00, 0x00, 0xC5, 0x9F, 0x55,
    0x83, 0x00, 0x9F, 0x44, 0x00, 0x4B, 0xE3, 0x00, 0x00, 0x0C, 0x9F, 0x55, 0x83, 0x00, 0x9F, 0x44, 0x00, 0xB0, 0xE4, 0x00,
    0x00, 0xC5, 0x9D, 0x55, 0x00, 0x5C, 0x83, 0x00, 0x00, 0xB4, 0x9D, 0x44, 0x00, 0x4B, 0xE6, 0x00, 0x00, 0xC5, 0x9C, 0x55,
    0x00, 0x5C, 0x83, 0x00, 0x00, 0xB4, 0x9C, 0x44, 0x00, 0x4B, 0xE7, 0x00, 0x00, 0x0C, 0x9C, 0x55, 0x00, 0x5C, 0x83, 0x00,
    0x00, 0xB4, 0x9C, 0x44, 0x00, 0xB0, 0xE8, 0x00, 0x00, 0xC5, 0x9B, 0x55, 0x00, 0x5C, 0x83, 0x00, 0x00, 0xB4, 0x9B, 0x44,
    0x00, 0x4B, 0xEA, 0x00, 0x00, 0xC5, 0x9A, 0x55, 0x00, 0x5C, 0x83, 0x00, 0x00, 0xB4, 0x9A, 0x44, 0x00, 0x4B, 0xEB, 0x00,
    0x00, 0x0C, 0x9A, 0x55, 0x00, 0x5C, 0x83, 0x00, 0x00, 0xB4, 0x9A, 0x44, 0x00, 0xB0, 0xEC, 0x00, 0x00, 0xCC, 0x99, 0x55,
    0x00, 0x5C, 0x83, 0x00, 0x00, 0xB4, 0x99, 0x44, 0x00, 0xBB, 0xEE, 0x00, 0x00, 0xC5, 0x98, 0x55, 0x00, 0x5C, 0x83, 0x00,
    0x00, 0xB4, 0x98, 0x44, 0x00, 0x4B, 0xF0, 0x00, 0x00, 0xC5, 0x97, 0x55, 0x00, 0x5C, 0x83, 0x00, 0x00, 0xB4, 0x97, 0x44,
    0x00, 0x4B, 0xF1, 0x00, 0x01, 0x0C, 0xC5, 0x96, 0x55, 0x00, 0x5C, 0x83, 0x00, 0x00, 0xB4, 0x96, 0x44, 0x01, 0x4B, 0xB0,
    0xF2, 0x00, 0x00, 0x0C, 0x96, 0x55, 0x00, 0x50, 0x83, 0x00, 0x00, 0x04, 0x96, 0x44, 0x00, 0xB0, 0xF4, 0x00, 0x00, 0x0C,
    0x95, 0x55, 0x00, 0x50, 0x83, 0x00, 0x00, 0x04, 0x95, 0x44, 0x00, 0xB0, 0xF6, 0x00, 0x00, 0x0C, 0x94, 0x55, 0x00, 0x50,
    0x83, 0x00, 0x00, 0x04, 0x94, 0x44, 0x00, 0xB0, 0xF8, 0x00, 0x00, 0x0C, 0x93, 0x55, 0x00, 0x50, 0x83, 0x00, 0x00, 0x04,
    0x93, 0x44, 0x00, 0xB0, 0xFA, 0x00, 0x00, 0x0C, 0x92, 0x55, 0x00, 0x50, 0x83, 0x00, 0x00, 0x04, 0x92, 0x44, 0x00, 0xB0,
    0xFC, 0x00, 0x01, 0x0C, 0xC5, 0x90, 0x55, 0x00, 0x50, 0x83, 0x00, 0x00, 0x04, 0x90, 0x44, 0x01, 0x4B, 0xB0, 0xFE, 0x00,
    0x01, 0x0C, 0xC5, 0x8F, 0x55, 0x00, 0x50, 0x83, 0x00, 0x00, 0x04, 0x8F, 0x44, 0x01, 0x4B, 0xB0, 0xFF, 0x00, 0x02, 0x00,
    0x00, 0xCC, 0x8E, 0x55, 0x00, 0x50, 0x83, 0x00, 0x00, 0x04, 0x8E, 0x44, 0x00, 0xBB, 0xFF, 0x00, 0x84, 0x00, 0x01, 0x0C,
    0xC5, 0x8C, 0x55, 0x00, 0x50, 0x83, 0x00, 0x00, 0x04, 0x8C, 0x44, 0x01, 0x4B, 0xB0, 0xFF, 0x00, 0x87, 0x00, 0x00, 0xCC,
    0x8B, 0x55, 0x00, 0xC0, 0x83, 0x00, 0x00, 0x0B, 0x8B, 0x44, 0x00, 0xBB, 0xFF, 0x00, 0x8A, 0x00, 0x01, 0x0C, 0xCC, 0x89,
    0x55, 0x00, 0xC0, 0x83, 0x00, 0x00, 0x0B, 0x89, 0x44, 0x01, 0xBB, 0xB0, 0xFF, 0x00, 0x8D, 0x00, 0x01, 0x0C, 0xCC, 0x87,
    0x55, 0x00, 0xC0, 0x83, 0x00, 0x00, 0x0B, 0x87, 0x44, 0x01, 0xBB, 0xB0, 0xFF, 0x00, 0x92, 0x00, 0x01, 0xCC, 0xC5, 0x84,
    0x55, 0x00, 0xC0, 0x83, 0x00, 0x00, 0x0B, 0x84, 0x44, 0x01, 0x4B, 0xBB, 0xFF, 0x00, 0x98, 0x00, 0x04, 0xCC, 0xCC, 0xC5,
    0x55, 0xC0, 0x83, 0x00, 0x04, 0x0B, 0x44, 0x4B, 0xBB, 0xBB, 0xFF, 0x00, 0xFF, 0x00, 0xFF, 0x00, 0xFF, 0x00, 0xFF, 0x00,
    0xFF, 0x00, 0xFF, 0x00, 0xFF, 0x00, 0xFF, 0x00, 0xFF, 0x00, 0xFF, 0x00, 0xFF, 0x00, 0xFF, 0x00, 0xFF, 0x00, 0xFF, 0x00,
    0xFF, 0x00, 0xFF, 0x00, 0xFF, 0x00, 0xFF, 0x00, 0xFF, 0x00, 0xFF, 0x00, 0xFF, 0x00, 0xFF, 0x00, 0xFF, 0x00, 0xFF, 0x00,
    0xFF, 0x00, 0xFF, 0x00, 0xFF, 0x00, 0xFF, 0x00, 0xFF, 0x00, 0xFF, 0x00, 0xFF, 0x00, 0xFF, 0x00, 0xFF, 0x00, 0xFF, 0x00,
    0xFF, 0x00, 0xFF, 0x00, 0xFF, 0x00, 0xFF, 0x00, 0xFF, 0x00, 0xFF, 0x00, 0xFF, 0x00, 0xFF, 0x00, 0xFF, 0x00, 0xFF, 0x00,
    0xFF, 0x00, 0xFF, 0x00, 0xFF, 0x00, 0xFF, 0x00, 0xFF, 0x00, 0xFF, 0x00, 0xFF, 0x00, 0xFF, 0x00, 0xFF, 0x00, 0xFF, 0x00,
    0xFF, 0x00, 0xFF, 0x00, 0xFF, 0x00, 0xFF, 0x00, 0xFF, 0x00, 0xFF, 0x00, 0xFF, 0x00, 0xFF, 0x00, 0xFF, 0x00, 0xFF, 0x00,
    0xFF, 0x00, 0xFF, 0x00, 0xFF, 0x00, 0xFF, 0x00, 0xFF, 0x00, 0xFF, 0x00, 0xFF, 0x00, 0xFF, 0x00, 0xFF, 0x00, 0xFF, 0x00,
    0xFF, 0x00, 0xFF, 0x00, 0xFF, 0x00, 0xFF, 0x00, 0xFF, 0x00, 0xFF, 0x00, 0xFF, 0x00, 0xFF, 0x00, 0xFF, 0x00, 0xA3, 0x00,
};

static const uint8_t kLauncherFrame05[] = {
    0xFF, 0x00, 0xFF, 0x00, 0xFF, 0x00, 0xFF, 0x00, 0xFF, 0x00, 0xFF, 0x00, 0xFF, 0x00, 0xFF, 0x00, 0xFF, 0x00, 0xFF, 0x00,
    0xFF, 0x00, 0xFF, 0x00, 0xFF, 0x00, 0xFF, 0x00, 0xFF, 0x00, 0xFF, 0x00, 0xFF, 0x00, 0xFF, 0x00, 0xFF, 0x00, 0xFF, 0x00,
    0xFF, 0x00, 0xFF, 0x00, 0xFF, 0x00, 0xFF, 0x00, 0xFF, 0x00, 0xFF, 0x00, 0xFF, 0x00, 0xFF, 0x00, 0xFF, 0x00, 0xFF, 0x00,
    0xFF, 0x00, 0xFF, 0x00, 0xFF, 0x00, 0xFF, 0x00, 0xFF, 0x00, 0xFF, 0x00, 0xFF, 0x00, 0xFF, 0x00, 0xFF, 0x00, 0xFF, 0x00,
    0xFF, 0x00, 0xFF, 0x00, 0xFF, 0x00, 0xFF, 0x00, 0xFF, 0x00, 0xFF, 0x00, 0xFF, 0x00, 0xFF, 0x00, 0xFF, 0x00, 0xFF, 0x00,
    0xFF, 0x00, 0xFF, 0x00, 0xFF, 0x00, 0xFF, 0x00, 0xFF, 0x00, 0xFF, 0x00, 0xFF, 0x00, 0xFF, 0x00, 0xFF, 0x00, 0xFF, 0x00,
    0xFF, 0x00, 0xFF, 0x00, 0xFF, 0x00, 0xFF, 0x00, 0xFF, 0x00, 0xFF, 0x00, 0xFF, 0x00, 0xFF, 0x00, 0xFF, 0x00, 0xFF, 0x00,
    0xFF, 0x00, 0xFF, 0x00, 0xFF, 0x00, 0xFF, 0x00, 0xFF, 0x00, 0xFF, 0x00, 0xA7, 0x00, 0x02, 0x88, 0x88, 0x81, 0x87, 0x11,
    0x02, 0x18, 0x88, 0x88, 0xFF, 0x00, 0x97, 0x00, 0x02, 0x08, 0x88, 0x81, 0x8F, 0x11, 0x02, 0x18, 0x88, 0x80, 0xFF, 0x00,
    0x91, 0x00, 0x01, 0x88, 0x81, 0x95, 0x11, 0x01, 0x18, 0x88, 0xFF, 0x00, 0x8D, 0x00, 0x01, 0x88, 0x81, 0x99, 0x11, 0x01,
    0x18, 0x88, 0xFF, 0x00, 0x89, 0x00, 0x01, 0x08, 0x81, 0x9D, 0x11, 0x01, 0x18, 0x80, 0xFF, 0x00, 0x86, 0x00, 0x00, 0x88,
    0xA1, 0x11, 0x00, 0x88, 0xFF, 0x00, 0x83, 0x00, 0x01, 0x08, 0x81, 0xA3, 0x11, 0x01, 0x18, 0x80, 0xFF, 0x00, 0x01, 0x00,
    0x88, 0xA7, 0x11, 0x00, 0x88, 0xFE, 0x00, 0x00, 0x88, 0xA9, 0x11, 0x00, 0x88, 0xFD, 0x00, 0xAB, 0x11, 0xFD, 0x00, 0x00,
    0x81, 0xA9, 0x11, 0x00, 0x18, 0xFD, 0x00, 0x00, 0x81, 0xA9, 0x11, 0x00, 0x18, 0xFD, 0x00, 0x00, 0x08, 0xA9, 0x11, 0x00,
    0x80, 0xF7, 0x00, 0x01, 0x0E, 0xEE, 0x83, 0x00, 0x00, 0x08, 0xA9, 0x11, 0x00, 0x80, 0x83, 0x00, 0x01, 0x99, 0x90, 0xF1,
    0x00, 0x01, 0xE7, 0x7E, 0x84, 0x00, 0xA9, 0x11, 0x84, 0x00, 0x01, 0x92, 0x29, 0xF0, 0x00, 0x03, 0xE7, 0x77, 0x77, 0xE0,
    0x83, 0x00, 0x00, 0x81, 0xA7, 0x11, 0x00, 0x18, 0x83, 0x00, 0x03, 0x09, 0x22, 0x22, 0x29, 0xEE, 0x00, 0x00, 0xEE, 0x82,
    0x77, 0x00, 0xE0, 0x83, 0x00, 0x00, 0x01, 0xA7, 0x11, 0x00, 0x10, 0x83, 0x00, 0x00, 0x09, 0x82, 0x22, 0x00, 0x99, 0xEC,
    0x00, 0x00, 0x0E, 0x83, 0x77, 0x00, 0x7E, 0x83, 0x00, 0x00, 0x08, 0xA7, 0x11, 0x00, 0x80, 0x83, 0x00, 0x00, 0x92, 0x83,
    0x22, 0x00, 0x90, 0xEA, 0x00, 0x00, 0x0E, 0x85, 0x77, 0x83, 0x00, 0x00, 0x08, 0xA7, 0x11, 0x00, 0x80, 0x83, 0x00, 0x85,
    0x22, 0x00, 0x90, 0xE9, 0x00, 0x00, 0xE7, 0x85, 0x77, 0x00, 0xE0, 0x83, 0x00, 0x00, 0x81, 0xA5, 0x11, 0x00, 0x18, 0x83,
    0x00, 0x00, 0x09, 0x85, 0x22, 0x00, 0x29, 0xE8, 0x00, 0x00, 0xE7, 0x86, 0x77, 0x00, 0x70, 0x83, 0x00, 0x00, 0x81, 0xA5,
    0x11, 0x00, 0x18, 0x83, 0x00, 0x00, 0x02, 0x86, 0x22, 0x00, 0x29, 0xE6, 0x00, 0x00, 0x0E, 0x87, 0x77, 0x00, 0x7E, 0x83,
    0x00, 0x00, 0x01, 0xA5, 0x11, 0x00, 0x10, 0x83, 0x00, 0x00, 0x92, 0x87, 0x22, 0x00, 0x90, 0xE4, 0x00, 0x01, 0x0E, 0xE7,
    0x88, 0x77, 0x83, 0x00, 0x00, 0x08, 0xA5, 0x11, 0x00, 0x80, 0x83, 0x00, 0x88, 0x22, 0x01, 0x29, 0x90, 0xE3, 0x00, 0x00,
    0xE7, 0x89, 0x77, 0x00, 0xE0, 0x82, 0x00, 0x00, 0x08, 0xA5, 0x11, 0x00, 0x80, 0x82, 0x00, 0x00, 0x09, 0x89, 0x22, 0x00,
    0x29, 0xE2, 0x00, 0x00, 0x0E, 0x8A, 0x77, 0x00, 0x7E, 0x83, 0x00, 0x00, 0x81, 0xA3, 0x11, 0x00, 0x18, 0x83, 0x00, 0x00,
    0x92, 0x8A, 0x22, 0x00, 0x90, 0xE1, 0x00, 0x00, 0xE7, 0x8A, 0x77, 0x00, 0x7E, 0x83, 0x00, 0x00, 0x81, 0xA3, 0x11, 0x00,
    0x18, 0x83, 0x00, 0x00, 0x92, 0x8A, 0x22, 0x00, 0x29, 0xE0, 0x00, 0x00, 0xEE, 0x8C, 0x77, 0x00, 0xE0, 0x82, 0x00, 0x00,
    0x01, 0xA3, 0x11, 0x00, 0x10, 0x82, 0x00, 0x00, 0x09, 0x8C, 0x22, 0x00, 0x99, 0xDE, 0x00, 0x00, 0x0E, 0x8D, 0x77, 0x00,
    0xE0, 0x82, 0x00, 0x00, 0x08, 0xA3, 0x11, 0x00, 0x80, 0x82, 0x00, 0x00, 0x09, 0x8D, 0x22, 0x00, 0x90, 0xDD, 0x00, 0x00,
    0xE7, 0x8D, 0x77, 0x00, 0x7E, 0x83, 0x00, 0xA3, 0x11, 0x83, 0x00, 0x00, 0x92, 0x8D, 0x22, 0x00, 0x29, 0xDC, 0x00, 0x00,
    0x0E, 0x8E, 0x77, 0x00, 0x7E, 0x83, 0x00, 0x00, 0x81, 0xA1, 0x11, 0x00, 0x18, 0x83, 0x00, 0x00, 0x92, 0x8E, 0x22, 0x00,
    0x90, 0xDB, 0x00, 0x00, 0xE7, 0x8F, 0x77, 0x00, 0xE0, 0x82, 0x00, 0x00, 0x81, 0xA1, 0x11, 0x00, 0x18, 0x82, 0x00, 0x00,
    0x09, 0x8F, 0x22, 0x00, 0x29, 0xDA, 0x00, 0x00, 0x0E, 0x90, 0x77, 0x00, 0xE0, 0x82, 0x00, 0x00, 0x08, 0x94, 0x11, 0x00,
    0xFF, 0x8B, 0x11, 0x00, 0x80, 0x82, 0x00, 0x00, 0x09, 0x90, 0x22, 0x00, 0x90, 0xD9, 0x00, 0x00, 0xE7, 0x90, 0x77, 0x00,
    0x7E, 0x82, 0x00, 0x00, 0x08, 0x92, 0x11, 0x82, 0xFF, 0x00, 0xF1, 0x8A, 0x11, 0x00, 0x80, 0x82, 0x00, 0x00, 0x92, 0x90,
    0x22, 0x00, 0x29, 0xD8, 0x00, 0x00, 0x0E, 0x92, 0x77, 0x83, 0x00, 0x90, 0x11, 0x84, 0xFF, 0x00, 0xF1, 0x8A, 0x11, 0x83,
    0x00, 0x92, 0x22, 0x00, 0x90, 0xD7, 0x00, 0x00, 0xE7, 0x92, 0x77, 0x00, 0xE0, 0x82, 0x00, 0x00, 0x81, 0x8C, 0x11, 0x87,
    0xFF, 0x00, 0xF1, 0x89, 0x11, 0x00, 0x18, 0x82, 0x00, 0x00, 0x09, 0x92, 0x22, 0x00, 0x29, 0xD6, 0x00, 0x00, 0x0E, 0x93,
    0x77, 0x00, 0x70, 0x82, 0x00, 0x00, 0x01, 0x8B, 0x11, 0x00, 0x1F, 0x87, 0xFF, 0x00, 0xF1, 0x89, 0x11, 0x00, 0x10, 0x82,
    0x00, 0x00, 0x02, 0x93, 0x22, 0x00, 0x90, 0xD5, 0x00, 0x00, 0xE7, 0x93, 0x77, 0x00, 0x7E, 0x82, 0x00, 0x00, 0x08, 0x8B,
    0x11, 0x00, 0x1F, 0x83, 0xFF, 0x04, 0x11, 0x11, 0x1F, 0xFF, 0xF1, 0x89, 0x11, 0x00, 0x80, 0x82, 0x00, 0x00, 0x92, 0x93,
    0x22, 0x00, 0x29, 0xD4, 0x00, 0x00, 0x0E, 0x95, 0x77, 0x82, 0x00, 0x00, 0x08, 0x8B, 0x11, 0x02, 0x1F, 0xFF, 0xFF, 0x83,
    0x11, 0x02, 0x1F, 0xFF, 0xF1, 0x89, 0x11, 0x00, 0x80, 0x82, 0x00, 0x95, 0x22, 0x00, 0x90, 0xD3, 0x00, 0x00, 0xE7, 0x95,
    0x77, 0x00, 0xE0, 0x82, 0x00, 0x00, 0x81, 0x8A, 0x11, 0x02, 0x1F, 0xFF, 0xF1, 0x83, 0x11, 0x02, 0x1F, 0xFF, 0xF1, 0x88,
    0x11, 0x00, 0x18, 0x82, 0x00, 0x00, 0x09, 0x95, 0x22, 0x00, 0x29, 0xD2, 0x00, 0x00, 0x0E, 0x96, 0x77, 0x00, 0x70, 0x82,
    0x00, 0x00, 0x81, 0x8A, 0x11, 0x02, 0x1F, 0xFF, 0xF1, 0x83, 0x11, 0x02, 0x1F, 0xFF, 0xF1, 0x88, 0x11, 0x00, 0x18, 0x82,
    0x00, 0x00, 0x02, 0x96, 0x22, 0x00, 0x90, 0xD1, 0x00, 0x00, 0x0E, 0x96, 0x77, 0x00, 0x7E, 0x82, 0x00, 0x00, 0x01, 0x8A,
    0x11, 0x02, 0x1F, 0xFF, 0xF1, 0x83, 0x11, 0x02, 0x1F, 0xFF, 0xF1, 0x88, 0x11, 0x00, 0x10, 0x82, 0x00, 0x00, 0x92, 0x96,
    0x22, 0x00, 0x90, 0xD1, 0x00, 0x00, 0xE7, 0x97, 0x77, 0x03, 0xE0, 0x00, 0x00, 0x08, 0x8A, 0x11, 0x02, 0x1F, 0xFF, 0xF1,
    0x83, 0x11, 0x02, 0x1F, 0xFF, 0xF1, 0x88, 0x11, 0x03, 0x80, 0x00, 0x00, 0x09, 0x97, 0x22, 0x00, 0x29, 0xD0, 0x00, 0x00,
    0x0E, 0x98, 0x77, 0x00, 0xE0, 0x82, 0x00, 0x8A, 0x11, 0x02, 0x1F, 0xFF, 0xF1, 0x83, 0x11, 0x02, 0x1F, 0xFF, 0xF1, 0x88,
    0x11, 0x82, 0x00, 0x00, 0x09, 0x98, 0x22, 0x00, 0x90, 0xCF, 0x00, 0x00, 0xE7, 0x98, 0x77, 0x00, 0x7E, 0x82, 0x00, 0x00,
    0x81, 0x88, 0x11, 0x03, 0x88, 0x8F, 0xFF, 0xF0, 0x82, 0x00, 0x03, 0x88, 0x8F, 0xFF, 0xF1, 0x87, 0x11, 0x00, 0x18, 0x82,
    0x00, 0x00, 0x92, 0x98, 0x22, 0x00, 0x29, 0xCE, 0x00, 0x00, 0x0E, 0x99, 0x77, 0x00, 0x7E, 0x82, 0x00, 0x00, 0x81, 0x85,
    0x11, 0x06, 0x18, 0x88, 0x00, 0x00, 0x0F, 0xFF, 0xF0, 0x83, 0x00, 0x04, 0x0F, 0xFF, 0xF0, 0x88, 0x81, 0x85, 0x11, 0x00,
    0x18, 0x82, 0x00, 0x00, 0x92, 0x99, 0x22, 0x00, 0x90, 0xCD, 0x00, 0x00, 0x0E, 0x9A, 0x77, 0x03, 0xE0, 0x00, 0x00, 0x08,
    0x83, 0x11, 0x01, 0x18, 0x80, 0x83, 0x00, 0x02, 0x0F, 0xFF, 0xF0, 0x83, 0x00, 0x06, 0x0F, 0xFF, 0xF0, 0x00, 0x00, 0x08,
    0x81, 0x83, 0x11, 0x03, 0x80, 0x00, 0x00, 0x09, 0x9A, 0x22, 0x00, 0x90, 0xCD, 0x00, 0x00, 0xE7, 0x9A, 0x77, 0x07, 0xE0,
    0x00, 0x00, 0x08, 0x11, 0x11, 0x18, 0x88, 0x85, 0x00, 0x02, 0x0F, 0xFF, 0xF0, 0x83, 0x00, 0x02, 0x0F, 0xFF, 0xF0, 0x83,
    0x00, 0x07, 0x88, 0x81, 0x11, 0x11, 0x80, 0x00, 0x00, 0x09, 0x9A, 0x22, 0x00, 0x29, 0xCC, 0x00, 0x00, 0x0E, 0x9B, 0x77,
    0x00, 0x7E, 0x82, 0x00, 0x02, 0x11, 0x18, 0x80, 0x86, 0x00, 0x04, 0x0F, 0xFF, 0xF0, 0x00, 0x00, 0x83, 0xFF, 0x00, 0xF0,
    0x84, 0x00, 0x02, 0x08, 0x81, 0x11, 0x82, 0x00, 0x00, 0x92, 0x9B, 0x22, 0x00, 0x90, 0xCB, 0x00, 0x00, 0x07, 0x9C, 0x77,
    0x82, 0x00, 0x00, 0x88, 0x88, 0x00, 0x04, 0x0F, 0xFF, 0xF0, 0x00, 0x0F, 0x83, 0xFF, 0x00, 0xF0, 0x86, 0x00, 0x00, 0x88,
    0x82, 0x00, 0x9C, 0x22, 0x00, 0x20, 0xCB, 0x00, 0x00, 0xE7, 0x9C, 0x77, 0x00, 0xE0, 0x8B, 0x00, 0x03, 0x0F, 0xFF, 0xF0,
    0x00, 0x84, 0xFF, 0x00, 0xF0, 0x89, 0x00, 0x00, 0x09, 0x9C, 0x22, 0x00, 0x29, 0xCA, 0x00, 0x00, 0x0E, 0x9D, 0x77, 0x00,
    0x70, 0x8B, 0x00, 0x03, 0x0F, 0xFF, 0xF0, 0x00, 0x84, 0xFF, 0x00, 0xF0, 0x89, 0x00, 0x00, 0x02, 0x9D, 0x22, 0x00, 0x90,
    0xC9, 0x00, 0x00, 0x07, 0x9D, 0x77, 0x00, 0xE0, 0x8B, 0x00, 0x03, 0x0F, 0xFF, 0xF0, 0x00, 0x84, 0xFF, 0x8A, 0x00, 0x00,
    0x09, 0x9D, 0x22, 0x00, 0x20, 0xC9, 0x00, 0x00, 0xE7, 0x9C, 0x77, 0x00, 0xEE, 0x8A, 0x00, 0x83, 0xFF, 0x01, 0xF0, 0x00,
    0x83, 0xFF, 0x8C, 0x00, 0x00, 0x99, 0x9C, 0x22, 0x00, 0x29, 0xC8, 0x00, 0x00, 0x0E, 0x9C, 0x77, 0x00, 0x7E, 0x8A, 0x00,
    0x00, 0x0F, 0x83, 0xFF, 0x01, 0xF0, 0x00, 0x83, 0xFF, 0x8D, 0x00, 0x00, 0x92, 0x9C, 0x22, 0x00, 0x90, 0xC7, 0x00, 0x00,
    0x0E, 0x9B, 0x77, 0x01, 0x7E, 0xE0, 0x8A, 0x00, 0x84, 0xFF, 0x05, 0x00, 0x00, 0x0F, 0xFF, 0xFF, 0xF0, 0x8D, 0x00, 0x01,
    0x09, 0x92, 0x9B, 0x22, 0x00, 0x90, 0xC7, 0x00, 0x00, 0xE7, 0x9B, 0x77, 0x00, 0xE0, 0x8B, 0x00, 0x83, 0xFF, 0x00, 0xF0,
    0x82, 0x00, 0x01, 0x0F, 0xF0, 0x8F, 0x00, 0x00, 0x09, 0x9B, 0x22, 0x00, 0x29, 0xC7, 0x00, 0x96, 0x77, 0x00, 0xFF, 0x83,
    0x77, 0x00, 0xEE, 0x8C, 0x00, 0x83, 0xFF, 0x00, 0xF0, 0x95, 0x00, 0x08, 0x99, 0x22, 0xFF, 0x22, 0x22, 0xFF, 0x22, 0x22,
    0xFF, 0x93, 0x22, 0xC6, 0x00, 0x00, 0x0E, 0x95, 0x77, 0x05, 0x7F, 0xFF, 0xF7, 0x77, 0x77, 0x7E, 0x8D, 0x00, 0x83, 0xFF,
    0x97, 0x00, 0x08, 0x9F, 0xFF, 0xF2, 0x2F, 0xFF, 0xF2, 0x2F, 0xFF, 0xF2, 0x92, 0x22, 0x00, 0x90, 0xC5, 0x00, 0x00, 0xE7,
    0x95, 0x77, 0x05, 0x7F, 0xFF, 0xF7, 0x77, 0x77, 0xE0, 0x8D, 0x00, 0x83, 0xFF, 0x97, 0x00, 0x08, 0x0F, 0xFF, 0xF2, 0x2F,
    0xFF, 0xF2, 0x2F, 0xFF, 0xF2, 0x92, 0x22, 0x00, 0x29, 0xC5, 0x00, 0x00, 0xE7, 0x95, 0x77, 0x04, 0x7F, 0xFF, 0xF7, 0x77,
    0x7E, 0x8E, 0x00, 0x03, 0x0F, 0xFF, 0xFF, 0xF0, 0x97, 0x00, 0x08, 0x0F, 0xFF, 0xF2, 0x2F, 0xFF, 0xF2, 0x2F, 0xFF, 0xF2,
    0x92, 0x22, 0x00, 0x29, 0xC4, 0x00, 0x00, 0x0E, 0x92, 0x77, 0x00, 0xFF, 0x82, 0x77, 0x06, 0x7F, 0xFF, 0xF7, 0x7E, 0xE0,
    0x00, 0xFF, 0x8D, 0x00, 0x01, 0x0F, 0xF0, 0x97, 0x00, 0x8A, 0xFF, 0x92, 0x22, 0x00, 0x90, 0xC3, 0x00, 0x00, 0x0E, 0x91,
    0x77, 0x0C, 0x7F, 0xFF, 0xF7, 0x77, 0x77, 0x7F, 0xFF, 0xF7, 0xE0, 0x00, 0x0F, 0xFF, 0xF0, 0xA5, 0x00, 0x00, 0x0F, 0x8A,
    0xFF, 0x00, 0xF2, 0x91, 0x22, 0x00, 0x90, 0xC3, 0x00, 0x00, 0xE7, 0x91, 0x77, 0x0C, 0x7F, 0xFF, 0xFF, 0x77, 0x77, 0x7F,
    0xFF, 0xFE, 0x00, 0x00, 0xFF, 0xFF, 0xF0, 0xA5, 0x00, 0x00, 0x0F, 0x8A, 0xFF, 0x00, 0xF2, 0x91, 0x22, 0x00, 0x29, 0xC3,
    0x00, 0x00, 0xE7, 0x92, 0x77, 0x0A, 0xFF, 0xFF, 0xF7, 0x77, 0x7F, 0xFF, 0xF0, 0x00, 0x0F, 0xFF, 0xFF, 0xA6, 0x00, 0x00,
    0x0F, 0x8A, 0xFF, 0x00, 0xF2, 0x91, 0x22, 0x00, 0x29, 0xC2, 0x00, 0x00, 0x0E, 0x93, 0x77, 0x0A, 0x7F, 0xFF, 0xFF, 0x77,
    0x7F, 0xFF, 0xF0, 0x00, 0xFF, 0xFF, 0xF0, 0xA5, 0x00, 0x82, 0xFF, 0x00, 0xF0, 0x82, 0x00, 0x00, 0x92, 0x82, 0x22, 0x00,
    0x2F, 0x82, 0xFF, 0x91, 0x22, 0x00, 0x90, 0xC1, 0x00, 0x00, 0x0E, 0x94, 0x77, 0x08, 0xFF, 0xFF, 0xF7, 0x77, 0xFF, 0x00,
    0x0F, 0xFF, 0xFF, 0xA5, 0x00, 0x00, 0x0F, 0x82, 0xFF, 0x00, 0xF0, 0x82, 0x00, 0x00, 0x09, 0x82, 0x22, 0x00, 0x2F, 0x82,
    0xFF, 0x00, 0xF2, 0x90, 0x22, 0x00, 0x90, 0xC1, 0x00, 0x00, 0xE7, 0x94, 0x77, 0x08, 0x7F, 0xFF, 0xF7, 0x7E, 0x00, 0x00,
    0x0F, 0xFF, 0xF0, 0xA5, 0x00, 0x00, 0x0F, 0x82, 0xFF, 0x00, 0xF0, 0x83, 0x00, 0x03, 0x92, 0x22, 0x22, 0x2F, 0x82, 0xFF,
    0x00, 0xF2, 0x90, 0x22, 0x00, 0x29, 0xC1, 0x00, 0x00, 0xE7, 0x95, 0x77, 0x02, 0xFF, 0x77, 0x7E, 0x82, 0x00, 0x00, 0xFF,
    0xA7, 0x00, 0x82, 0xFF, 0x08, 0xF0, 0x00, 0x00, 0xFF, 0x00, 0x92, 0x22, 0xFF, 0x2F, 0x82, 0xFF, 0x91, 0x22, 0x00, 0x29,
    0xC1, 0x00, 0x98, 0x77, 0x02, 0xEF, 0xFF, 0xFF, 0xAA, 0x00, 0x08, 0x0F, 0xFF, 0xF0, 0x00, 0x0F, 0xFF, 0xF0, 0x09, 0x2F,
    0x82, 0xFF, 0x00, 0xF2, 0x93, 0x22, 0xC0, 0x00, 0x00, 0x0E, 0x97, 0x77, 0x00, 0x7E, 0x82, 0xFF, 0x00, 0xF0, 0xA9, 0x00,
    0x08, 0x0F, 0xFF, 0xF0, 0x00, 0x0F, 0xFF, 0xFF, 0x00, 0x9F, 0x82, 0xFF, 0x00, 0xF2, 0x93, 0x22, 0x00, 0x90, 0xBF, 0x00,
    0x00, 0x0E, 0x92, 0x77, 0x83, 0xFF, 0x01, 0x77, 0xEF, 0x82, 0xFF, 0x01, 0xF0, 0x00, 0x83, 0xFF, 0xA3, 0x00, 0x82, 0xFF,
    0x08, 0xF0, 0x00, 0x0F, 0xFF, 0xFF, 0x00, 0xFF, 0xFF, 0x2F, 0x82, 0xFF, 0x92, 0x22, 0x00, 0x90, 0xBF, 0x00, 0x00, 0xE7,
    0x91, 0x77, 0x00, 0x7F, 0x83, 0xFF, 0x01, 0xFE, 0x0F, 0x83, 0xFF, 0x00, 0x0F, 0x83, 0xFF, 0x00, 0xF0, 0xA1, 0x00, 0x00,
    0x0F, 0x82, 0xFF, 0x01, 0xF0, 0x00, 0x85, 0xFF, 0x00, 0x2F, 0x82, 0xFF, 0x00, 0xF2, 0x91, 0x22, 0x00, 0x29, 0xBF, 0x00,
    0x00, 0xE7, 0x91, 0x77, 0x00, 0x7F, 0x83, 0xFF, 0x01, 0xFE, 0x0F, 0x83, 0xFF, 0x00, 0x0F, 0x83, 0xFF, 0x00, 0xF0, 0xA1,
    0x00, 0x00, 0x0F, 0x82, 0xFF, 0x01, 0xF0, 0x00, 0x84, 0xFF, 0x01, 0xF2, 0x2F, 0x82, 0xFF, 0x00, 0xF2, 0x91, 0x22, 0x00,
    0x29, 0xBF, 0x00, 0x93, 0x77, 0x83, 0xFF, 0x01, 0xE0, 0x0F, 0x82, 0xFF, 0x01, 0xF0, 0x00, 0x83, 0xFF, 0xA3, 0x00, 0x82,
    0xFF, 0x03, 0xF0, 0x0F, 0xFF, 0xF0, 0x82, 0xFF, 0x01, 0x09, 0x2F, 0x82, 0xFF, 0x93, 0x22, 0xBE, 0x00, 0x00, 0x0E, 0x96,
    0x77, 0x02, 0x7E, 0x00, 0x0F, 0x82, 0xFF, 0x00, 0xF0, 0xA9, 0x00, 0x0C, 0x0F, 0xFF, 0xF0, 0xFF, 0xFF, 0x00, 0x0F, 0xFF,
    0xFF, 0x00, 0x9F, 0xFF, 0xF2, 0x94, 0x22, 0x00, 0x90, 0xBD, 0x00, 0x00, 0x0E, 0x96, 0x77, 0x02, 0x7E, 0x00, 0x00, 0x82,
    0xFF, 0xAA, 0x00, 0x0C, 0x0F, 0xFF, 0xF0, 0xFF, 0xFF, 0x00, 0x0F, 0xFF, 0xF0, 0x00, 0x9F, 0xFF, 0xF2, 0x94, 0x22, 0x00,
    0x90, 0xBD, 0x00, 0x00, 0x07, 0x96, 0x77, 0x07, 0xE0, 0xFF, 0x00, 0x00, 0xFF, 0x00, 0x00, 0xFF, 0xA7, 0x00, 0x82, 0xFF,
    0x08, 0xF0, 0x0F, 0xF0, 0x00, 0x00, 0xFF, 0x00, 0x00, 0x0F, 0x82, 0xFF, 0x93, 0x22, 0x00, 0x20, 0xBD, 0x00, 0x00, 0xE7,
    0x95, 0x77, 0x03, 0x7E, 0x0F, 0xFF, 0xF0, 0x82, 0x00, 0x02, 0x0F, 0xFF, 0xF0, 0xA5, 0x00, 0x00, 0x0F, 0x82, 0xFF, 0x00,
    0xF0, 0x86, 0x00, 0x00, 0x0F, 0x82, 0xFF, 0x00, 0xF2, 0x92, 0x22, 0x00, 0x29, 0xBD, 0x00, 0x00, 0xE7, 0x95, 0x77, 0x09,
    0x7E, 0xFF, 0xFF, 0xF0, 0x00, 0xFF, 0x00, 0x0F, 0xFF, 0xFF, 0xA5, 0x00, 0x00, 0x0F, 0x82, 0xFF, 0x00, 0xF0, 0x86, 0x00,
    0x00, 0x0F, 0x82, 0xFF, 0x00, 0xF2, 0x92, 0x22, 0x00, 0x29, 0xBD, 0x00, 0x96, 0x77, 0x0A, 0xEF, 0xFF, 0xFF, 0x00, 0x0F,
    0xFF, 0xF0, 0x00, 0xFF, 0xFF, 0xF0, 0xA5, 0x00, 0x82, 0xFF, 0x00, 0xF0, 0x86, 0x00, 0x00, 0x0F, 0x82, 0xFF, 0x94, 0x22,
    0xBC, 0x00, 0x00, 0x0E, 0x96, 0x77, 0x0A, 0xFF, 0xFF, 0xF0, 0x00, 0x0F, 0xFF, 0xF0, 0x00, 0x0F, 0xFF, 0xFF, 0xA6, 0x00,
    0x00, 0x0F, 0x8A, 0xFF, 0x00, 0xF2, 0x95, 0x22, 0x00, 0x90, 0xBB, 0x00, 0x00, 0x0E, 0x95, 0x77, 0x0C, 0x7F, 0xFF, 0xFF,
    0x00, 0x00, 0x0F, 0xFF, 0xF0, 0x00, 0x00, 0xFF, 0xFF, 0xF0, 0xA5, 0x00, 0x00, 0x0F, 0x8A, 0xFF, 0x00, 0xF2, 0x95, 0x22,
    0x00, 0x90, 0xBC, 0x00, 0x00, 0xEE, 0x94, 0x77, 0x0C, 0x7F, 0xFF, 0xF0, 0x00, 0x00, 0x0F, 0xFF, 0xF0, 0x00, 0x00, 0x0F,
    0xFF, 0xF0, 0xA5, 0x00, 0x00, 0x0F, 0x8A, 0xFF, 0x00, 0xF2, 0x94, 0x22, 0x00, 0x99, 0xBE, 0x00, 0x01, 0x0E, 0xEE, 0x92,
    0x77, 0x01, 0xE0, 0xFF, 0x82, 0x00, 0x02, 0x0F, 0xFF, 0xF0, 0x82, 0x00, 0x00, 0xFF, 0xA7, 0x00, 0x8A, 0xFF, 0x00, 0x09,
    0x92, 0x22, 0x01, 0x99, 0x90, 0xC1, 0x00, 0x01, 0x0E, 0xE7, 0x90, 0x77, 0x00, 0xE0, 0x83, 0x00, 0x02, 0x0F, 0xFF, 0xF0,
    0xAC, 0x00, 0x0A, 0x0F, 0xFF, 0xF0, 0x0F, 0xFF, 0xF0, 0x0F, 0xFF, 0xF0, 0x00, 0x09, 0x90, 0x22, 0x01, 0x29, 0x90, 0xC5,
    0x00, 0x01, 0xEE, 0xE7, 0x8D, 0x77, 0x00, 0x7E, 0x84, 0x00, 0x02, 0x0F, 0xFF, 0xF0, 0xAC, 0x00, 0x0B, 0x0F, 0xFF, 0xF0,
    0x0F, 0xFF, 0xF0, 0x0F, 0xFF, 0xF0, 0x00, 0x00, 0x92, 0x8D, 0x22, 0x01, 0x29, 0x99, 0xC9, 0x00, 0x00, 0xEE, 0x8C, 0x77,
    0x00, 0x7E, 0x84, 0x00, 0x02, 0x0F, 0xFF, 0xF0, 0xAC, 0x00, 0x0B, 0x0F, 0xFF, 0xF0, 0x0F, 0xFF, 0xF0, 0x0F, 0xFF, 0xF0,
    0x00, 0x00, 0x92, 0x8C, 0x22, 0x00, 0x99, 0xCC, 0x00, 0x01, 0x0E, 0xEE, 0x8A, 0x77, 0x00, 0x70, 0x85, 0x00, 0x00, 0xFF,
    0xAE, 0x00, 0x06, 0xFF, 0x00, 0x00, 0xFF, 0x00, 0x00, 0xFF, 0x82, 0x00, 0x00, 0x02, 0x8A, 0x22, 0x01, 0x99, 0x90, 0xCF,
    0x00, 0x01, 0x0E, 0xE7, 0x88, 0x77, 0x00, 0xE0, 0xBF, 0x00, 0x00, 0x09, 0x88, 0x22, 0x01, 0x29, 0x90, 0xD3, 0x00, 0x01,
    0xEE, 0xE7, 0x86, 0x77, 0x00, 0xE0, 0xBF, 0x00, 0x00, 0x09, 0x86, 0x22, 0x01, 0x29, 0x99, 0xD7, 0x00, 0x00, 0xEE, 0x84,
    0x77, 0x00, 0x7E, 0xC1, 0x00, 0x00, 0x92, 0x84, 0x22, 0x00, 0x99, 0xDA, 0x00, 0x01, 0x0E, 0xEE, 0x82, 0x77, 0x00, 0x7E,
    0xC1, 0x00, 0x00, 0x92, 0x82, 0x22, 0x01, 0x99, 0x90, 0xDD, 0x00, 0x03, 0x0E, 0xE7, 0x77, 0x7E, 0xC1, 0x00, 0x03, 0x92,
    0x22, 0x29, 0x90, 0xCC, 0x00, 0x01, 0xDD, 0xDD, 0x92, 0x00, 0x01, 0xEE, 0xE0, 0xC1, 0x00, 0x01, 0x09, 0x99, 0x92, 0x00,
    0x01, 0xAA, 0xAA, 0xB9, 0x00, 0x04, 0xD6, 0x66, 0x66, 0xDD, 0xDD, 0xE5, 0x00, 0x04, 0xAA, 0xAA, 0x33, 0x33, 0x3A, 0xB9,
    0x00, 0x00, 0xD6, 0x84, 0x66, 0x01, 0xDD, 0xD0, 0xDF, 0x00, 0x01, 0x0A, 0xAA, 0x84, 0x33, 0x00, 0x3A, 0xB9, 0x00, 0x87,
    0x66, 0x02, 0x6D, 0xDD, 0xD0, 0xD9, 0x00, 0x02, 0x0A, 0xAA, 0xA3, 0x87, 0x33, 0xB9, 0x00, 0x8A, 0x66, 0x02, 0x6D, 0xDD,
    0xD0, 0xD3, 0x00, 0x02, 0x0A, 0xAA, 0xA3, 0x8A, 0x33, 0xB9, 0x00, 0x8D, 0x66, 0x01, 0x6D, 0xDD, 0xCF, 0x00, 0x01, 0xAA,
    0xA3, 0x8D, 0x33, 0xB8, 0x00, 0x00, 0x0D, 0x90, 0x66, 0x01, 0xDD, 0xDD, 0xC9, 0x00, 0x01, 0xAA, 0xAA, 0x90, 0x33, 0x00,
    0xA0, 0xB7, 0x00, 0x00, 0x0D, 0x93, 0x66, 0x01, 0xDD, 0xD0, 0xC3, 0x00, 0x01, 0x0A, 0xAA, 0x93, 0x33, 0x00, 0xA0, 0xB7,
    0x00, 0x00, 0x0D, 0x94, 0x66, 0x00, 0x60, 0xC3, 0x00, 0x00, 0x03, 0x94, 0x33, 0x00, 0xA0, 0xB7, 0x00, 0x00, 0x0D, 0x94,
    0x66, 0x00, 0x60, 0xC3, 0x00, 0x00, 0x03, 0x94, 0x33, 0x00, 0xA0, 0xB7, 0x00, 0x00, 0x0D, 0x94, 0x66, 0x00, 0xD0, 0xC3,
    0x00, 0x00, 0x0A, 0x94, 0x33, 0x00, 0xA0, 0xB7, 0x00, 0x00, 0x06, 0x94, 0x66, 0x00, 0xD0, 0xC3, 0x00, 0x00, 0x0A, 0x94,
    0x33, 0x00, 0x30, 0xB7, 0x00, 0x00, 0x06, 0x94, 0x66, 0x00, 0xD0, 0xC3, 0x00, 0x00, 0x0A, 0x94, 0x33, 0x00, 0x30, 0xB7,
    0x00, 0x00, 0x06, 0x94, 0x66, 0x00, 0xD0, 0xC3, 0x00, 0x00, 0x0A, 0x94, 0x33, 0x00, 0x30, 0xB7, 0x00, 0x00, 0x06, 0x94,
    0x66, 0x00, 0xD0, 0xC3, 0x00, 0x00, 0x0A, 0x94, 0x33, 0x00, 0x30, 0xB7, 0x00, 0x00, 0x06, 0x94, 0x66, 0x00, 0xD0, 0xC3,
    0x00, 0x00, 0x0A, 0x94, 0x33, 0x00, 0x30, 0xB7, 0x00, 0x00, 0x06, 0x94, 0x66, 0xC5, 0x00, 0x94, 0x33, 0x00, 0x30, 0xB7,
    0x00, 0x00, 0x06, 0x94, 0x66, 0xC5, 0x00, 0x94, 0x33, 0x00, 0x30, 0xB7, 0x00, 0x00, 0x06, 0x94, 0x66, 0xC5, 0x00, 0x94,
    0x33, 0x00, 0x30, 0xB7, 0x00, 0x00, 0x06, 0x94, 0x66, 0xBF, 0x00, 0x00, 0xFF, 0x84, 0x00, 0x94, 0x33, 0x00, 0x30, 0xB7,
    0x00, 0x00, 0x06, 0x94, 0x66, 0xBE, 0x00, 0x02, 0x0F, 0xFF, 0xF0, 0x83, 0x00, 0x94, 0x33, 0x00, 0x30, 0xB7, 0x00, 0x00,
    0x06, 0x94, 0x66, 0xBD, 0x00, 0x00, 0x0F, 0x82, 0xFF, 0x00, 0xF0, 0x82, 0x00, 0x94, 0x33, 0x00, 0x30, 0xB7, 0x00, 0x00,
    0x06, 0x94, 0x66, 0x06, 0x0F, 0xF0, 0x00, 0xFF, 0x00, 0x0F, 0xF0, 0xB5, 0x00, 0x00, 0x0F, 0x84, 0xFF, 0x02, 0xF0, 0x00,
    0x00, 0x94, 0x33, 0x00, 0x30, 0xB7, 0x00, 0x00, 0x06, 0x92, 0x66, 0x85, 0xFF, 0x00, 0xF0, 0x82, 0xFF, 0x00, 0xF0, 0xB3,
    0x00, 0x82, 0xFF, 0x00, 0xF0, 0x82, 0xFF, 0x01, 0x00, 0x00, 0x94, 0x33, 0x00, 0x30, 0xB7, 0x00, 0x00, 0x06, 0x90, 0x66,
    0x8E, 0xFF, 0xB1, 0x00, 0x08, 0xFF, 0xFF, 0xF0, 0x00, 0x0F, 0xFF, 0xFF, 0x00, 0x0A, 0x94, 0x33, 0x00, 0x30, 0xB7, 0x00,
    0x00, 0x06, 0x8F, 0x66, 0x00, 0x6F, 0x8E, 0xFF, 0x00, 0xF0, 0xB0, 0x00, 0x01, 0xFF, 0xFF, 0x82, 0x00, 0x03, 0xFF, 0xFF,
    0x00, 0x0A, 0x94, 0x33, 0x00, 0x30, 0xB7, 0x00, 0x00, 0x06, 0x8F, 0x66, 0x00, 0x6F, 0x82, 0xFF, 0x02, 0xF6, 0xD0, 0x0F,
    0x82, 0xFF, 0x01, 0xF0, 0x00, 0x83, 0xFF, 0x00, 0xF0, 0xB0, 0x00, 0x01, 0xFF, 0xFF, 0x82, 0x00, 0x03, 0xFF, 0xFF, 0x00,
    0x0A, 0x94, 0x33, 0x00, 0x30, 0xB7, 0x00, 0x00, 0x06, 0x8F, 0x66, 0x09, 0x6F, 0xFF, 0xF6, 0x66, 0x66, 0xD0, 0x00, 0x0F,
    0xFF, 0xF0, 0x83, 0x00, 0x02, 0x0F, 0xFF, 0xF0, 0xB0, 0x00, 0x01, 0xFF, 0xFF, 0x82, 0x00, 0x03, 0xFF, 0xFF, 0x00, 0x0A,
    0x94, 0x33, 0x00, 0x30, 0xB7, 0x00, 0x00, 0x06, 0x8F, 0x66, 0x09, 0x6F, 0xFF, 0xF6, 0x66, 0x66, 0xD0, 0x00, 0x0F, 0xFF,
    0xF0, 0x83, 0x00, 0x02, 0x0F, 0xFF, 0xF0, 0xB0, 0x00, 0x01, 0xFF, 0xFF, 0x82, 0x00, 0x03, 0xFF, 0xFF, 0x00, 0x0A, 0x94,
    0x33, 0x00, 0x30, 0xB7, 0x00, 0x00, 0x0D, 0x8F, 0x66, 0x09, 0x6F, 0xFF, 0xF6, 0x66, 0x66, 0xD0, 0x00, 0x0F, 0xFF, 0xF0,
    0x83, 0x00, 0x02, 0x0F, 0xFF, 0xF0, 0xB0, 0x00, 0x01, 0xFF, 0xFF, 0x82, 0x00, 0x03, 0xFF, 0xFF, 0x00, 0x0A, 0x94, 0x33,
    0x00, 0xA0, 0xB7, 0x00, 0x00, 0x0D, 0x8F, 0x66, 0x09, 0x6F, 0xFF, 0xF6, 0x66, 0x66, 0x60, 0x00, 0x0F, 0xFF, 0xF0, 0x83,
    0x00, 0x02, 0x0F, 0xFF, 0xF0, 0xB0, 0x00, 0x01, 0xFF, 0xFF, 0x82, 0x00, 0x03, 0xFF, 0xFF, 0x00, 0x03, 0x94, 0x33, 0x00,
    0xA0, 0xB7, 0x00, 0x00, 0x0D, 0x8F, 0x66, 0x09, 0x6F, 0xFF, 0xF6, 0x66, 0x66, 0x60, 0x00, 0x0F, 0xFF, 0xF0, 0x83, 0x00,
    0x02, 0x0F, 0xFF, 0xF0, 0xB0, 0x00, 0x01, 0xFF, 0xFF, 0x82, 0x00, 0x07, 0xFF, 0xFF, 0x00, 0x03, 0x33, 0x33, 0x3F, 0xF3,
    0x90, 0x33, 0x00, 0xA0, 0xB7, 0x00, 0x00, 0x0D, 0x8F, 0x66, 0x09, 0x6F, 0xFF, 0xF6, 0x66, 0x66, 0x6D, 0x00, 0x0F, 0xFF,
    0xF0, 0x83, 0x00, 0x02, 0x0F, 0xFF, 0xF0, 0xB0, 0x00, 0x01, 0xFF, 0xFF, 0x82, 0x00, 0x07, 0xFF, 0xFF, 0x00, 0xA3, 0x33,
    0x33, 0xFF, 0xFF, 0x90, 0x33, 0x00, 0xA0, 0xB7, 0x00, 0x00, 0x0D, 0x8F, 0x66, 0x09, 0x6F, 0xFF, 0xF6, 0x66, 0x66, 0x6D,
    0x00, 0x0F, 0xFF, 0xF0, 0x83, 0x00, 0x02, 0x0F, 0xFF, 0xF0, 0xB0, 0x00, 0x01, 0xFF, 0xFF, 0x82, 0x00, 0x07, 0xFF, 0xFF,
    0x00, 0xA3, 0x33, 0x33, 0xFF, 0xFF, 0x90, 0x33, 0x00, 0xA0, 0xB8, 0x00, 0x8F, 0x66, 0x09, 0x6F, 0xFF, 0xF6, 0x66, 0x66,
    0x6D, 0x00, 0x0F, 0xFF, 0xF0, 0x83, 0x00, 0x02, 0x0F, 0xFF, 0xF0, 0xB0, 0x00, 0x01, 0xFF, 0xFF, 0x82, 0x00, 0x07, 0xFF,
    0xFF, 0x00, 0xA3, 0x33, 0x33, 0xFF, 0xFF, 0x90, 0x33, 0xB9, 0x00, 0x8F, 0x66, 0x02, 0x6F, 0xFF, 0xF6, 0x82, 0x66, 0x03,
    0x00, 0x0F, 0xFF, 0xF0, 0x83, 0x00, 0x02, 0x0F, 0xFF, 0xF0, 0xB0, 0x00, 0x01, 0xFF, 0xFF, 0x82, 0x00, 0x02, 0xFF, 0xFF,
    0x00, 0x82, 0x33, 0x01, 0xFF, 0xFF, 0x90, 0x33, 0xB9, 0x00, 0x8F, 0x66, 0x02, 0x6F, 0xFF, 0xF6, 0x82, 0x66, 0x03, 0x00,
    0x0F, 0xFF, 0xF0, 0x83, 0x00, 0x02, 0x0F, 0xFF, 0xF0, 0xAF, 0x00, 0x82, 0xFF, 0x82, 0x00, 0x07, 0xFF, 0xFF, 0x00, 0x33,
    0x3F, 0xF3, 0xFF, 0xFF, 0x90, 0x33, 0xB9, 0x00, 0x00, 0xD6, 0x8E, 0x66, 0x02, 0x6F, 0xFF, 0xF6, 0x82, 0x66, 0x03, 0xD0,
    0x0F, 0xFF, 0xF0, 0x83, 0x00, 0x02, 0x0F, 0xFF, 0xF0, 0xAE, 0x00, 0x00, 0x0F, 0x82, 0xFF, 0x82, 0x00, 0x03, 0xFF, 0xFF,
    0x0A, 0x33, 0x83, 0xFF, 0x8F, 0x33, 0x00, 0x3A, 0xB9, 0x00, 0x00, 0xD6, 0x8E, 0x66, 0x02, 0x6F, 0xFF, 0xF6, 0x82, 0x66,
    0x03, 0xD0, 0x0F, 0xFF, 0xF0, 0x83, 0x00, 0x02, 0x0F, 0xFF, 0xF0, 0xAE, 0x00, 0x00, 0x0F, 0x82, 0xFF, 0x82, 0x00, 0x03,
    0xFF, 0xFF, 0x0A, 0x33, 0x83, 0xFF, 0x8F, 0x33, 0x00, 0x3A, 0xB9, 0x00, 0x00, 0xD6, 0x8E, 0x66, 0x02, 0x6F, 0xFF, 0xF6,
    0x82, 0x66, 0x03, 0x60, 0x0F, 0xFF, 0xF0, 0x83, 0x00, 0x02, 0x0F, 0xFF, 0xF0, 0xAE, 0x00, 0x00, 0x0F, 0x82, 0xFF, 0x06,
    0xF0, 0x00, 0x00, 0xFF, 0xFF, 0x03, 0x33, 0x83, 0xFF, 0x8F, 0x33, 0x00, 0x3A, 0xB9, 0x00, 0x00, 0xD6, 0x8E, 0x66, 0x02,
    0x6F, 0xFF, 0xF6, 0x82, 0x66, 0x03, 0x6D, 0x0F, 0xFF, 0xF0, 0x83, 0x00, 0x02, 0x0F, 0xFF, 0xF0, 0xAE, 0x00, 0x00, 0x0F,
    0x83, 0xFF, 0x00, 0x00, 0x82, 0xFF, 0x01, 0xA3, 0x33, 0x83, 0xFF, 0x8F, 0x33, 0x00, 0x3A, 0xB9, 0x00, 0x00, 0x06, 0x8E,
    0x66, 0x10, 0x6F, 0xFF, 0xF6, 0x66, 0x66, 0x6F, 0xFD, 0x0F, 0xFF, 0xF0, 0x0F, 0xFF, 0xF0, 0x00, 0x0F, 0xFF, 0xF0, 0xAF,
    0x00, 0x86, 0xFF, 0x02, 0xF0, 0xAF, 0xF3, 0x83, 0xFF, 0x8F, 0x33, 0x00, 0x30, 0xB9, 0x00, 0x00, 0x06, 0x8E, 0x66, 0x00,
    0x6F, 0x85, 0xFF, 0x02, 0x0F, 0xFF, 0xF0, 0x85, 0xFF, 0x00, 0xF0, 0xAF, 0x00, 0x00, 0x0F, 0x85, 0xFF, 0x00, 0xF0, 0x85,
    0xFF, 0x8F, 0x33, 0x00, 0x30, 0xB9, 0x00, 0x00, 0x0D, 0x8E, 0x66, 0x00, 0x6F, 0x8E, 0xFF, 0x00, 0xF0, 0xAF, 0x00, 0x03,
    0x0F, 0xFF, 0xFF, 0x0F, 0x89, 0xFF, 0x8F, 0x33, 0x00, 0xA0, 0xB9, 0x00, 0x00, 0x0D, 0x8E, 0x66, 0x00, 0x6F, 0x8E, 0xFF,
    0x00, 0xF0, 0xB0, 0x00, 0x8C, 0xFF, 0x8F, 0x33, 0x00, 0xA0, 0xB9, 0x00, 0x00, 0x0D, 0x8F, 0x66, 0x82, 0xFF, 0x02, 0x66,
    0x66, 0x6F, 0x82, 0xFF, 0x00, 0xF0, 0x82, 0x00, 0x01, 0x0F, 0xFF, 0xB1, 0x00, 0x00, 0x0F, 0x84, 0xFF, 0x00, 0xF3, 0x85,
    0xFF, 0x8F, 0x33, 0x00, 0xA0, 0xBA, 0x00, 0x95, 0x66, 0x02, 0x6F, 0xFF, 0xF0, 0xB8, 0x00, 0x83, 0xFF, 0x01, 0xF0, 0xA3,
    0x85, 0xFF, 0x8F, 0x33, 0xBB, 0x00, 0x00, 0xD6, 0x94, 0x66, 0x01, 0x6D, 0xFF, 0xB8, 0x00, 0x00, 0x0F, 0x84, 0xFF, 0x00,
    0xF3, 0x85, 0xFF, 0x8E, 0x33, 0x00, 0x3A, 0xBB, 0x00, 0x00, 0xD6, 0x95, 0x66, 0x00, 0xD0, 0xB8, 0x00, 0x8C, 0xFF, 0x8E,
    0x33, 0x00, 0x3A, 0xBB, 0x00, 0x00, 0xD6, 0x95, 0x66, 0x00, 0xD0, 0xB8, 0x00, 0x86, 0xFF, 0x05, 0x3F, 0xF3, 0x3F, 0xF3,
    0x3F, 0xF3, 0x8E, 0x33, 0x00, 0x3A, 0xBB, 0x00, 0x00, 0x06, 0x95, 0x66, 0x00, 0x6D, 0xB8, 0x00, 0x00, 0x0F, 0x84, 0xFF,
    0x00, 0xF3, 0x94, 0x33, 0x00, 0x30, 0xBB, 0x00, 0x00, 0x0D, 0x95, 0x66, 0x00, 0x6D, 0xBD, 0x00, 0x00, 0xA3, 0x95, 0x33,
    0x00, 0xA0, 0xBB, 0x00, 0x00, 0x0D, 0x96, 0x66, 0x00, 0xD0, 0xBB, 0x00, 0x00, 0x0A, 0x96, 0x33, 0x00, 0xA0, 0xBC, 0x00,
    0x96, 0x66, 0x00, 0xD0, 0xBB, 0x00, 0x00, 0x0A, 0x96, 0x33, 0xBD, 0x00, 0x00, 0xD6, 0x95, 0x66, 0x00, 0x6D, 0xBB, 0x00,
    0x00, 0xA3, 0x95, 0x33, 0x00, 0x3A, 0xBD, 0x00, 0x00, 0xD6, 0x95, 0x66, 0x00, 0x6D, 0xBB, 0x00, 0x00, 0xA3, 0x95, 0x33,
    0x00, 0x3A, 0xBD, 0x00, 0x00, 0x06, 0x96, 0x66, 0x00, 0xD0, 0xB9, 0x00, 0x00, 0x0A, 0x96, 0x33, 0x00, 0x30, 0xBD, 0x00,
    0x00, 0x0D, 0x96, 0x66, 0x00, 0x6D, 0xB9, 0x00, 0x00, 0xA3, 0x96, 0x33, 0x00, 0xA0, 0xBD, 0x00, 0x00, 0x0D, 0x96, 0x66,
    0x00, 0x6D, 0xB9, 0x00, 0x00, 0xA3, 0x96, 0x33, 0x00, 0xA0, 0xBE, 0x00, 0x97, 0x66, 0x00, 0xD0, 0xB7, 0x00, 0x00, 0x0A,
    0x97, 0x33, 0xBF, 0x00, 0x00, 0xD6, 0x96, 0x66, 0x00, 0x6D, 0xB7, 0x00, 0x00, 0xA3, 0x96, 0x33, 0x00, 0x3A, 0xBF, 0x00,
    0x00, 0xD6, 0x96, 0x66, 0x00, 0x6D, 0xB7, 0x00, 0x00, 0xA3, 0x96, 0x33, 0x00, 0x3A, 0xBF, 0x00, 0x00, 0x0D, 0x95, 0x66,
    0x00, 0x6D, 0xB9, 0x00, 0x00, 0xA3, 0x95, 0x33, 0x00, 0xA0, 0xBF, 0x00, 0x00, 0x0D, 0x95, 0x66, 0x00, 0xD0, 0xB9, 0x00,
    0x00, 0x0A, 0x95, 0x33, 0x00, 0xA0, 0xC0, 0x00, 0x94, 0x66, 0x00, 0xDD, 0xBB, 0x00, 0x00, 0xAA, 0x94, 0x33, 0xC1, 0x00,
    0x00, 0xD6, 0x92, 0x66, 0x00, 0x6D, 0x88, 0x00, 0x00, 0x0F, 0x8D, 0xFF, 0x00, 0xF0, 0xA4, 0x00, 0x00, 0xA3, 0x92, 0x33,
    0x00, 0x3A, 0xC1, 0x00, 0x00, 0xD6, 0x92, 0x66, 0x00, 0xD0, 0x83, 0x00, 0x00, 0xCC, 0x83, 0x00, 0x8F, 0xFF, 0x8B, 0x00,
    0x00, 0x0F, 0x8A, 0xFF, 0x00, 0xF0, 0x86, 0x00, 0x00, 0xBB, 0x83, 0x00, 0x00, 0x0A, 0x92, 0x33, 0x00, 0x3A, 0xC1, 0x00,
    0x00, 0x0D, 0x91, 0x66, 0x00, 0xDD, 0x83, 0x00, 0x02, 0x0C, 0x55, 0xC0, 0x82, 0x00, 0x8F, 0xFF, 0x8B, 0x00, 0x8C, 0xFF,
    0x02, 0x00, 0x0F, 0xF0, 0x82, 0x00, 0x02, 0x0B, 0x44, 0xB0, 0x83, 0x00, 0x00, 0xAA, 0x91, 0x33, 0x00, 0xA0, 0xC1, 0x00,
    0x00, 0x0D, 0x90, 0x66, 0x00, 0x6D, 0x83, 0x00, 0x03, 0x0C, 0x55, 0x55, 0x5C, 0x82, 0x00, 0x8F, 0xFF, 0x8B, 0x00, 0x8C,
    0xFF, 0x02, 0x00, 0xFF, 0xFF, 0x82, 0x00, 0x03, 0xB4, 0x44, 0x44, 0xB0, 0x83, 0x00, 0x00, 0xA3, 0x90, 0x33, 0x00, 0xA0,
    0xC2, 0x00, 0x00, 0xD6, 0x8F, 0x66, 0x00, 0xD0, 0x83, 0x00, 0x00, 0xC5, 0x82, 0x55, 0x04, 0xC0, 0x00, 0x00, 0xFF, 0xFF,
    0x87, 0x00, 0x05, 0x0F, 0xFF, 0xFF, 0x00, 0xFF, 0xFF, 0x8B, 0x00, 0x8C, 0xFF, 0x05, 0x0F, 0xFF, 0xFF, 0x00, 0x00, 0x0B,
    0x82, 0x44, 0x00, 0x4B, 0x83, 0x00, 0x00, 0x0A, 0x8F, 0x33, 0x00, 0x3A, 0xC3, 0x00, 0x00, 0xD6, 0x8E, 0x66, 0x00, 0xD0,
    0x83, 0x00, 0x00, 0x0C, 0x83, 0x55, 0x04, 0x5C, 0x00, 0x00, 0xFF, 0xFF, 0x87, 0x00, 0x82, 0xFF, 0x02, 0x00, 0xFF, 0xFF,
    0x8B, 0x00, 0x01, 0xFF, 0xFF, 0x88, 0x00, 0x84, 0xFF, 0x02, 0x00, 0x00, 0xB4, 0x83, 0x44, 0x00, 0xB0, 0x83, 0x00, 0x00,
    0x0A, 0x8E, 0x33, 0x00, 0x3A, 0xC3, 0x00, 0x00, 0x0D, 0x8D, 0x66, 0x00, 0x6D, 0x84, 0x00, 0x00, 0xC5, 0x84, 0x55, 0x03,
    0xC0, 0x00, 0xFF, 0xFF, 0x87, 0x00, 0x82, 0xFF, 0x02, 0x00, 0xFF, 0xFF, 0x8B, 0x00, 0x01, 0xFF, 0xFF, 0x82, 0x00, 0x00,
    0xFF, 0x84, 0x00, 0x84, 0xFF, 0x01, 0x00, 0x0B, 0x84, 0x44, 0x00, 0x4B, 0x84, 0x00, 0x00, 0xA3, 0x8D, 0x33, 0x00, 0xA0,
    0xC3, 0x00, 0x00, 0x0D, 0x8C, 0x66, 0x01, 0x6D, 0xD0, 0x83, 0x00, 0x00, 0x0C, 0x85, 0x55, 0x03, 0x5C, 0xC0, 0xFF, 0xFF,
    0x87, 0x00, 0x05, 0x0F, 0xFF, 0xFF, 0x00, 0xFF, 0xFF, 0x8B, 0x00, 0x06, 0xFF, 0xFF, 0x00, 0x00, 0x0F, 0xFF, 0xF0, 0x83,
    0x00, 0x84, 0xFF, 0x01, 0x0B, 0xB4, 0x85, 0x44, 0x00, 0xB0, 0x83, 0x00, 0x01, 0x0A, 0xA3, 0x8C, 0x33, 0x00, 0xA0, 0xC4,
    0x00, 0x00, 0xD6, 0x8B, 0x66, 0x00, 0xD0, 0x84, 0x00, 0x00, 0xC5, 0x86, 0x55, 0x02, 0x5C, 0xFF, 0xFF, 0x87, 0x00, 0x05,
    0x0F, 0xFF, 0xF0, 0x00, 0xFF, 0xFF, 0x8B, 0x00, 0x07, 0xFF, 0xFF, 0x00, 0x00, 0x0F, 0xFF, 0xFF, 0xF0, 0x82, 0x00, 0x05,
    0xFF, 0xFF, 0xF0, 0xFF, 0xFF, 0xB4, 0x86, 0x44, 0x00, 0x4B, 0x84, 0x00, 0x00, 0x0A, 0x8B, 0x33, 0x00, 0x3A, 0xC5, 0x00,
    0x00, 0xD6, 0x8A, 0x66, 0x00, 0x6D, 0x84, 0x00, 0x00, 0xCC, 0x88, 0x55, 0x01, 0xFF, 0xFF, 0x87, 0x00, 0x05, 0xFF, 0xFF,
    0x00, 0x00, 0xFF, 0xFF, 0x8B, 0x00, 0x04, 0xFF, 0xFF, 0x00, 0x00, 0x0F, 0x82, 0xFF, 0x07, 0xF0, 0x00, 0x00, 0xFF, 0xFF,
    0x00, 0xFF, 0xFF, 0x88, 0x44, 0x00, 0xBB, 0x84, 0x00, 0x00, 0xA3, 0x8A, 0x33, 0x00, 0x3A, 0xC5, 0x00, 0x00, 0x0D, 0x89,
    0x66, 0x01, 0x6D, 0xD0, 0x83, 0x00, 0x00, 0x0C, 0x89, 0x55, 0x01, 0xFF, 0xFF, 0x87, 0x00, 0x05, 0xFF, 0xFF, 0x00, 0x00,
    0xFF, 0xFF, 0x8B, 0x00, 0x04, 0xFF, 0xFF, 0x00, 0x00, 0x0F, 0x83, 0xFF, 0x06, 0xF0, 0x00, 0xFF, 0xFF, 0x00, 0xFF, 0xFF,
    0x89, 0x44, 0x00, 0xB0, 0x83, 0x00, 0x01, 0x0A, 0xA3, 0x89, 0x33, 0x00, 0xA0, 0xC6, 0x00, 0x89, 0x66, 0x00, 0xD0, 0x84,
    0x00, 0x00, 0xC5, 0x89, 0x55, 0x01, 0xFF, 0xFF, 0x82, 0x00, 0x0A, 0x0F, 0xF0, 0x00, 0x00, 0x0F, 0xFF, 0xFF, 0xF0, 0x00,
    0xFF, 0xFF, 0x8B, 0x00, 0x06, 0xFF, 0xFF, 0x00, 0x00, 0x0F, 0xFF, 0xF0, 0x82, 0xFF, 0x05, 0xF0, 0xFF, 0xFF, 0x00, 0xFF,
    0xFF, 0x89, 0x44, 0x00, 0x4B, 0x84, 0x00, 0x00, 0x0A, 0x89, 0x33, 0xC7, 0x00, 0x00, 0xD6, 0x87, 0x66, 0x00, 0x6D, 0x84,
    0x00, 0x00, 0x0C, 0x8A, 0x55, 0x08, 0xFF, 0xFF, 0xC0, 0x00, 0x00, 0xFF, 0xFF, 0x00, 0x00, 0x82, 0xFF, 0x03, 0xF0, 0x00,
    0xFF, 0xFF, 0x8B, 0x00, 0x07, 0xFF, 0xFF, 0x00, 0x00, 0x0F, 0xFF, 0xF0, 0x00, 0x84, 0xFF, 0x02, 0x0B, 0xFF, 0xFF, 0x8A,
    0x44, 0x00, 0xB0, 0x84, 0x00, 0x00, 0xA3, 0x87, 0x33, 0x00, 0x3A, 0xC7, 0x00, 0x00, 0x0D, 0x86, 0x66, 0x00, 0x6D, 0x85,
    0x00, 0x00, 0xC5, 0x8A, 0x55, 0x08, 0xFF, 0xFF, 0x5C, 0xC0, 0x0F, 0xFF, 0xFF, 0xF0, 0x00, 0x83, 0xFF, 0x02, 0x00, 0xFF,
    0xFF, 0x8B, 0x00, 0x07, 0xFF, 0xFF, 0x00, 0x00, 0x0F, 0xFF, 0xF0, 0x00, 0x84, 0xFF, 0x02, 0xB4, 0xFF, 0xFF, 0x8A, 0x44,
    0x00, 0x4B, 0x85, 0x00, 0x00, 0xA3, 0x86, 0x33, 0x00, 0xA0, 0xC7, 0x00, 0x00, 0x0D, 0x86, 0x66, 0x00, 0xD0, 0x84, 0x00,
    0x00, 0x0C, 0x8B, 0x55, 0x03, 0xFF, 0xFF, 0x55, 0x5C, 0x83, 0xFF, 0x07, 0x0F, 0xFF, 0xF0, 0xFF, 0xFF, 0x00, 0xFF, 0xFF,
    0x8B, 0x00, 0x06, 0xFF, 0xFF, 0x00, 0x00, 0x0F, 0xFF, 0xF0, 0x82, 0xFF, 0x05, 0xF0, 0xFF, 0xFF, 0x44, 0xFF, 0xFF, 0x8B,
    0x44, 0x00, 0xB0, 0x84, 0x00, 0x00, 0x0A, 0x86, 0x33, 0x00, 0xA0, 0xC8, 0x00, 0x00, 0xD6, 0x84, 0x66, 0x00, 0xDD, 0x85,
    0x00, 0x00, 0xC5, 0x8B, 0x55, 0x03, 0xFF, 0xFF, 0x55, 0x55, 0x85, 0xFF, 0x05, 0xF0, 0x0F, 0xFF, 0x00, 0xFF, 0xFF, 0x8B,
    0x00, 0x04, 0xFF, 0xFF, 0x00, 0x00, 0x0F, 0x83, 0xFF, 0x06, 0xF0, 0x00, 0xFF, 0xFF, 0x44, 0xFF, 0xFF, 0x8B, 0x44, 0x00,
    0x4B, 0x85, 0x00, 0x00, 0xAA, 0x84, 0x33, 0x00, 0x3A, 0xC9, 0x00, 0x00, 0x06, 0x83, 0x66, 0x00, 0x6D, 0x85, 0x00, 0x00,
    0xCC, 0x8C, 0x55, 0x06, 0xFF, 0xFF, 0x55, 0x5F, 0xFF, 0xFF, 0x0F, 0x82, 0xFF, 0x05, 0x00, 0x0F, 0xFF, 0xF0, 0xFF, 0xFF,
    0x8B, 0x00, 0x04, 0xFF, 0xFF, 0x00, 0x00, 0x0F, 0x82, 0xFF, 0x07, 0xF0, 0x00, 0xBB, 0xFF, 0xFF, 0x44, 0xFF, 0xFF, 0x8C,
    0x44, 0x00, 0xBB, 0x85, 0x00, 0x00, 0xA3, 0x83, 0x33, 0x00, 0x30, 0xC9, 0x00, 0x00, 0x0D, 0x83, 0x66, 0x00, 0xD0, 0x84,
    0x00, 0x00, 0x0C, 0x8D, 0x55, 0x0F, 0xFF, 0xFF, 0x55, 0xFF, 0xFF, 0xF5, 0xCC, 0xFF, 0xFF, 0xF0, 0x00, 0x00, 0xFF, 0xF0,
    0xFF, 0xFF, 0x8B, 0x00, 0x04, 0xFF, 0xFF, 0x00, 0x00, 0x0F, 0x82, 0xFF, 0x07, 0x00, 0xBB, 0x44, 0xFF, 0xFF, 0x44, 0xFF,
    0xFF, 0x8D, 0x44, 0x00, 0xB0, 0x84, 0x00, 0x00, 0x0A, 0x83, 0x33, 0x00, 0xA0, 0xCA, 0x00, 0x03, 0xD6, 0x66, 0x66, 0xD0,
    0x85, 0x00, 0x00, 0xC5, 0x8D, 0x55, 0x0B, 0xFF, 0xFF, 0x5F, 0xFF, 0xFF, 0x55, 0x55, 0xCF, 0xFF, 0xF0, 0x00, 0x00, 0x83,
    0xFF, 0x8B, 0x00, 0x0A, 0xFF, 0xFF, 0x00, 0x00, 0x0F, 0xFF, 0xFF, 0x00, 0xBB, 0x44, 0x44, 0x84, 0xFF, 0x8D, 0x44, 0x00,
    0x4B, 0x85, 0x00, 0x03, 0x0A, 0x33, 0x33, 0x3A, 0xCB, 0x00, 0x02, 0x06, 0x66, 0x6D, 0x85, 0x00, 0x00, 0x0C, 0x8E, 0x55,
    0x83, 0xFF, 0x00, 0xF5, 0x82, 0x55, 0x00, 0xFF, 0x82, 0x00, 0x83, 0xFF, 0x8B, 0x00, 0x01, 0xFF, 0xFF, 0x82, 0x00, 0x02,
    0xFF, 0x00, 0xBB, 0x82, 0x44, 0x84, 0xFF, 0x8E, 0x44, 0x00, 0xB0, 0x85, 0x00, 0x02, 0xA3, 0x33, 0x30, 0xCB, 0x00, 0x02,
    0x0D, 0x66, 0xD0, 0x85, 0x00, 0x00, 0xC5, 0x8E, 0x55, 0x83, 0xFF, 0x84, 0x55, 0x03, 0x5C, 0xC0, 0x00, 0x0F, 0x82, 0xFF,
    0x8B, 0x00, 0x01, 0xFF, 0xFF, 0x82, 0x00, 0x01, 0x0B, 0xB4, 0x83, 0x44, 0x84, 0xFF, 0x8E, 0x44, 0x00, 0x4B, 0x85, 0x00,
    0x02, 0x0A, 0x33, 0xA0, 0xCC, 0x00, 0x00, 0xD0, 0x85, 0x00, 0x00, 0x0C, 0x8F, 0x55, 0x82, 0xFF, 0x00, 0xF5, 0x85, 0x55,
    0x02, 0x5C, 0xCC, 0x0F, 0x82, 0xFF, 0x8B, 0x00, 0x8F, 0xFF, 0x8F, 0x44, 0x00, 0xB0, 0x85, 0x00, 0x00, 0x0A, 0xD4, 0x00,
    0x00, 0xC5, 0x8F, 0x55, 0x8F, 0xFF, 0x8B, 0x00, 0x8C, 0xFF, 0x02, 0x44, 0xFF, 0xFF, 0x8F, 0x44, 0x00, 0x4B, 0xDA, 0x00,
    0x00, 0xC5, 0x90, 0x55, 0x8F, 0xFF, 0x8B, 0x00, 0x8C, 0xFF, 0x02, 0x44, 0x4F, 0xF4, 0x90, 0x44, 0x00, 0x4B, 0xD8, 0x00,
    0x00, 0x0C, 0x91, 0x55, 0x8F, 0xFF, 0x00, 0x55, 0x82, 0xCC, 0x83, 0x00, 0x82, 0xBB, 0x01, 0x44, 0x4F, 0x8A, 0xFF, 0x00,
    0xF4, 0x94, 0x44, 0x00, 0xB0, 0xD7, 0x00, 0x00, 0xC5, 0x91, 0x55, 0x00, 0x5F, 0x8D, 0xFF, 0x00, 0xF5, 0x83, 0x55, 0x03,
    0xC0, 0x00, 0x00, 0x0B, 0xA5, 0x44, 0x00, 0x4B, 0xD6, 0x00, 0x00, 0x0C, 0xA6, 0x55, 0x03, 0xC0, 0x00, 0x00, 0x0B, 0xA6,
    0x44, 0x00, 0xB0, 0xD5, 0x00, 0x00, 0xC5, 0xA6, 0x55, 0x03, 0xC0, 0x00, 0x00, 0x0B, 0xA6, 0x44, 0x00, 0x4B, 0xD4, 0x00,
    0x00, 0x0C, 0xA7, 0x55, 0x03, 0xC0, 0x00, 0x00, 0x0B, 0xA7, 0x44, 0x00, 0xB0, 0xD3, 0x00, 0x00, 0xC5, 0xA7, 0x55, 0x83,
    0x00, 0xA7, 0x44, 0x00, 0x4B, 0xD3, 0x00, 0x00, 0x0C, 0xA7, 0x55, 0x83, 0x00, 0xA7, 0x44, 0x00, 0xB0, 0xD4, 0x00, 0x00,
    0xC5, 0xA6, 0x55, 0x83, 0x00, 0xA6, 0x44, 0x00, 0x4B, 0xD5, 0x00, 0x00, 0x0C, 0xA6, 0x55, 0x83, 0x00, 0xA6, 0x44, 0x00,
    0xB0, 0xD6, 0x00, 0x00, 0xC5, 0xA5, 0x55, 0x83, 0x00, 0xA5, 0x44, 0x00, 0x4B, 0xD7, 0x00, 0x00, 0x0C, 0xA5, 0x55, 0x83,
    0x00, 0xA5, 0x44, 0x00, 0xB0, 0xD8, 0x00, 0x00, 0xC5, 0xA4, 0x55, 0x83, 0x00, 0xA4, 0x44, 0x00, 0x4B, 0xD9, 0x00, 0x00,
    0x0C, 0xA4, 0x55, 0x83, 0x00, 0xA4, 0x44, 0x00, 0xB0, 0xDA, 0x00, 0x00, 0xC5, 0xA3, 0x55, 0x83, 0x00, 0xA3, 0x44, 0x00,
    0x4B, 0xDB, 0x00, 0x00, 0x0C, 0xA2, 0x55, 0x00, 0x5C, 0x83, 0x00, 0x00, 0xB4, 0xA2, 0x44, 0x00, 0xB0, 0xDC, 0x00, 0x00,
    0xC5, 0xA1, 0x55, 0x00, 0x5C, 0x83, 0x00, 0x00, 0xB4, 0xA1, 0x44, 0x00, 0x4B, 0xDD, 0x00, 0x00, 0x0C, 0xA1, 0x55, 0x00,
    0x5C, 0x83, 0x00, 0x00, 0xB4, 0xA1, 0x44, 0x00, 0xB0, 0xDE, 0x00, 0x00, 0xCC, 0xA0, 0x55, 0x00, 0x5C, 0x83, 0x00, 0x00,
    0xB4, 0xA0, 0x44, 0x00, 0xBB, 0xE0, 0x00, 0x00, 0xC5, 0x9F, 0x55, 0x00, 0x5C, 0x83, 0x00, 0x00, 0xB4, 0x9F, 0x44, 0x00,
    0x4B, 0xE1, 0x00, 0x00, 0x0C, 0x9F, 0x55, 0x00, 0x5C, 0x83, 0x00, 0x00, 0xB4, 0x9F, 0x44, 0x00, 0xB0, 0xE2, 0x00, 0x00,
    0xC5, 0x9E, 0x55, 0x00, 0x5C, 0x83, 0x00, 0x00, 0xB4, 0x9E, 0x44, 0x00, 0x4B, 0xE3, 0x00, 0x01, 0x0C, 0xC5, 0x9D, 0x55,
    0x00, 0x5C, 0x83, 0x00, 0x00, 0xB4, 0x9D, 0x44, 0x01, 0x4B, 0xB0, 0xE4, 0x00, 0x00, 0x0C, 0x9D, 0x55, 0x00, 0x5C, 0x83,
    0x00, 0x00, 0xB4, 0x9D, 0x44, 0x00, 0xB0, 0xE6, 0x00, 0x00, 0xC5, 0x9C, 0x55, 0x00, 0x5C, 0x83, 0x00, 0x00, 0xB4, 0x9C,
    0x44, 0x00, 0x4B, 0xE8, 0x00, 0x00, 0xC5, 0x9B, 0x55, 0x00, 0x50, 0x83, 0x00, 0x00, 0x04, 0x9B, 0x44, 0x00, 0x4B, 0xE9,
    0x00, 0x00, 0x0C, 0x9B, 0x55, 0x00, 0x50, 0x83, 0x00, 0x00, 0x04, 0x9B, 0x44, 0x00, 0xB0, 0xEA, 0x00, 0x00, 0x0C, 0x9A,
    0x55, 0x00, 0x50, 0x83, 0x00, 0x00, 0x04, 0x9A, 0x44, 0x00, 0xB0, 0xEC, 0x00, 0x00, 0xCC, 0x99, 0x55, 0x00, 0x50, 0x83,
    0x00, 0x00, 0x04, 0x99, 0x44, 0x00, 0xBB, 0xEE, 0x00, 0x00, 0xC5, 0x98, 0x55, 0x00, 0x50, 0x83, 0x00, 0x00, 0x04, 0x98,
    0x44, 0x00, 0x4B, 0xF0, 0x00, 0x00, 0xC5, 0x97, 0x55, 0x00, 0x50, 0x83, 0x00, 0x00, 0x04, 0x97, 0x44, 0x00, 0x4B, 0xF1,
    0x00, 0x01, 0x0C, 0xC5, 0x96, 0x55, 0x00, 0x50, 0x83, 0x00, 0x00, 0x04, 0x96, 0x44, 0x01, 0x4B, 0xB0, 0xF2, 0x00, 0x01,
    0x0C, 0xC5, 0x95, 0x55, 0x00, 0x50, 0x83, 0x00, 0x00, 0x04, 0x95, 0x44, 0x01, 0x4B, 0xB0, 0xF4, 0x00, 0x01, 0x0C, 0xC5,
    0x94, 0x55, 0x00, 0x50, 0x83, 0x00, 0x00, 0x04, 0x94, 0x44, 0x01, 0x4B, 0xB0, 0xF6, 0x00, 0x01, 0x0C, 0xC5, 0x93, 0x55,
    0x00, 0xC0, 0x83, 0x00, 0x00, 0x0B, 0x93, 0x44, 0x01, 0x4B, 0xB0, 0xF8, 0x00, 0x01, 0x0C, 0xC5, 0x92, 0x55, 0x00, 0xC0,
    0x83, 0x00, 0x00, 0x0B, 0x92, 0x44, 0x01, 0x4B, 0xB0, 0xFB, 0x00, 0x00, 0xCC, 0x91, 0x55, 0x00, 0xC0, 0x83, 0x00, 0x00,
    0x0B, 0x91, 0x44, 0x00, 0xBB, 0xFE, 0x00, 0x00, 0xCC, 0x90, 0x55, 0x00, 0xC0, 0x83, 0x00, 0x00, 0x0B, 0x90, 0x44, 0x00,
    0xBB, 0xFF, 0x00, 0x02, 0x00, 0x0C, 0xC5, 0x8E, 0x55, 0x00, 0xC0, 0x83, 0x00, 0x00, 0x0B, 0x8E, 0x44, 0x01, 0x4B, 0xB0,
    0xFF, 0x00, 0x83, 0x00, 0x00, 0xCC, 0x8D, 0x55, 0x00, 0xC0, 0x83, 0x00, 0x00, 0x0B, 0x8D, 0x44, 0x00, 0xBB, 0xFF, 0x00,
    0x86, 0x00, 0x01, 0x0C, 0xC5, 0x8B, 0x55, 0x00, 0xC0, 0x83, 0x00, 0x00, 0x0B, 0x8B, 0x44, 0x01, 0x4B, 0xB0, 0xFF, 0x00,
    0x89, 0x00, 0x01, 0xCC, 0xC5, 0x89, 0x55, 0x00, 0xC0, 0x83, 0x00, 0x00, 0x0B, 0x89, 0x44, 0x01, 0x4B, 0xBB, 0xFF, 0x00,
    0x8D, 0x00, 0x01, 0xCC, 0xC5, 0x87, 0x55, 0x00, 0xC0, 0x83, 0x00, 0x00, 0x0B, 0x87, 0x44, 0x01, 0x4B, 0xBB, 0xFF, 0x00,
    0x91, 0x00, 0x02, 0x0C, 0xCC, 0xC5, 0x84, 0x55, 0x00, 0xC0, 0x83, 0x00, 0x00, 0x0B, 0x84, 0x44, 0x02, 0x4B, 0xBB, 0xB0,
    0xFF, 0x00, 0x97, 0x00, 0x03, 0xCC, 0xCC, 0xC5, 0x55, 0x85, 0x00, 0x03, 0x44, 0x4B, 0xBB, 0xBB, 0xFF, 0x00, 0xFF, 0x00,
    0xFF, 0x00, 0xFF, 0x00, 0xFF, 0x00, 0xFF, 0x00, 0xFF, 0x00, 0xFF, 0x00, 0xFF, 0x00, 0xFF, 0x00, 0xFF, 0x00, 0xFF, 0x00,
    0xFF, 0x00, 0xFF, 0x00, 0xFF, 0x00, 0xFF, 0x00, 0xFF, 0x00, 0xFF, 0x00, 0xFF, 0x00, 0xFF, 0x00, 0xFF, 0x00, 0xFF, 0x00,
    0xFF, 0x00, 0xFF, 0x00, 0xFF, 0x00, 0xFF, 0x00, 0xFF, 0x00, 0xFF, 0x00, 0xFF, 0x00, 0xFF, 0x00, 0xFF, 0x00, 0xFF, 0x00,
    0xFF, 0x00, 0xFF, 0x00, 0xFF, 0x00, 0xFF, 0x00, 0xFF, 0x00, 0xFF, 0x00, 0xFF, 0x00, 0xFF, 0x00, 0xFF, 0x00, 0xFF, 0x00,
    0xFF, 0x00, 0xFF, 0x00, 0xFF, 0x00, 0xFF, 0x00, 0xFF, 0x00, 0xFF, 0x00, 0xFF, 0x00, 0xFF, 0x00, 0xFF, 0x00, 0xFF, 0x00,
    0xFF, 0x00, 0xFF, 0x00, 0xFF, 0x00, 0xFF, 0x00, 0xFF, 0x00, 0xFF, 0x00, 0xFF, 0x00, 0xFF, 0x00, 0xFF, 0x00, 0xFF, 0x00,
    0xFF, 0x00, 0xFF, 0x00, 0xFF, 0x00, 0xFF, 0x00, 0xFF, 0x00, 0xFF, 0x00, 0xFF, 0x00, 0xFF, 0x00, 0xFF, 0x00, 0xFF, 0x00,
    0xFF, 0x00, 0xFF, 0x00, 0xFF, 0x00, 0xFF, 0x00, 0xA7, 0x00,
};

static const uint8_t kLauncherFrame06[] = {
    0xFF, 0x00, 0xFF, 0x00, 0xFF, 0x00, 0xFF, 0x00, 0xFF, 0x00, 0xFF, 0x00, 0xFF, 0x00, 0xFF, 0x00, 0xFF, 0x00, 0xFF, 0x00,
    0xFF, 0x00, 0xFF, 0x00, 0xFF, 0x00, 0xFF, 0x00, 0xFF, 0x00, 0xFF, 0x00, 0xFF, 0x00, 0xFF, 0x00, 0xFF, 0x00, 0xFF, 0x00,
    0xFF, 0x00, 0xFF, 0x00, 0xFF, 0x00, 0xFF, 0x00, 0xFF, 0x00, 0xFF, 0x00, 0xFF, 0x00, 0xFF, 0x00, 0xFF, 0x00, 0xFF, 0x00,
    0xFF, 0x00, 0xFF, 0x00, 0xFF, 0x00, 0xFF, 0x00, 0xFF, 0x00, 0xFF, 0x00, 0xFF, 0x00, 0xFF, 0x00, 0xFF, 0x00, 0xFF, 0x00,
    0xFF, 0x00, 0xFF, 0x00, 0xFF, 0x00, 0xFF, 0x00, 0xFF, 0x00, 0xFF, 0x00, 0xFF, 0x00, 0xFF, 0x00, 0xFF, 0x00, 0xFF, 0x00,
    0xFF, 0x00, 0xFF, 0x00, 0xFF, 0x00, 0xFF, 0x00, 0xFF, 0x00, 0xFF, 0x00, 0xFF, 0x00, 0xFF, 0x00, 0xFF, 0x00, 0xFF, 0x00,
    0xFF, 0x00, 0xFF, 0x00, 0xFF, 0x00, 0xFF, 0x00, 0xFF, 0x00, 0xFF, 0x00, 0xFF, 0x00, 0xFF, 0x00, 0xAA, 0x00, 0x03, 0x08,
    0x88, 0x88, 0x81, 0x87, 0x11, 0x03, 0x18, 0x88, 0x88, 0x80, 0xFF, 0x00, 0x96, 0x00, 0x01, 0x08, 0x88, 0x91, 0x11, 0x01,
    0x88, 0x80, 0xFF, 0x00, 0x91, 0x00, 0x01, 0x88, 0x81, 0x95, 0x11, 0x01, 0x18, 0x88, 0xFF, 0x00, 0x8D, 0x00, 0x00, 0x88,
    0x9B, 0x11, 0x00, 0x88, 0xFF, 0x00, 0x89, 0x00, 0x00, 0x88, 0x9F, 0x11, 0x00, 0x88, 0xFF, 0x00, 0x85, 0x00, 0x01, 0x08,
    0x81, 0xA1, 0x11, 0x01, 0x18, 0x80, 0xFF, 0x00, 0x82, 0x00, 0x00, 0x88, 0xA5, 0x11, 0x00, 0x88, 0xFF, 0x00, 0x01, 0x08,
    0x81, 0xA7, 0x11, 0x01, 0x18, 0x80, 0xFC, 0x00, 0x00, 0x08, 0xAB, 0x11, 0x00, 0x80, 0xFA, 0x00, 0x00, 0x08, 0xAD, 0x11,
    0x00, 0x80, 0xF9, 0x00, 0x00, 0x08, 0xAD, 0x11, 0x00, 0x80, 0xFA, 0x00, 0x00, 0x81, 0xAB, 0x11, 0x00, 0x18, 0xFB, 0x00,
    0x00, 0x81, 0xAB, 0x11, 0x00, 0x18, 0xFB, 0x00, 0x00, 0x01, 0xAB, 0x11, 0x00, 0x10, 0xF5, 0x00, 0x01, 0xE7, 0xE0, 0x83,
    0x00, 0x00, 0x08, 0xAB, 0x11, 0x00, 0x80, 0x83, 0x00, 0x01, 0x09, 0x29, 0xEE, 0x00, 0x02, 0xEE, 0x77, 0x7E, 0x84, 0x00,
    0xAB, 0x11, 0x84, 0x00, 0x02, 0x92, 0x22, 0x99, 0xEC, 0x00, 0x03, 0x0E, 0x77, 0x77, 0x7E, 0x84, 0x00, 0x00, 0x81, 0xA9,
    0x11, 0x00, 0x18, 0x84, 0x00, 0x03, 0x92, 0x22, 0x22, 0x90, 0xEA, 0x00, 0x00, 0x0E, 0x83, 0x77, 0x00, 0xE0, 0x83, 0x00,
    0x00, 0x81, 0xA9, 0x11, 0x00, 0x18, 0x83, 0x00, 0x00, 0x09, 0x83, 0x22, 0x00, 0x90, 0xE8, 0x00, 0x01, 0x0E, 0xE7, 0x83,
    0x77, 0x00, 0xE0, 0x83, 0x00, 0x00, 0x08, 0xA9, 0x11, 0x00, 0x80, 0x83, 0x00, 0x00, 0x09, 0x83, 0x22, 0x01, 0x29, 0x90,
    0xE7, 0x00, 0x00, 0xE7, 0x84, 0x77, 0x00, 0x7E, 0x83, 0x00, 0x00, 0x08, 0xA9, 0x11, 0x00, 0x80, 0x83, 0x00, 0x00, 0x92,
    0x84, 0x22, 0x00, 0x29, 0xE6, 0x00, 0x00, 0xEE, 0x85, 0x77, 0x00, 0x7E, 0x84, 0x00, 0xA9, 0x11, 0x84, 0x00, 0x00, 0x92,
    0x85, 0x22, 0x00, 0x99, 0xE4, 0x00, 0x00, 0x0E, 0x87, 0x77, 0x00, 0xE0, 0x83, 0x00, 0x00, 0x81, 0xA7, 0x11, 0x00, 0x18,
    0x83, 0x00, 0x00, 0x09, 0x87, 0x22, 0x00, 0x90, 0xE2, 0x00, 0x01, 0x0E, 0xE7, 0x87, 0x77, 0x00, 0xE0, 0x83, 0x00, 0x00,
    0x01, 0xA7, 0x11, 0x00, 0x10, 0x83, 0x00, 0x00, 0x09, 0x87, 0x22, 0x01, 0x29, 0x90, 0xE1, 0x00, 0x00, 0xE7, 0x88, 0x77,
    0x00, 0x7E, 0x83, 0x00, 0x00, 0x08, 0xA7, 0x11, 0x00, 0x80, 0x83, 0x00, 0x00, 0x92, 0x88, 0x22, 0x00, 0x29, 0xE0, 0x00,
    0x00, 0x0E, 0x8A, 0x77, 0x83, 0x00, 0x00, 0x08, 0xA7, 0x11, 0x00, 0x80, 0x83, 0x00, 0x8A, 0x22, 0x00, 0x90, 0xDF, 0x00,
    0x00, 0xE7, 0x8A, 0x77, 0x00, 0xE0, 0x83, 0x00, 0x00, 0x81, 0xA5, 0x11, 0x00, 0x18, 0x83, 0x00, 0x00, 0x09, 0x8A, 0x22,
    0x00, 0x29, 0xDE, 0x00, 0x00, 0xE7, 0x8B, 0x77, 0x00, 0x70, 0x83, 0x00, 0x00, 0x81, 0xA5, 0x11, 0x00, 0x18, 0x83, 0x00,
    0x00, 0x02, 0x8B, 0x22, 0x00, 0x29, 0xDC, 0x00, 0x00, 0x0E, 0x8C, 0x77, 0x00, 0x7E, 0x83, 0x00, 0x00, 0x01, 0x96, 0x11,
    0x00, 0xFF, 0x8D, 0x11, 0x00, 0x10, 0x83, 0x00, 0x00, 0x92, 0x8C, 0x22, 0x00, 0x90, 0xDB, 0x00, 0x00, 0xE7, 0x8D, 0x77,
    0x83, 0x00, 0x00, 0x08, 0x94, 0x11, 0x82, 0xFF, 0x00, 0xF1, 0x8C, 0x11, 0x00, 0x80, 0x83, 0x00, 0x8D, 0x22, 0x00, 0x29,
    0xDA, 0x00, 0x00, 0x0E, 0x8E, 0x77, 0x00, 0xE0, 0x82, 0x00, 0x00, 0x08, 0x91, 0x11, 0x00, 0x1F, 0x84, 0xFF, 0x00, 0xF1,
    0x8C, 0x11, 0x00, 0x80, 0x82, 0x00, 0x00, 0x09, 0x8E, 0x22, 0x00, 0x90, 0xD9, 0x00, 0x00, 0xE7, 0x8E, 0x77, 0x00, 0x7E,
    0x83, 0x00, 0x00, 0x81, 0x8D, 0x11, 0x00, 0x1F, 0x87, 0xFF, 0x00, 0xF1, 0x8B, 0x11, 0x00, 0x18, 0x83, 0x00, 0x00, 0x92,
    0x8E, 0x22, 0x00, 0x29, 0xD8, 0x00, 0x00, 0x0E, 0x8F, 0x77, 0x00, 0x7E, 0x83, 0x00, 0x00, 0x81, 0x8D, 0x11, 0x88, 0xFF,
    0x00, 0xF1, 0x8B, 0x11, 0x00, 0x18, 0x83, 0x00, 0x00, 0x92, 0x8F, 0x22, 0x00, 0x90, 0xD7, 0x00, 0x00, 0xE7, 0x90, 0x77,
    0x00, 0xE0, 0x82, 0x00, 0x00, 0x01, 0x8D, 0x11, 0x84, 0xFF, 0x04, 0x11, 0x11, 0x1F, 0xFF, 0xF1, 0x8B, 0x11, 0x00, 0x10,
    0x82, 0x00, 0x00, 0x09, 0x90, 0x22, 0x00, 0x29, 0xD6, 0x00, 0x00, 0xE7, 0x91, 0x77, 0x00, 0xE0, 0x82, 0x00, 0x00, 0x08,
    0x8D, 0x11, 0x02, 0xFF, 0xFF, 0xF1, 0x83, 0x11, 0x02, 0x1F, 0xFF, 0xF1, 0x8B, 0x11, 0x00, 0x80, 0x82, 0x00, 0x00, 0x09,
    0x91, 0x22, 0x00, 0x29, 0xD4, 0x00, 0x00, 0x0E, 0x92, 0x77, 0x00, 0x7E, 0x83, 0x00, 0x8D, 0x11, 0x01, 0xFF, 0xFF, 0x84,
    0x11, 0x02, 0x1F, 0xFF, 0xF1, 0x8B, 0x11, 0x83, 0x00, 0x00, 0x92, 0x92, 0x22, 0x00, 0x90, 0xD3, 0x00, 0x00, 0xE7, 0x92,
    0x77, 0x00, 0x7E, 0x83, 0x00, 0x00, 0x81, 0x8C, 0x11, 0x01, 0xFF, 0xFF, 0x84, 0x11, 0x02, 0x1F, 0xFF, 0xF1, 0x8A, 0x11,
    0x00, 0x18, 0x83, 0x00, 0x00, 0x92, 0x92, 0x22, 0x00, 0x29, 0xD3, 0x00, 0x94, 0x77, 0x00, 0xE0, 0x82, 0x00, 0x00, 0x81,
    0x8C, 0x11, 0x01, 0xFF, 0xFF, 0x84, 0x11, 0x02, 0x1F, 0xFF, 0xF1, 0x8A, 0x11, 0x00, 0x18, 0x82, 0x00, 0x00, 0x09, 0x94,
    0x22, 0xD2, 0x00, 0x00, 0x0E, 0x94, 0x77, 0x00, 0xE0, 0x82, 0x00, 0x00, 0x08, 0x8C, 0x11, 0x01, 0xFF, 0xFF, 0x84, 0x11,
    0x02, 0x1F, 0xFF, 0xF1, 0x8A, 0x11, 0x00, 0x80, 0x82, 0x00, 0x00, 0x09, 0x94, 0x22, 0x00, 0x90, 0xD1, 0x00, 0x00, 0xE7,
    0x94, 0x77, 0x00, 0x7E, 0x82, 0x00, 0x00, 0x08, 0x8C, 0x11, 0x01, 0xFF, 0xFF, 0x84, 0x11, 0x02, 0x1F, 0xFF, 0xF1, 0x8A,
    0x11, 0x00, 0x80, 0x82, 0x00, 0x00, 0x92, 0x94, 0x22, 0x00, 0x29, 0xD0, 0x00, 0x00, 0x0E, 0x96, 0x77, 0x83, 0x00, 0x8C,
    0x11, 0x01, 0xFF, 0xFF, 0x84, 0x11, 0x02, 0x1F, 0xFF, 0xF1, 0x8A, 0x11, 0x83, 0x00, 0x96, 0x22, 0x00, 0x90, 0xCF, 0x00,
    0x00, 0xE7, 0x96, 0x77, 0x00, 0xE0, 0x82, 0x00, 0x00, 0x81, 0x8B, 0x11, 0x01, 0xFF, 0xFF, 0x84, 0x11, 0x02, 0x1F, 0xFF,
    0xF1, 0x89, 0x11, 0x00, 0x18, 0x82, 0x00, 0x00, 0x09, 0x96, 0x22, 0x00, 0x29, 0xCE, 0x00, 0x00, 0x0E, 0x97, 0x77, 0x00,
    0x70, 0x82, 0x00, 0x00, 0x01, 0x8B, 0x11, 0x01, 0xFF, 0xFF, 0x84, 0x11, 0x02, 0x1F, 0xFF, 0xF1, 0x89, 0x11, 0x00, 0x10,
    0x82, 0x00, 0x00, 0x02, 0x97, 0x22, 0x00, 0x90, 0xCD, 0x00, 0x00, 0xE7, 0x97, 0x77, 0x00, 0x7E, 0x82, 0x00, 0x00, 0x08,
    0x8B, 0x11, 0x01, 0xFF, 0xFF, 0x84, 0x11, 0x02, 0x1F, 0xFF, 0xF1, 0x89, 0x11, 0x00, 0x80, 0x82, 0x00, 0x00, 0x92, 0x97,
    0x22, 0x00, 0x29, 0xCC, 0x00, 0x00, 0x0E, 0x99, 0x77, 0x82, 0x00, 0x00, 0x08, 0x8B, 0x11, 0x01, 0xFF, 0xFF, 0x84, 0x11,
    0x02, 0x1F, 0xFF, 0xF1, 0x89, 0x11, 0x00, 0x80, 0x82, 0x00, 0x99, 0x22, 0x00, 0x90, 0xCB, 0x00, 0x00, 0x07, 0x99, 0x77,
    0x00, 0xE0, 0x82, 0x00, 0x00, 0x81, 0x8A, 0x11, 0x09, 0xFF, 0xFF, 0x11, 0x11, 0x1F, 0xFF, 0xFF, 0x1F, 0xFF, 0xF1, 0x88,
    0x11, 0x00, 0x18, 0x82, 0x00, 0x00, 0x09, 0x99, 0x22, 0x00, 0x20, 0xCB, 0x00, 0x00, 0xE7, 0x99, 0x77, 0x00, 0x70, 0x82,
    0x00, 0x00, 0x81, 0x8A, 0x11, 0x03, 0xFF, 0xFF, 0x11, 0x11, 0x84, 0xFF, 0x00, 0xF1, 0x88, 0x11, 0x00, 0x18, 0x82, 0x00,
    0x00, 0x02, 0x99, 0x22, 0x00, 0x29, 0xCA, 0x00, 0x00, 0x0E, 0x9A, 0x77, 0x00, 0x7E, 0x82, 0x00, 0x00, 0x01, 0x8A, 0x11,
    0x03, 0xFF, 0xFF, 0x11, 0x1F, 0x84, 0xFF, 0x00, 0xF1, 0x88, 0x11, 0x00, 0x10, 0x82, 0x00, 0x00, 0x92, 0x9A, 0x22, 0x00,
    0x90, 0xC9, 0x00, 0x00, 0xE7, 0x9B, 0x77, 0x03, 0xE0, 0x00, 0x00, 0x08, 0x89, 0x11, 0x04, 0x88, 0xFF, 0xFF, 0x00, 0x0F,
    0x84, 0xFF, 0x00, 0xF1, 0x88, 0x11, 0x03, 0x80, 0x00, 0x00, 0x09, 0x9B, 0x22, 0x00, 0x29, 0xC8, 0x00, 0x00, 0x0E, 0x9C,
    0x77, 0x00, 0xE0, 0x82, 0x00, 0x86, 0x11, 0x07, 0x88, 0x88, 0x00, 0x00, 0xFF, 0xFF, 0x00, 0x0F, 0x84, 0xFF, 0x02, 0x00,
    0x88, 0x88, 0x86, 0x11, 0x82, 0x00, 0x00, 0x09, 0x9C, 0x22, 0x00, 0x90, 0xC7, 0x00, 0x00, 0x0E, 0x9C, 0x77, 0x00, 0x7E,
    0x82, 0x00, 0x00, 0x81, 0x83, 0x11, 0x09, 0x88, 0x80, 0x00, 0xFF, 0xFF, 0xF0, 0xFF, 0xFF, 0x00, 0x0F, 0x82, 0xFF, 0x00,
    0xF0, 0x83, 0x00, 0x01, 0x08, 0x88, 0x83, 0x11, 0x00, 0x18, 0x82, 0x00, 0x00, 0x92, 0x9C, 0x22, 0x00, 0x90, 0xC7, 0x00,
    0x00, 0xE7, 0x9C, 0x77, 0x00, 0x7E, 0x82, 0x00, 0x07, 0x81, 0x11, 0x11, 0x18, 0x80, 0x00, 0x00, 0x0F, 0x84, 0xFF, 0x01,
    0x00, 0x0F, 0x82, 0xFF, 0x00, 0xF0, 0x85, 0x00, 0x04, 0x08, 0x81, 0x11, 0x11, 0x18, 0x82, 0x00, 0x00, 0x92, 0x9C, 0x22,
    0x00, 0x29, 0xC6, 0x00, 0x00, 0x0E, 0x9E, 0x77, 0x05, 0xE0, 0x00, 0x00, 0x08, 0x11, 0x88, 0x83, 0x00, 0x85, 0xFF, 0x01,
    0x00, 0x00, 0x82, 0xFF, 0x88, 0x00, 0x05, 0x88, 0x11, 0x80, 0x00, 0x00, 0x09, 0x9E, 0x22, 0x00, 0x90, 0xC5, 0x00, 0x00,
    0x0E, 0x9E, 0x77, 0x04, 0xE0, 0x00, 0x00, 0x08, 0x88, 0x84, 0x00, 0x84, 0xFF, 0x00, 0xF0, 0x82, 0x00, 0x00, 0xFF, 0x8A,
    0x00, 0x04, 0x88, 0x80, 0x00, 0x00, 0x09, 0x9E, 0x22, 0x00, 0x90, 0xC5, 0x00, 0x00, 0xE7, 0x9E, 0x77, 0x00, 0x7E, 0x88,
    0x00, 0x83, 0xFF, 0x00, 0xF0, 0x93, 0x00, 0x00, 0x92, 0x9E, 0x22, 0x00, 0x29, 0xC4, 0x00, 0x00, 0x0E, 0xA0, 0x77, 0x88,
    0x00, 0x83, 0xFF, 0x94, 0x00, 0xA0, 0x22, 0x00, 0x90, 0xC3, 0x00, 0x00, 0x0E, 0xA0, 0x77, 0x00, 0xE0, 0x87, 0x00, 0x83,
    0xFF, 0x93, 0x00, 0x00, 0x09, 0xA0, 0x22, 0x00, 0x90, 0xC3, 0x00, 0x00, 0xE7, 0x93, 0x77, 0x01, 0x7F, 0xF7, 0x89, 0x77,
    0x00, 0xE0, 0x88, 0x00, 0x03, 0x0F, 0xFF, 0xFF, 0xF0, 0x94, 0x00, 0x00, 0x09, 0x86, 0x22, 0x07, 0x2F, 0xF2, 0x22, 0x2F,
    0xF2, 0x22, 0x2F, 0xF2, 0x90, 0x22, 0x00, 0x29, 0xC3, 0x00, 0x94, 0x77, 0x01, 0xFF, 0xFF, 0x88, 0x77, 0x00, 0xEE, 0x8A,
    0x00, 0x01, 0x0F, 0xF0, 0x96, 0x00, 0x00, 0x99, 0x85, 0x22, 0x07, 0xFF, 0xFF, 0x22, 0xFF, 0xFF, 0x22, 0xFF, 0xFF, 0x91,
    0x22, 0xC2, 0x00, 0x00, 0x0E, 0x94, 0x77, 0x01, 0xFF, 0xFF, 0x87, 0x77, 0x00, 0x7E, 0xA5, 0x00, 0x00, 0x92, 0x84, 0x22,
    0x07, 0xFF, 0xFF, 0x22, 0xFF, 0xFF, 0x22, 0xFF, 0xFF, 0x91, 0x22, 0x00, 0x90, 0xC1, 0x00, 0x00, 0xE7, 0x94, 0x77, 0x01,
    0xFF, 0xFF, 0x86, 0x77, 0x00, 0x7E, 0xA7, 0x00, 0x00, 0x92, 0x83, 0x22, 0x07, 0xFF, 0xFF, 0x22, 0xFF, 0xFF, 0x22, 0xFF,
    0xFF, 0x91, 0x22, 0x00, 0x29, 0xC1, 0x00, 0x00, 0xE7, 0x8F, 0x77, 0x01, 0x7F, 0xF7, 0x82, 0x77, 0x01, 0xFF, 0xFF, 0x82,
    0x77, 0x04, 0x7F, 0xF7, 0x77, 0x77, 0xE0, 0xA7, 0x00, 0x03, 0x09, 0x22, 0x22, 0x2F, 0x89, 0xFF, 0x00, 0xF2, 0x8F, 0x22,
    0x00, 0x29, 0xC0, 0x00, 0x00, 0x0E, 0x90, 0x77, 0x01, 0xFF, 0xFF, 0x82, 0x77, 0x01, 0xFF, 0xFF, 0x82, 0x77, 0x03, 0xFF,
    0xFF, 0x77, 0xEE, 0xA9, 0x00, 0x01, 0x99, 0x22, 0x8B, 0xFF, 0x90, 0x22, 0x00, 0x90, 0xBF, 0x00, 0x00, 0x07, 0x90, 0x77,
    0x0C, 0xFF, 0xFF, 0xF7, 0x77, 0x77, 0xFF, 0xFF, 0x77, 0x77, 0x7F, 0xFF, 0xFF, 0x7E, 0xAB, 0x00, 0x00, 0x92, 0x8B, 0xFF,
    0x90, 0x22, 0x00, 0x20, 0xBF, 0x00, 0x00, 0xE7, 0x90, 0x77, 0x0C, 0x7F, 0xFF, 0xFF, 0x77, 0x77, 0xFF, 0xFF, 0x77, 0x77,
    0xFF, 0xFF, 0xF7, 0xE0, 0xAB, 0x00, 0x00, 0x09, 0x8B, 0xFF, 0x90, 0x22, 0x00, 0x29, 0xBF, 0x00, 0x92, 0x77, 0x0A, 0xFF,
    0xFF, 0xF7, 0x77, 0x7F, 0xF7, 0x77, 0x7F, 0xFF, 0xFF, 0x7E, 0xAB, 0x00, 0x00, 0x0F, 0x82, 0xFF, 0x87, 0x22, 0x82, 0xFF,
    0x00, 0xF2, 0x8F, 0x22, 0xBE, 0x00, 0x00, 0x0E, 0x92, 0x77, 0x02, 0x7F, 0xFF, 0xFF, 0x83, 0x77, 0x03, 0xFF, 0xFF, 0xF7,
    0xE0, 0xAB, 0x00, 0x83, 0xFF, 0x87, 0x22, 0x83, 0xFF, 0x8F, 0x22, 0x00, 0x90, 0xBD, 0x00, 0x00, 0x07, 0x93, 0x77, 0x01,
    0xFF, 0xFF, 0x83, 0x77, 0x02, 0xFF, 0xFF, 0xEE, 0xAC, 0x00, 0x83, 0xFF, 0x87, 0x22, 0x83, 0xFF, 0x8F, 0x22, 0x00, 0x20,
    0xBD, 0x00, 0x00, 0xE7, 0x93, 0x77, 0x01, 0x7F, 0xF7, 0x83, 0x77, 0x01, 0x7F, 0xFE, 0xAD, 0x00, 0x00, 0x0F, 0x82, 0xFF,
    0x07, 0x92, 0x22, 0x2F, 0xF2, 0x22, 0x22, 0x2F, 0xF2, 0x82, 0xFF, 0x00, 0xF2, 0x8F, 0x22, 0x00, 0x29, 0xBD, 0x00, 0x97,
    0x77, 0x04, 0xFF, 0xFF, 0xF7, 0x77, 0xE0, 0xAF, 0x00, 0x07, 0xFF, 0xFF, 0x09, 0x22, 0xFF, 0xFF, 0x22, 0x22, 0x83, 0xFF,
    0x92, 0x22, 0xBC, 0x00, 0x00, 0x0E, 0x96, 0x77, 0x00, 0x7F, 0x82, 0xFF, 0x00, 0x7E, 0xB0, 0x00, 0x07, 0xFF, 0xFF, 0x00,
    0x92, 0xFF, 0xFF, 0xF2, 0x22, 0x83, 0xFF, 0x92, 0x22, 0x00, 0x90, 0xBB, 0x00, 0x00, 0x0E, 0x90, 0x77, 0x00, 0x7F, 0x82,
    0xFF, 0x01, 0x77, 0x77, 0x83, 0xFF, 0x01, 0x7E, 0x00, 0x82, 0xFF, 0x00, 0xF0, 0xA9, 0x00, 0x00, 0x0F, 0x82, 0xFF, 0x07,
    0x00, 0x9F, 0xFF, 0xFF, 0xF2, 0x2F, 0xFF, 0xF2, 0x82, 0xFF, 0x00, 0xF2, 0x90, 0x22, 0x00, 0x90, 0xBB, 0x00, 0x00, 0xE7,
    0x90, 0x77, 0x83, 0xFF, 0x01, 0xF7, 0x77, 0x83, 0xFF, 0x01, 0xF0, 0x0F, 0x83, 0xFF, 0xA9, 0x00, 0x83, 0xFF, 0x00, 0x00,
    0x85, 0xFF, 0x00, 0xF2, 0x83, 0xFF, 0x90, 0x22, 0x00, 0x29, 0xBB, 0x00, 0x00, 0xE7, 0x90, 0x77, 0x83, 0xFF, 0x01, 0xF7,
    0x77, 0x83, 0xFF, 0x01, 0xF0, 0x0F, 0x83, 0xFF, 0xA9, 0x00, 0x83, 0xFF, 0x00, 0x00, 0x85, 0xFF, 0x00, 0x22, 0x83, 0xFF,
    0x90, 0x22, 0x00, 0x29, 0xBB, 0x00, 0x91, 0x77, 0x00, 0x7F, 0x82, 0xFF, 0x01, 0x77, 0x77, 0x83, 0xFF, 0x01, 0x00, 0x00,
    0x82, 0xFF, 0x00, 0xF0, 0xA9, 0x00, 0x00, 0x0F, 0x82, 0xFF, 0x07, 0x0F, 0xFF, 0xF9, 0x2F, 0xFF, 0xFF, 0xF2, 0x22, 0x82,
    0xFF, 0x00, 0xF2, 0x91, 0x22, 0xBA, 0x00, 0x00, 0x0E, 0x97, 0x77, 0x83, 0xFF, 0xB1, 0x00, 0x83, 0xFF, 0x07, 0xF0, 0x92,
    0xFF, 0xFF, 0xF2, 0x22, 0xFF, 0xFF, 0x93, 0x22, 0x00, 0x90, 0xB9, 0x00, 0x00, 0x07, 0x97, 0x77, 0x03, 0x7F, 0xFF, 0xFF,
    0xF0, 0xB1, 0x00, 0x83, 0xFF, 0x07, 0x00, 0x09, 0xFF, 0xFF, 0x22, 0x22, 0xFF, 0xFF, 0x93, 0x22, 0x00, 0x20, 0xB9, 0x00,
    0x00, 0xE7, 0x95, 0x77, 0x07, 0x7F, 0xF7, 0x77, 0x7F, 0xF0, 0x00, 0x0F, 0xF0, 0xAD, 0x00, 0x00, 0x0F, 0x82, 0xFF, 0x07,
    0x0F, 0xF0, 0x00, 0x09, 0x2F, 0xF2, 0x22, 0x22, 0x82, 0xFF, 0x00, 0xF2, 0x91, 0x22, 0x00, 0x29, 0xB9, 0x00, 0x00, 0xE7,
    0x95, 0x77, 0x07, 0xFF, 0xFF, 0x77, 0x7E, 0x00, 0x00, 0xFF, 0xFF, 0xAD, 0x00, 0x83, 0xFF, 0x83, 0x00, 0x00, 0x92, 0x82,
    0x22, 0x83, 0xFF, 0x91, 0x22, 0x00, 0x29, 0xB9, 0x00, 0x95, 0x77, 0x09, 0x7F, 0xFF, 0xFF, 0x77, 0xE0, 0x00, 0x00, 0xFF,
    0xFF, 0xF0, 0xAC, 0x00, 0x83, 0xFF, 0x83, 0x00, 0x00, 0x09, 0x82, 0x22, 0x83, 0xFF, 0x92, 0x22, 0xB8, 0x00, 0x00, 0x0E,
    0x95, 0x77, 0x09, 0xFF, 0xFF, 0xF7, 0x77, 0x0F, 0xF0, 0x00, 0x0F, 0xFF, 0xFF, 0xAC, 0x00, 0x00, 0x0F, 0x82, 0xFF, 0x84,
    0x00, 0x82, 0x22, 0x82, 0xFF, 0x00, 0xF2, 0x92, 0x22, 0x00, 0x90, 0xB7, 0x00, 0x00, 0x0E, 0x94, 0x77, 0x0B, 0x7F, 0xFF,
    0xFF, 0x77, 0x7E, 0xFF, 0xFF, 0x00, 0x00, 0xFF, 0xFF, 0xF0, 0xAD, 0x00, 0x8B, 0xFF, 0x94, 0x22, 0x00, 0x90, 0xB7, 0x00,
    0x00, 0x07, 0x94, 0x77, 0x0B, 0xFF, 0xFF, 0xF7, 0x77, 0xE0, 0xFF, 0xFF, 0x00, 0x00, 0x0F, 0xFF, 0xFF, 0xAD, 0x00, 0x8B,
    0xFF, 0x94, 0x22, 0x00, 0x20, 0xB7, 0x00, 0x00, 0xE7, 0x94, 0x77, 0x06, 0xFF, 0xFF, 0x77, 0x77, 0xE0, 0xFF, 0xFF, 0x82,
    0x00, 0x01, 0xFF, 0xFF, 0xAD, 0x00, 0x8B, 0xFF, 0x94, 0x22, 0x00, 0x29, 0xB7, 0x00, 0x00, 0xE7, 0x94, 0x77, 0x06, 0x7F,
    0xF7, 0x77, 0x7E, 0x00, 0xFF, 0xFF, 0x82, 0x00, 0x01, 0x0F, 0xF0, 0xAD, 0x00, 0x00, 0x0F, 0x89, 0xFF, 0x00, 0xF2, 0x94,
    0x22, 0x00, 0x29, 0xB7, 0x00, 0x98, 0x77, 0x03, 0x70, 0x00, 0xFF, 0xFF, 0xB4, 0x00, 0x07, 0xFF, 0xFF, 0x00, 0xFF, 0xFF,
    0x00, 0xFF, 0xFF, 0x97, 0x22, 0xB6, 0x00, 0x00, 0x0E, 0x98, 0x77, 0x03, 0xE0, 0x00, 0xFF, 0xFF, 0xB4, 0x00, 0x07, 0xFF,
    0xFF, 0x00, 0xFF, 0xFF, 0x00, 0xFF, 0xFF, 0x97, 0x22, 0x00, 0x90, 0xB5, 0x00, 0x01, 0x0E, 0xE7, 0x97, 0x77, 0x03, 0x00,
    0x00, 0xFF, 0xFF, 0xB4, 0x00, 0x07, 0xFF, 0xFF, 0x00, 0xFF, 0xFF, 0x00, 0xFF, 0xFF, 0x96, 0x22, 0x01, 0x29, 0x90, 0xB7,
    0x00, 0x01, 0xEE, 0xE7, 0x94, 0x77, 0x04, 0x7E, 0x00, 0x00, 0x0F, 0xF0, 0xB4, 0x00, 0x07, 0x0F, 0xF0, 0x00, 0x0F, 0xF0,
    0x00, 0x0F, 0xF2, 0x94, 0x22, 0x01, 0x29, 0x99, 0xBB, 0x00, 0x00, 0xEE, 0x93, 0x77, 0x00, 0x70, 0xBF, 0x00, 0x00, 0x02,
    0x93, 0x22, 0x00, 0x99, 0xBE, 0x00, 0x01, 0x0E, 0xEE, 0x91, 0x77, 0x00, 0xE0, 0xBF, 0x00, 0x00, 0x09, 0x91, 0x22, 0x01,
    0x99, 0x90, 0xC1, 0x00, 0x01, 0x0E, 0xE7, 0x8F, 0x77, 0xC1, 0x00, 0x8F, 0x22, 0x01, 0x29, 0x90, 0xC5, 0x00, 0x01, 0xEE,
    0xE7, 0x8C, 0x77, 0x00, 0x7E, 0xC1, 0x00, 0x00, 0x92, 0x8C, 0x22, 0x01, 0x29, 0x99, 0xC9, 0x00, 0x00, 0xEE, 0x8B, 0x77,
    0x00, 0x7E, 0xC1, 0x00, 0x00, 0x92, 0x8B, 0x22, 0x00, 0x99, 0xCC, 0x00, 0x01, 0x0E, 0xEE, 0x89, 0x77, 0x00, 0xE0, 0xC1,
    0x00, 0x00, 0x09, 0x89, 0x22, 0x01, 0x99, 0x90, 0xCF, 0x00, 0x01, 0x0E, 0xE7, 0x87, 0x77, 0x00, 0xE0, 0xC1, 0x00, 0x00,
    0x09, 0x87, 0x22, 0x01, 0x29, 0x90, 0xD3, 0x00, 0x01, 0xEE, 0xE7, 0x85, 0x77, 0xC3, 0x00, 0x85, 0x22, 0x01, 0x29, 0x99,
    0xD7, 0x00, 0x00, 0xEE, 0x83, 0x77, 0x00, 0x7E, 0xC3, 0x00, 0x00, 0x92, 0x83, 0x22, 0x00, 0x99, 0xDA, 0x00, 0x04, 0x0E,
    0xEE, 0x77, 0x77, 0x7E, 0xC3, 0x00, 0x04, 0x92, 0x22, 0x22, 0x99, 0x90, 0xC7, 0x00, 0x01, 0xDD, 0xDD, 0x93, 0x00, 0x02,
    0x0E, 0xE7, 0x70, 0xC3, 0x00, 0x02, 0x02, 0x29, 0x90, 0x93, 0x00, 0x01, 0xAA, 0xAA, 0xB3, 0x00, 0x04, 0xD6, 0x66, 0x66,
    0xDD, 0xDD, 0xEB, 0x00, 0x04, 0xAA, 0xAA, 0x33, 0x33, 0x3A, 0xB3, 0x00, 0x00, 0xD6, 0x84, 0x66, 0x01, 0xDD, 0xDD, 0xE5,
    0x00, 0x01, 0xAA, 0xAA, 0x84, 0x33, 0x00, 0x3A, 0xB3, 0x00, 0x88, 0x66, 0x01, 0xDD, 0xD0, 0xDF, 0x00, 0x01, 0x0A, 0xAA,
    0x88, 0x33, 0xB3, 0x00, 0x8A, 0x66, 0x02, 0x6D, 0xDD, 0xD0, 0xD9, 0x00, 0x02, 0x0A, 0xAA, 0xA3, 0x8A, 0x33, 0xB3, 0x00,
    0x8D, 0x66, 0x02, 0x6D, 0xDD, 0xD0, 0xD3, 0x00, 0x02, 0x0A, 0xAA, 0xA3, 0x8D, 0x33, 0xB2, 0x00, 0x00, 0x0D, 0x90, 0x66,
    0x01, 0x6D, 0xDD, 0xCF, 0x00, 0x01, 0xAA, 0xA3, 0x90, 0x33, 0x00, 0xA0, 0xB1, 0x00, 0x00, 0x0D, 0x93, 0x66, 0x01, 0xDD,
    0xDD, 0xC9, 0x00, 0x01, 0xAA, 0xAA, 0x93, 0x33, 0x00, 0xA0, 0xB1, 0x00, 0x00, 0x0D, 0x96, 0x66, 0x00, 0xD0, 0xC5, 0x00,
    0x00, 0x0A, 0x96, 0x33, 0x00, 0xA0, 0xB1, 0x00, 0x00, 0x0D, 0x96, 0x66, 0x00, 0x60, 0xC5, 0x00, 0x00, 0x03, 0x96, 0x33,
    0x00, 0xA0, 0xB1, 0x00, 0x00, 0x0D, 0x96, 0x66, 0x00, 0x60, 0xC5, 0x00, 0x00, 0x03, 0x96, 0x33, 0x00, 0xA0, 0xB1, 0x00,
    0x00, 0x0D, 0x96, 0x66, 0x00, 0xD0, 0xC5, 0x00, 0x00, 0x0A, 0x96, 0x33, 0x00, 0xA0, 0xB1, 0x00, 0x00, 0x06, 0x96, 0x66,
    0x00, 0xD0, 0xC5, 0x00, 0x00, 0x0A, 0x96, 0x33, 0x00, 0x30, 0xB1, 0x00, 0x00, 0x06, 0x96, 0x66, 0x00, 0xD0, 0xC5, 0x00,
    0x00, 0x0A, 0x96, 0x33, 0x00, 0x30, 0xB1, 0x00, 0x00, 0x06, 0x96, 0x66, 0x00, 0xD0, 0xC5, 0x00, 0x00, 0x0A, 0x96, 0x33,
    0x00, 0x30, 0xB1, 0x00, 0x00, 0x06, 0x96, 0x66, 0x00, 0xD0, 0xC5, 0x00, 0x00, 0x0A, 0x96, 0x33, 0x00, 0x30, 0xB1, 0x00,
    0x00, 0x06, 0x96, 0x66, 0x00, 0xD0, 0xC5, 0x00, 0x00, 0x0A, 0x96, 0x33, 0x00, 0x30, 0xB1, 0x00, 0x00, 0x06, 0x96, 0x66,
    0xC7, 0x00, 0x96, 0x33, 0x00, 0x30, 0xB1, 0x00, 0x00, 0x06, 0x96, 0x66, 0xC7, 0x00, 0x96, 0x33, 0x00, 0x30, 0xB1, 0x00,
    0x00, 0x06, 0x96, 0x66, 0xC7, 0x00, 0x96, 0x33, 0x00, 0x30, 0xB1, 0x00, 0x00, 0x06, 0x96, 0x66, 0xC7, 0x00, 0x96, 0x33,
    0x00, 0x30, 0xB1, 0x00, 0x00, 0x06, 0x96, 0x66, 0xC7, 0x00, 0x96, 0x33, 0x00, 0x30, 0xB1, 0x00, 0x00, 0x06, 0x96, 0x66,
    0xC4, 0x00, 0x02, 0x0F, 0xF0, 0x00, 0x96, 0x33, 0x00, 0x30, 0xB1, 0x00, 0x00, 0x06, 0x96, 0x66, 0xC4, 0x00, 0x02, 0xFF,
    0xFF, 0x00, 0x96, 0x33, 0x00, 0x30, 0xB1, 0x00, 0x00, 0x06, 0x92, 0x66, 0x07, 0x6F, 0xF6, 0x66, 0x66, 0x00, 0x00, 0x0F,
    0xF0, 0xBF, 0x00, 0x83, 0xFF, 0x96, 0x33, 0x00, 0x30, 0xB1, 0x00, 0x00, 0x06, 0x91, 0x66, 0x82, 0xFF, 0x06, 0xF6, 0x6F,
    0xF0, 0x00, 0xFF, 0xFF, 0xF0, 0xBC, 0x00, 0x00, 0x0F, 0x85, 0xFF, 0x95, 0x33, 0x00, 0x30, 0xB1, 0x00, 0x00, 0x06, 0x90,
    0x66, 0x8B, 0xFF, 0xBB, 0x00, 0x82, 0xFF, 0x04, 0xF0, 0x0F, 0xFF, 0xFF, 0xF3, 0x94, 0x33, 0x00, 0x30, 0xB1, 0x00, 0x00,
    0x06, 0x8E, 0x66, 0x00, 0x6F, 0x8D, 0xFF, 0x00, 0xF0, 0xB9, 0x00, 0x07, 0xFF, 0xFF, 0xF0, 0x00, 0x00, 0xFF, 0xFF, 0xF3,
    0x94, 0x33, 0x00, 0x30, 0xB1, 0x00, 0x00, 0x06, 0x8E, 0x66, 0x83, 0xFF, 0x01, 0xF6, 0x6F, 0x84, 0xFF, 0x00, 0x0F, 0x83,
    0xFF, 0xB9, 0x00, 0x01, 0xFF, 0xFF, 0x82, 0x00, 0x02, 0x0F, 0xFF, 0xF3, 0x94, 0x33, 0x00, 0x30, 0xB1, 0x00, 0x00, 0x06,
    0x8E, 0x66, 0x82, 0xFF, 0x82, 0x66, 0x00, 0x6F, 0x82, 0xFF, 0x82, 0x00, 0x82, 0xFF, 0xB9, 0x00, 0x01, 0xFF, 0xFF, 0x82,
    0x00, 0x02, 0x0F, 0xFF, 0xF3, 0x94, 0x33, 0x00, 0x30, 0xB1, 0x00, 0x00, 0x0D, 0x8E, 0x66, 0x01, 0xFF, 0xFF, 0x84, 0x66,
    0x01, 0xFF, 0xFF, 0x84, 0x00, 0x01, 0xFF, 0xFF, 0xB9, 0x00, 0x01, 0xFF, 0xFF, 0x82, 0x00, 0x02, 0x0F, 0xFF, 0xF3, 0x94,
    0x33, 0x00, 0xA0, 0xB1, 0x00, 0x00, 0x0D, 0x8E, 0x66, 0x01, 0xFF, 0xFF, 0x84, 0x66, 0x01, 0xFF, 0xFF, 0x84, 0x00, 0x01,
    0xFF, 0xFF, 0xB9, 0x00, 0x01, 0xFF, 0xFF, 0x82, 0x00, 0x02, 0x0F, 0xFF, 0xF3, 0x94, 0x33, 0x00, 0xA0, 0xB1, 0x00, 0x00,
    0x0D, 0x8E, 0x66, 0x01, 0xFF, 0xFF, 0x84, 0x66, 0x01, 0xFF, 0xFF, 0x84, 0x00, 0x01, 0xFF, 0xFF, 0xB9, 0x00, 0x01, 0xFF,
    0xFF, 0x82, 0x00, 0x02, 0x0F, 0xFF, 0xF3, 0x94, 0x33, 0x00, 0xA0, 0xB1, 0x00, 0x00, 0x0D, 0x8E, 0x66, 0x01, 0xFF, 0xFF,
    0x84, 0x66, 0x01, 0xFF, 0xFF, 0x84, 0x00, 0x01, 0xFF, 0xFF, 0xB9, 0x00, 0x01, 0xFF, 0xFF, 0x82, 0x00, 0x02, 0xAF, 0xFF,
    0xF3, 0x94, 0x33, 0x00, 0xA0, 0xB1, 0x00, 0x00, 0x0D, 0x8E, 0x66, 0x01, 0xFF, 0xFF, 0x84, 0x66, 0x01, 0xFF, 0xFF, 0x84,
    0x00, 0x01, 0xFF, 0xFF, 0xB9, 0x00, 0x01, 0xFF, 0xFF, 0x82, 0x00, 0x02, 0xAF, 0xFF, 0xF3, 0x83, 0x33, 0x00, 0xFF, 0x8F,
    0x33, 0x00, 0xA0, 0xB1, 0x00, 0x00, 0x0D, 0x8E, 0x66, 0x01, 0xFF, 0xFF, 0x84, 0x66, 0x01, 0xFF, 0xFF, 0x84, 0x00, 0x01,
    0xFF, 0xFF, 0xB9, 0x00, 0x01, 0xFF, 0xFF, 0x82, 0x00, 0x02, 0xAF, 0xFF, 0xF3, 0x82, 0x33, 0x02, 0x3F, 0xFF, 0xF3, 0x8E,
    0x33, 0x00, 0xA0, 0xB2, 0x00, 0x8E, 0x66, 0x01, 0xFF, 0xFF, 0x84, 0x66, 0x01, 0xFF, 0xFF, 0x84, 0x00, 0x01, 0xFF, 0xFF,
    0xB9, 0x00, 0x01, 0xFF, 0xFF, 0x82, 0x00, 0x02, 0xAF, 0xFF, 0xF3, 0x82, 0x33, 0x02, 0x3F, 0xFF, 0xF3, 0x8E, 0x33, 0xB3,
    0x00, 0x8E, 0x66, 0x01, 0xFF, 0xFF, 0x84, 0x66, 0x01, 0xFF, 0xFF, 0x84, 0x00, 0x01, 0xFF, 0xFF, 0xB9, 0x00, 0x01, 0xFF,
    0xFF, 0x82, 0x00, 0x02, 0x3F, 0xFF, 0xF3, 0x82, 0x33, 0x02, 0x3F, 0xFF, 0xF3, 0x8E, 0x33, 0xB3, 0x00, 0x8E, 0x66, 0x01,
    0xFF, 0xFF, 0x84, 0x66, 0x02, 0xFF, 0xFF, 0xD0, 0x83, 0x00, 0x01, 0xFF, 0xFF, 0xB9, 0x00, 0x07, 0xFF, 0xFF, 0x00, 0x00,
    0x0A, 0x3F, 0xFF, 0xF3, 0x82, 0x33, 0x02, 0x3F, 0xFF, 0xF3, 0x8E, 0x33, 0xB3, 0x00, 0x00, 0xD6, 0x8D, 0x66, 0x01, 0xFF,
    0xFF, 0x84, 0x66, 0x02, 0xFF, 0xFF, 0xD0, 0x83, 0x00, 0x01, 0xFF, 0xFF, 0xB8, 0x00, 0x82, 0xFF, 0x0B, 0x00, 0x00, 0x0A,
    0x3F, 0xFF, 0xF3, 0x33, 0x33, 0xFF, 0x3F, 0xFF, 0xF3, 0x8D, 0x33, 0x00, 0x3A, 0xB3, 0x00, 0x00, 0xD6, 0x8D, 0x66, 0x01,
    0xFF, 0xFF, 0x84, 0x66, 0x02, 0xFF, 0xFF, 0xD0, 0x83, 0x00, 0x01, 0xFF, 0xFF, 0xB7, 0x00, 0x00, 0x0F, 0x82, 0xFF, 0x07,
    0x00, 0x00, 0x0A, 0x3F, 0xFF, 0xF3, 0x33, 0x3F, 0x82, 0xFF, 0x00, 0xF3, 0x8D, 0x33, 0x00, 0x3A, 0xB3, 0x00, 0x00, 0xD6,
    0x8D, 0x66, 0x01, 0xFF, 0xFF, 0x84, 0x66, 0x02, 0xFF, 0xFF, 0x60, 0x83, 0x00, 0x01, 0xFF, 0xFF, 0xB7, 0x00, 0x00, 0x0F,
    0x82, 0xFF, 0x07, 0x00, 0x00, 0x03, 0x3F, 0xFF, 0xF3, 0x33, 0x3F, 0x82, 0xFF, 0x00, 0xF3, 0x8D, 0x33, 0x00, 0x3A, 0xB3,
    0x00, 0x00, 0x06, 0x8D, 0x66, 0x01, 0xFF, 0xFF, 0x84, 0x66, 0x02, 0xFF, 0xFF, 0x6D, 0x83, 0x00, 0x01, 0xFF, 0xFF, 0xB7,
    0x00, 0x00, 0x0F, 0x82, 0xFF, 0x07, 0xF0, 0x00, 0xA3, 0x3F, 0xFF, 0xF3, 0x33, 0x3F, 0x82, 0xFF, 0x00, 0xF3, 0x8D, 0x33,
    0x00, 0x30, 0xB3, 0x00, 0x00, 0x06, 0x8D, 0x66, 0x01, 0xFF, 0xFF, 0x84, 0x66, 0x02, 0xFF, 0xFF, 0x6D, 0x83, 0x00, 0x01,
    0xFF, 0xFF, 0xB7, 0x00, 0x00, 0x0F, 0x83, 0xFF, 0x06, 0xF0, 0xAF, 0xFF, 0xFF, 0xF3, 0x33, 0x3F, 0x82, 0xFF, 0x00, 0xF3,
    0x8D, 0x33, 0x00, 0x30, 0xB3, 0x00, 0x00, 0x0D, 0x8D, 0x66, 0x0F, 0xFF, 0xFF, 0x66, 0x66, 0x6F, 0xF6, 0x66, 0xFF, 0xFF,
    0x66, 0x0F, 0xFF, 0x00, 0x00, 0xFF, 0xFF, 0xB7, 0x00, 0x00, 0x0F, 0x87, 0xFF, 0x02, 0x33, 0xFF, 0x3F, 0x82, 0xFF, 0x00,
    0xF3, 0x8D, 0x33, 0x00, 0xA0, 0xB3, 0x00, 0x00, 0x0D, 0x8D, 0x66, 0x85, 0xFF, 0x03, 0xF6, 0xFF, 0xFF, 0x6F, 0x85, 0xFF,
    0xB8, 0x00, 0x87, 0xFF, 0x00, 0x3F, 0x84, 0xFF, 0x00, 0xF3, 0x8D, 0x33, 0x00, 0xA0, 0xB3, 0x00, 0x00, 0x0D, 0x8D, 0x66,
    0x8F, 0xFF, 0xB8, 0x00, 0x00, 0x0F, 0x8C, 0xFF, 0x00, 0xF3, 0x8D, 0x33, 0x00, 0xA0, 0xB4, 0x00, 0x8D, 0x66, 0x8F, 0xFF,
    0xB9, 0x00, 0x8C, 0xFF, 0x00, 0xF3, 0x8D, 0x33, 0xB5, 0x00, 0x8D, 0x66, 0x05, 0x6F, 0xFF, 0xFF, 0x66, 0x66, 0x6F, 0x83,
    0xFF, 0x00, 0xFD, 0x82, 0x00, 0x01, 0xFF, 0xF0, 0xBA, 0x00, 0x85, 0xFF, 0x00, 0x3F, 0x84, 0xFF, 0x00, 0xF3, 0x8D, 0x33,
    0xB5, 0x00, 0x00, 0xD6, 0x92, 0x66, 0x04, 0x6F, 0xFF, 0xFF, 0x66, 0x66, 0xBF, 0x00, 0x00, 0x0F, 0x83, 0xFF, 0x01, 0x33,
    0x3F, 0x84, 0xFF, 0x00, 0xF3, 0x8C, 0x33, 0x00, 0x3A, 0xB5, 0x00, 0x00, 0xD6, 0x93, 0x66, 0x04, 0xFF, 0xFF, 0x66, 0x66,
    0xD0, 0xBF, 0x00, 0x05, 0x0A, 0xFF, 0xFF, 0x33, 0x33, 0x3F, 0x84, 0xFF, 0x00, 0xF3, 0x8C, 0x33, 0x00, 0x3A, 0xB5, 0x00,
    0x00, 0x06, 0x93, 0x66, 0x04, 0x6F, 0xF6, 0x66, 0x66, 0x60, 0xBE, 0x00, 0x85, 0xFF, 0x00, 0x3F, 0x84, 0xFF, 0x00, 0xF3,
    0x8C, 0x33, 0x00, 0x30, 0xB5, 0x00, 0x00, 0x06, 0x97, 0x66, 0x00, 0x6D, 0xBD, 0x00, 0x00, 0x0F, 0x85, 0xFF, 0x05, 0xF3,
    0xFF, 0x33, 0xFF, 0x33, 0xFF, 0x8D, 0x33, 0x00, 0x30, 0xB5, 0x00, 0x00, 0x0D, 0x98, 0x66, 0xBD, 0x00, 0x00, 0x0F, 0x85,
    0xFF, 0x00, 0xF3, 0x92, 0x33, 0x00, 0xA0, 0xB5, 0x00, 0x00, 0x0D, 0x98, 0x66, 0x00, 0xD0, 0xBD, 0x00, 0x85, 0xFF, 0x93,
    0x33, 0x00, 0xA0, 0xB6, 0x00, 0x98, 0x66, 0x00, 0x60, 0xBD, 0x00, 0x00, 0x03, 0x98, 0x33, 0xB7, 0x00, 0x00, 0xD6, 0x97,
    0x66, 0x00, 0x6D, 0xBD, 0x00, 0x00, 0xA3, 0x97, 0x33, 0x00, 0x3A, 0xB7, 0x00, 0x00, 0xD6, 0x98, 0x66, 0x00, 0xD0, 0xBB,
    0x00, 0x00, 0x0A, 0x98, 0x33, 0x00, 0x3A, 0xB7, 0x00, 0x00, 0x06, 0x98, 0x66, 0x00, 0xD0, 0xBB, 0x00, 0x00, 0x0A, 0x98,
    0x33, 0x00, 0x30, 0xB7, 0x00, 0x00, 0x0D, 0x98, 0x66, 0x00, 0x6D, 0xBB, 0x00, 0x00, 0xA3, 0x98, 0x33, 0x00, 0xA0, 0xB7,
    0x00, 0x00, 0x0D, 0x99, 0x66, 0xBB, 0x00, 0x99, 0x33, 0x00, 0xA0, 0xB8, 0x00, 0x99, 0x66, 0x00, 0xD0, 0xB9, 0x00, 0x00,
    0x0A, 0x99, 0x33, 0xB9, 0x00, 0x00, 0xD6, 0x98, 0x66, 0x00, 0x6D, 0xB9, 0x00, 0x00, 0xA3, 0x98, 0x33, 0x00, 0x3A, 0xB9,
    0x00, 0x00, 0xD6, 0x98, 0x66, 0x00, 0x6D, 0xB9, 0x00, 0x00, 0xA3, 0x98, 0x33, 0x00, 0x3A, 0xB9, 0x00, 0x00, 0x06, 0x98,
    0x66, 0x00, 0xD0, 0xB9, 0x00, 0x00, 0x0A, 0x98, 0x33, 0x00, 0x30, 0xB9, 0x00, 0x00, 0x0D, 0x97, 0x66, 0x00, 0xDD, 0xBB,
    0x00, 0x00, 0xAA, 0x97, 0x33, 0x00, 0xA0, 0xBA, 0x00, 0x96, 0x66, 0x00, 0x6D, 0xBD, 0x00, 0x00, 0xA3, 0x96, 0x33, 0xBB,
    0x00, 0x00, 0xD6, 0x95, 0x66, 0x00, 0xD0, 0xBD, 0x00, 0x00, 0x0A, 0x95, 0x33, 0x00, 0x3A, 0xBB, 0x00, 0x00, 0xD6, 0x94,
    0x66, 0x00, 0xDD, 0x83, 0x00, 0x01, 0x0C, 0xC0, 0xB3, 0x00, 0x01, 0x0B, 0xB0, 0x83, 0x00, 0x00, 0xAA, 0x94, 0x33, 0x00,
    0x3A, 0xBB, 0x00, 0x00, 0x0D, 0x93, 0x66, 0x00, 0x6D, 0x83, 0x00, 0x02, 0x0C, 0x55, 0x5C, 0xB3, 0x00, 0x02, 0xB4, 0x44,
    0xB0, 0x83, 0x00, 0x00, 0xA3, 0x93, 0x33, 0x00, 0xA0, 0xBB, 0x00, 0x00, 0x0D, 0x93, 0x66, 0x00, 0xD0, 0x83, 0x00, 0x02,
    0xC5, 0x55, 0x5C, 0xB3, 0x00, 0x02, 0xB4, 0x44, 0x4B, 0x83, 0x00, 0x00, 0x0A, 0x93, 0x33, 0x00, 0xA0, 0xBC, 0x00, 0x92,
    0x66, 0x00, 0xD0, 0x83, 0x00, 0x00, 0x0C, 0x82, 0x55, 0x00, 0xC0, 0xB1, 0x00, 0x00, 0x0B, 0x82, 0x44, 0x00, 0xB0, 0x83,
    0x00, 0x00, 0x0A, 0x92, 0x33, 0xBD, 0x00, 0x00, 0xD6, 0x90, 0x66, 0x00, 0x6D, 0x84, 0x00, 0x00, 0xC5, 0x82, 0x55, 0x00,
    0x5C, 0xB1, 0x00, 0x00, 0xB4, 0x82, 0x44, 0x00, 0x4B, 0x84, 0x00, 0x00, 0xA3, 0x90, 0x33, 0x00, 0x3A, 0xBD, 0x00, 0x00,
    0x06, 0x8F, 0x66, 0x01, 0x6D, 0xD0, 0x83, 0x00, 0x00, 0x0C, 0x84, 0x55, 0x00, 0xCC, 0xAF, 0x00, 0x00, 0xBB, 0x84, 0x44,
    0x00, 0xB0, 0x83, 0x00, 0x01, 0x0A, 0xA3, 0x8F, 0x33, 0x00, 0x30, 0xBD, 0x00, 0x00, 0x0D, 0x8F, 0x66, 0x00, 0xD0, 0x84,
    0x00, 0x00, 0xC5, 0x85, 0x55, 0x00, 0xCF, 0x8D, 0xFF, 0x00, 0xF0, 0x9E, 0x00, 0x00, 0x0B, 0x85, 0x44, 0x00, 0x4B, 0x84,
    0x00, 0x00, 0x0A, 0x8F, 0x33, 0x00, 0xA0, 0xBE, 0x00, 0x8E, 0x66, 0x00, 0x6D, 0x84, 0x00, 0x00, 0xCC, 0x86, 0x55, 0x8F,
    0xFF, 0x9E, 0x00, 0x00, 0xB4, 0x86, 0x44, 0x00, 0xBB, 0x84, 0x00, 0x00, 0xA3, 0x8E, 0x33, 0xBF, 0x00, 0x00, 0xD6, 0x8C,
    0x66, 0x01, 0x6D, 0xD0, 0x83, 0x00, 0x00, 0x0C, 0x87, 0x55, 0x8F, 0xFF, 0x8F, 0x00, 0x00, 0x0F, 0x8B, 0xFF, 0x01, 0x00,
    0x0B, 0x88, 0x44, 0x00, 0xB0, 0x83, 0x00, 0x01, 0x0A, 0xA3, 0x8C, 0x33, 0x00, 0x3A, 0xBF, 0x00, 0x00, 0x06, 0x8C, 0x66,
    0x00, 0xD0, 0x84, 0x00, 0x00, 0xC5, 0x87, 0x55, 0x8F, 0xFF, 0x8F, 0x00, 0x8C, 0xFF, 0x02, 0xF0, 0xBF, 0xF4, 0x87, 0x44,
    0x00, 0x4B, 0x84, 0x00, 0x00, 0x0A, 0x8C, 0x33, 0x00, 0x30, 0xBF, 0x00, 0x00, 0x0D, 0x8B, 0x66, 0x00, 0x6D, 0x84, 0x00,
    0x00, 0x0C, 0x88, 0x55, 0x02, 0xFF, 0xFF, 0xCC, 0x87, 0x00, 0x04, 0xFF, 0x00, 0x00, 0xFF, 0xFF, 0x8F, 0x00, 0x8C, 0xFF,
    0x02, 0xFB, 0xFF, 0xFF, 0x88, 0x44, 0x00, 0xB0, 0x84, 0x00, 0x00, 0xA3, 0x8B, 0x33, 0x00, 0xA0, 0xC0, 0x00, 0x00, 0xD6,
    0x89, 0x66, 0x00, 0x6D, 0x85, 0x00, 0x00, 0xC5, 0x88, 0x55, 0x03, 0xFF, 0xFF, 0x55, 0xC0, 0x85, 0x00, 0x05, 0x0F, 0xFF,
    0xFF, 0x00, 0xFF, 0xFF, 0x8F, 0x00, 0x8F, 0xFF, 0x88, 0x44, 0x00, 0x4B, 0x85, 0x00, 0x00, 0xA3, 0x89, 0x33, 0x00, 0x3A,
    0xC1, 0x00, 0x00, 0xD6, 0x89, 0x66, 0x00, 0xD0, 0x84, 0x00, 0x00, 0x0C, 0x89, 0x55, 0x03, 0xFF, 0xFF, 0x55, 0x5C, 0x85,
    0x00, 0x82, 0xFF, 0x02, 0x00, 0xFF, 0xFF, 0x8F, 0x00, 0x01, 0xFF, 0xFF, 0x82, 0x00, 0x00, 0xFF, 0x84, 0x00, 0x00, 0x0F,
    0x83, 0xFF, 0x89, 0x44, 0x00, 0xB0, 0x84, 0x00, 0x00, 0x0A, 0x89, 0x33, 0x00, 0x3A, 0xC1, 0x00, 0x00, 0x0D, 0x88, 0x66,
    0x00, 0xDD, 0x85, 0x00, 0x00, 0xC5, 0x89, 0x55, 0x04, 0xFF, 0xFF, 0x55, 0x55, 0x5C, 0x84, 0x00, 0x82, 0xFF, 0x02, 0x00,
    0xFF, 0xFF, 0x8F, 0x00, 0x06, 0xFF, 0xFF, 0x00, 0x00, 0x0F, 0xFF, 0xF0, 0x83, 0x00, 0x00, 0xBF, 0x83, 0xFF, 0x89, 0x44,
    0x00, 0x4B, 0x85, 0x00, 0x00, 0xAA, 0x88, 0x33, 0x00, 0xA0, 0xC2, 0x00, 0x87, 0x66, 0x00, 0x6D, 0x85, 0x00, 0x00, 0xCC,
    0x8A, 0x55, 0x01, 0xFF, 0xFF, 0x82, 0x55, 0x00, 0xCC, 0x83, 0x00, 0x05, 0x0F, 0xFF, 0xFF, 0x00, 0xFF, 0xFF, 0x8F, 0x00,
    0x0B, 0xFF, 0xFF, 0x00, 0x00, 0x0F, 0xFF, 0xFF, 0xF0, 0x00, 0x00, 0xBB, 0x4F, 0x83, 0xFF, 0x8A, 0x44, 0x00, 0xBB, 0x85,
    0x00, 0x00, 0xA3, 0x87, 0x33, 0xC3, 0x00, 0x00, 0xD6, 0x86, 0x66, 0x00, 0xD0, 0x84, 0x00, 0x00, 0x0C, 0x8B, 0x55, 0x01,
    0xFF, 0xFF, 0x83, 0x55, 0x00, 0xC0, 0x82, 0x00, 0x05, 0x0F, 0xFF, 0xF0, 0x00, 0xFF, 0xFF, 0x8F, 0x00, 0x04, 0xFF, 0xFF,
    0x00, 0x00, 0x0F, 0x82, 0xFF, 0x07, 0x00, 0x0B, 0x44, 0x4F, 0xFF, 0xF4, 0xFF, 0xFF, 0x8B, 0x44, 0x00, 0xB0, 0x84, 0x00,
    0x00, 0x0A, 0x86, 0x33, 0x00, 0x3A, 0xC3, 0x00, 0x00, 0x0D, 0x85, 0x66, 0x00, 0xD0, 0x85, 0x00, 0x00, 0xC5, 0x8B, 0x55,
    0x01, 0xFF, 0xFF, 0x84, 0x55, 0x08, 0xC0, 0x00, 0x00, 0xFF, 0xFF, 0x00, 0x00, 0xFF, 0xFF, 0x8F, 0x00, 0x04, 0xFF, 0xFF,
    0x00, 0x00, 0x0F, 0x83, 0xFF, 0x06, 0x44, 0x44, 0x4F, 0xFF, 0xF4, 0xFF, 0xFF, 0x8B, 0x44, 0x00, 0x4B, 0x85, 0x00, 0x00,
    0x0A, 0x85, 0x33, 0x00, 0xA0, 0xC3, 0x00, 0x00, 0x0D, 0x84, 0x66, 0x00, 0x6D, 0x85, 0x00, 0x00, 0x0C, 0x8C, 0x55, 0x01,
    0xFF, 0xFF, 0x85, 0x55, 0x07, 0xC0, 0x00, 0xFF, 0xFF, 0x00, 0x00, 0xFF, 0xFF, 0x8F, 0x00, 0x04, 0xFF, 0xFF, 0x00, 0x00,
    0x0F, 0x83, 0xFF, 0x06, 0xF4, 0x44, 0x4F, 0xFF, 0xF4, 0xFF, 0xFF, 0x8C, 0x44, 0x00, 0xB0, 0x85, 0x00, 0x00, 0xA3, 0x84,
    0x33, 0x00, 0xA0, 0xC4, 0x00, 0x00, 0xD6, 0x83, 0x66, 0x00, 0xD0, 0x85, 0x00, 0x00, 0xC5, 0x8C, 0x55, 0x01, 0xFF, 0xFF,
    0x82, 0x55, 0x0A, 0x5F, 0xF5, 0x55, 0x55, 0xCF, 0xFF, 0xFF, 0xF0, 0x00, 0xFF, 0xFF, 0x8F, 0x00, 0x06, 0xFF, 0xFF, 0x00,
    0x00, 0x0F, 0xFF, 0xFB, 0x82, 0xFF, 0x05, 0xF4, 0x4F, 0xFF, 0xF4, 0xFF, 0xFF, 0x8C, 0x44, 0x00, 0x4B, 0x85, 0x00, 0x00,
    0x0A, 0x83, 0x33, 0x00, 0x3A, 0xC5, 0x00, 0x00, 0x0D, 0x82, 0x66, 0x00, 0xD0, 0x85, 0x00, 0x00, 0x0C, 0x8D, 0x55, 0x01,
    0xFF, 0xFF, 0x82, 0x55, 0x03, 0xFF, 0xFF, 0x55, 0x55, 0x82, 0xFF, 0x03, 0xF0, 0x00, 0xFF, 0xFF, 0x8F, 0x00, 0x07, 0xFF,
    0xFF, 0x00, 0x00, 0x0F, 0xFF, 0xF4, 0x44, 0x82, 0xFF, 0x04, 0x4F, 0xFF, 0xF4, 0xFF, 0xFF, 0x8D, 0x44, 0x00, 0xB0, 0x85,
    0x00, 0x00, 0x0A, 0x82, 0x33, 0x00, 0xA0, 0xC5, 0x00, 0x03, 0x0D, 0x66, 0x66, 0x6D, 0x86, 0x00, 0x00, 0xC5, 0x8D, 0x55,
    0x08, 0xFF, 0xFF, 0x55, 0x55, 0x5F, 0xFF, 0xFF, 0xF5, 0x55, 0x83, 0xFF, 0x02, 0x00, 0xFF, 0xFF, 0x8F, 0x00, 0x07, 0xFF,
    0xFF, 0x00, 0x00, 0xBF, 0xFF, 0xF4, 0x44, 0x82, 0xFF, 0x04, 0x4F, 0xFF, 0xF4, 0xFF, 0xFF, 0x8D, 0x44, 0x00, 0x4B, 0x86,
    0x00, 0x03, 0xA3, 0x33, 0x33, 0xA0, 0xC6, 0x00, 0x02, 0xD6, 0x6D, 0xD0, 0x85, 0x00, 0x00, 0xC5, 0x8E, 0x55, 0x03, 0xFF,
    0xFF, 0x55, 0x55, 0x83, 0xFF, 0x07, 0x5F, 0xFF, 0xF5, 0x5F, 0xFF, 0xC0, 0xFF, 0xFF, 0x8F, 0x00, 0x0F, 0xFF, 0xFF, 0x0B,
    0xB4, 0x4F, 0xFF, 0xF4, 0x4F, 0xFF, 0xFF, 0xF4, 0x4F, 0xFF, 0xF4, 0xFF, 0xFF, 0x8E, 0x44, 0x00, 0x4B, 0x85, 0x00, 0x02,
    0x0A, 0xA3, 0x3A, 0xC7, 0x00, 0x01, 0x0D, 0xD0, 0x85, 0x00, 0x00, 0x0C, 0x8F, 0x55, 0x03, 0xFF, 0xFF, 0x55, 0x55, 0x85,
    0xFF, 0x05, 0xF5, 0x5F, 0xFF, 0xF5, 0xFF, 0xFF, 0x8F, 0x00, 0x04, 0xFF, 0xFF, 0x44, 0x44, 0x4F, 0x83, 0xFF, 0x06, 0xF4,
    0x44, 0x4F, 0xFF, 0xF4, 0xFF, 0xFF, 0x8F, 0x44, 0x00, 0xB0, 0x85, 0x00, 0x01, 0x0A, 0xA0, 0xCF, 0x00, 0x00, 0xC5, 0x8F,
    0x55, 0x06, 0xFF, 0xFF, 0x55, 0x5F, 0xFF, 0xFF, 0x5F, 0x82, 0xFF, 0x01, 0x55, 0x55, 0x83, 0xFF, 0x01, 0xCC, 0xCC, 0x8B,
    0x00, 0x06, 0xBB, 0xBB, 0xFF, 0xFF, 0x44, 0x44, 0x4F, 0x83, 0xFF, 0x06, 0x44, 0x44, 0x4F, 0xFF, 0xF4, 0xFF, 0xFF, 0x8F,
    0x44, 0x00, 0x4B, 0xD6, 0x00, 0x00, 0x0C, 0x90, 0x55, 0x0B, 0xFF, 0xFF, 0x55, 0xFF, 0xFF, 0xF5, 0x55, 0xFF, 0xFF, 0xF5,
    0x55, 0x55, 0x83, 0xFF, 0x82, 0x55, 0x82, 0xCC, 0x83, 0x00, 0x82, 0xBB, 0x82, 0x44, 0x04, 0xFF, 0xFF, 0x44, 0x44, 0x4F,
    0x82, 0xFF, 0x82, 0x44, 0x04, 0x4F, 0xFF, 0xF4, 0xFF, 0xFF, 0x90, 0x44, 0x00, 0xB0, 0xD5, 0x00, 0x00, 0xC5, 0x90, 0x55,
    0x0C, 0xFF, 0xFF, 0x5F, 0xFF, 0xFF, 0x55, 0x55, 0x5F, 0xFF, 0xF5, 0x55, 0x55, 0x5F, 0x82, 0xFF, 0x85, 0x55, 0x03, 0xC0,
    0x00, 0x00, 0x0B, 0x85, 0x44, 0x07, 0xFF, 0xFF, 0x44, 0x44, 0x4F, 0xFF, 0xFF, 0xF4, 0x82, 0x44, 0x00, 0x4F, 0x83, 0xFF,
    0x90, 0x44, 0x00, 0x4B, 0xD4, 0x00, 0x00, 0x0C, 0x91, 0x55, 0x83, 0xFF, 0x00, 0xF5, 0x82, 0x55, 0x00, 0xFF, 0x82, 0x55,
    0x00, 0x5F, 0x82, 0xFF, 0x85, 0x55, 0x03, 0xC0, 0x00, 0x00, 0x0B, 0x85, 0x44, 0x06, 0xFF, 0xFF, 0x44, 0x44, 0x4F, 0xFF,
    0xF4, 0x83, 0x44, 0x00, 0x4F, 0x83, 0xFF, 0x91, 0x44, 0x00, 0xB0, 0xD2, 0x00, 0x01, 0x0C, 0xC5, 0x91, 0x55, 0x83, 0xFF,
    0x88, 0x55, 0x82, 0xFF, 0x85, 0x55, 0x83, 0x00, 0x85, 0x44, 0x01, 0xFF, 0xFF, 0x82, 0x44, 0x00, 0xFF, 0x84, 0x44, 0x00,
    0x4F, 0x83, 0xFF, 0x91, 0x44, 0x01, 0x4B, 0xB0, 0xD1, 0x00, 0x00, 0xC5, 0x92, 0x55, 0x82, 0xFF, 0x00, 0xF5, 0x88, 0x55,
    0x82, 0xFF, 0x85, 0x55, 0x83, 0x00, 0x85, 0x44, 0x8F, 0xFF, 0x92, 0x44, 0x00, 0x4B, 0xD0, 0x00, 0x00, 0x0C, 0x93, 0x55,
    0x82, 0xFF, 0x89, 0x55, 0x02, 0x5F, 0xFF, 0xFF, 0x85, 0x55, 0x83, 0x00, 0x85, 0x44, 0x8C, 0xFF, 0x02, 0xF4, 0xFF, 0xFF,
    0x93, 0x44, 0x00, 0xB0, 0xCF, 0x00, 0x00, 0xC5, 0x93, 0x55, 0x8F, 0xFF, 0x85, 0x55, 0x83, 0x00, 0x85, 0x44, 0x8C, 0xFF,
    0x02, 0xF4, 0x4F, 0xF4, 0x93, 0x44, 0x00, 0x4B, 0xCF, 0x00, 0x00, 0xC5, 0x93, 0x55, 0x8F, 0xFF, 0x85, 0x55, 0x83, 0x00,
    0x85, 0x44, 0x00, 0x4F, 0x8B, 0xFF, 0x96, 0x44, 0x00, 0x4B, 0xCF, 0x00, 0x00, 0x0C, 0x93, 0x55, 0x8F, 0xFF, 0x85, 0x55,
    0x83, 0x00, 0xA9, 0x44, 0x00, 0xB0, 0xD0, 0x00, 0x00, 0xC5, 0x92, 0x55, 0x00, 0x5F, 0x8D, 0xFF, 0x00, 0xF5, 0x85, 0x55,
    0x83, 0x00, 0xA8, 0x44, 0x00, 0x4B, 0xD1, 0x00, 0x00, 0x0C, 0xA8, 0x55, 0x83, 0x00, 0xA8, 0x44, 0x00, 0xB0, 0xD2, 0x00,
    0xA8, 0x55, 0x83, 0x00, 0xA8, 0x44, 0xD3, 0x00, 0x00, 0xC5, 0xA6, 0x55, 0x00, 0x5C, 0x83, 0x00, 0x00, 0xB4, 0xA6, 0x44,
    0x00, 0x4B, 0xD3, 0x00, 0x00, 0x0C, 0xA6, 0x55, 0x00, 0x5C, 0x83, 0x00, 0x00, 0xB4, 0xA6, 0x44, 0x00, 0xB0, 0xD4, 0x00,
    0x00, 0xC5, 0xA5, 0x55, 0x00, 0x5C, 0x83, 0x00, 0x00, 0xB4, 0xA5, 0x44, 0x00, 0x4B, 0xD6, 0x00, 0x00, 0xC5, 0xA4, 0x55,
    0x00, 0x5C, 0x83, 0x00, 0x00, 0xB4, 0xA4, 0x44, 0x00, 0x4B, 0xD7, 0x00, 0x00, 0x0C, 0xA4, 0x55, 0x00, 0x5C, 0x83, 0x00,
    0x00, 0xB4, 0xA4, 0x44, 0x00, 0xB0, 0xD8, 0x00, 0x00, 0xC5, 0xA3, 0x55, 0x00, 0x5C, 0x83, 0x00, 0x00, 0xB4, 0xA3, 0x44,
    0x00, 0x4B, 0xD9, 0x00, 0x00, 0x0C, 0xA3, 0x55, 0x00, 0x5C, 0x83, 0x00, 0x00, 0xB4, 0xA3, 0x44, 0x00, 0xB0, 0xDA, 0x00,
    0x00, 0xC5, 0xA2, 0x55, 0x00, 0x5C, 0x83, 0x00, 0x00, 0xB4, 0xA2, 0x44, 0x00, 0x4B, 0xDB, 0x00, 0x00, 0x0C, 0xA2, 0x55,
    0x00, 0x5C, 0x83, 0x00, 0x00, 0xB4, 0xA2, 0x44, 0x00, 0xB0, 0xDC, 0x00, 0x00, 0xC5, 0xA1, 0x55, 0x00, 0x5C, 0x83, 0x00,
    0x00, 0xB4, 0xA1, 0x44, 0x00, 0x4B, 0xDE, 0x00, 0x00, 0xC5, 0xA0, 0x55, 0x00, 0x50, 0x83, 0x00, 0x00, 0x04, 0xA0, 0x44,
    0x00, 0x4B, 0xDF, 0x00, 0x00, 0x0C, 0xA0, 0x55, 0x00, 0x50, 0x83, 0x00, 0x00, 0x04, 0xA0, 0x44, 0x00, 0xB0, 0xE0, 0x00,
    0x00, 0xC5, 0x9F, 0x55, 0x00, 0x50, 0x83, 0x00, 0x00, 0x04, 0x9F, 0x44, 0x00, 0x4B, 0xE1, 0x00, 0x01, 0x0C, 0xC5, 0x9E,
    0x55, 0x00, 0x50, 0x83, 0x00, 0x00, 0x04, 0x9E, 0x44, 0x01, 0x4B, 0xB0, 0xE2, 0x00, 0x00, 0x0C, 0x9E, 0x55, 0x00, 0x50,
    0x83, 0x00, 0x00, 0x04, 0x9E, 0x44, 0x00, 0xB0, 0xE4, 0x00, 0x00, 0xCC, 0x9D, 0x55, 0x00, 0x50, 0x83, 0x00, 0x00, 0x04,
    0x9D, 0x44, 0x00, 0xBB, 0xE6, 0x00, 0x00, 0xC5, 0x9C, 0x55, 0x00, 0x50, 0x83, 0x00, 0x00, 0x04, 0x9C, 0x44, 0x00, 0x4B,
    0xE7, 0x00, 0x01, 0x0C, 0xC5, 0x9B, 0x55, 0x00, 0x50, 0x83, 0x00, 0x00, 0x04, 0x9B, 0x44, 0x01, 0x4B, 0xB0, 0xE8, 0x00,
    0x00, 0x0C, 0x9B, 0x55, 0x00, 0x50, 0x83, 0x00, 0x00, 0x04, 0x9B, 0x44, 0x00, 0xB0, 0xEA, 0x00, 0x00, 0x0C, 0x9A, 0x55,
    0x00, 0xC0, 0x83, 0x00, 0x00, 0x0B, 0x9A, 0x44, 0x00, 0xB0, 0xEC, 0x00, 0x00, 0xCC, 0x99, 0x55, 0x00, 0xC0, 0x83, 0x00,
    0x00, 0x0B, 0x99, 0x44, 0x00, 0xBB, 0xEE, 0x00, 0x00, 0xC5, 0x98, 0x55, 0x00, 0xC0, 0x83, 0x00, 0x00, 0x0B, 0x98, 0x44,
    0x00, 0x4B, 0xF0, 0x00, 0x00, 0xC5, 0x97, 0x55, 0x00, 0xC0, 0x83, 0x00, 0x00, 0x0B, 0x97, 0x44, 0x00, 0x4B, 0xF2, 0x00,
    0x00, 0xC5, 0x96, 0x55, 0x00, 0xC0, 0x83, 0x00, 0x00, 0x0B, 0x96, 0x44, 0x00, 0x4B, 0xF4, 0x00, 0x00, 0xC5, 0x95, 0x55,
    0x00, 0xC0, 0x83, 0x00, 0x00, 0x0B, 0x95, 0x44, 0x00, 0x4B, 0xF6, 0x00, 0x00, 0xCC, 0x94, 0x55, 0x00, 0xC0, 0x83, 0x00,
    0x00, 0x0B, 0x94, 0x44, 0x00, 0xBB, 0xF8, 0x00, 0x00, 0xCC, 0x93, 0x55, 0x00, 0xC0, 0x83, 0x00, 0x00, 0x0B, 0x93, 0x44,
    0x00, 0xBB, 0xFA, 0x00, 0x00, 0x0C, 0x92, 0x55, 0x00, 0xC0, 0x83, 0x00, 0x00, 0x0B, 0x92, 0x44, 0x00, 0xB0, 0xFC, 0x00,
    0x01, 0x0C, 0xC5, 0x90, 0x55, 0x00, 0xC0, 0x83, 0x00, 0x00, 0x0B, 0x90, 0x44, 0x01, 0x4B, 0xB0, 0xFF, 0x00, 0x00, 0xCC,
    0x8F, 0x55, 0x85, 0x00, 0x8F, 0x44, 0x00, 0xBB, 0xFF, 0x00, 0x82, 0x00, 0x01, 0x0C, 0xC5, 0x8D, 0x55, 0x85, 0x00, 0x8D,
    0x44, 0x01, 0x4B, 0xB0, 0xFF, 0x00, 0x85, 0x00, 0x00, 0xCC, 0x8C, 0x55, 0x85, 0x00, 0x8C, 0x44, 0x00, 0xBB, 0xFF, 0x00,
    0x89, 0x00, 0x00, 0xCC, 0x8A, 0x55, 0x85, 0x00, 0x8A, 0x44, 0x00, 0xBB, 0xFF, 0x00, 0x8D, 0x00, 0x01, 0xCC, 0xC5, 0x87,
    0x55, 0x85, 0x00, 0x87, 0x44, 0x01, 0x4B, 0xBB, 0xFF, 0x00, 0x91, 0x00, 0x01, 0x0C, 0xCC, 0x85, 0x55, 0x85, 0x00, 0x85,
    0x44, 0x01, 0xBB, 0xB0, 0xFF, 0x00, 0x96, 0x00, 0x04, 0x0C, 0xCC, 0xCC, 0xC5, 0x5C, 0x85, 0x00, 0x04, 0xB4, 0x4B, 0xBB,
    0xBB, 0xB0, 0xFF, 0x00, 0xFF, 0x00, 0xFF, 0x00, 0xFF, 0x00, 0xFF, 0x00, 0xFF, 0x00, 0xFF, 0x00, 0xFF, 0x00, 0xFF, 0x00,
    0xFF, 0x00, 0xFF, 0x00, 0xFF, 0x00, 0xFF, 0x00, 0xFF, 0x00, 0xFF, 0x00, 0xFF, 0x00, 0xFF, 0x00, 0xFF, 0x00, 0xFF, 0x00,
    0xFF, 0x00, 0xFF, 0x00, 0xFF, 0x00, 0xFF, 0x00, 0xFF, 0x00, 0xFF, 0x00, 0xFF, 0x00, 0xFF, 0x00, 0xFF, 0x00, 0xFF, 0x00,
    0xFF, 0x00, 0xFF, 0x00, 0xFF, 0x00, 0xFF, 0x00, 0xFF, 0x00, 0xFF, 0x00, 0xFF, 0x00, 0xFF, 0x00, 0xFF, 0x00, 0xFF, 0x00,
    0xFF, 0x00, 0xFF, 0x00, 0xFF, 0x00, 0xFF, 0x00, 0xFF, 0x00, 0xFF, 0x00, 0xFF, 0x00, 0xFF, 0x00, 0xFF, 0x00, 0xFF, 0x00,
    0xFF, 0x00, 0xFF, 0x00, 0xFF, 0x00, 0xFF, 0x00, 0xFF, 0x00, 0xFF, 0x00, 0xFF, 0x00, 0xFF, 0x00, 0xFF, 0x00, 0xFF, 0x00,
    0xFF, 0x00, 0xFF, 0x00, 0xFF, 0x00, 0xFF, 0x00, 0xFF, 0x00, 0xFF, 0x00, 0xFF, 0x00, 0xFF, 0x00, 0xFF, 0x00, 0xAA, 0x00,
};

static const uint8_t kLauncherFrame07[] = {
    0xFF, 0x00, 0xFF, 0x00, 0xFF, 0x00, 0xFF, 0x00, 0xFF, 0x00, 0xFF, 0x00, 0xFF, 0x00, 0xFF, 0x00, 0xFF, 0x00, 0xFF, 0x00,
    0xFF, 0x00, 0xFF, 0x00, 0xFF, 0x00, 0xFF, 0x00, 0xFF, 0x00, 0xFF, 0x00, 0xFF, 0x00, 0xFF, 0x00, 0xFF, 0x00, 0xFF, 0x00,
    0xFF, 0x00, 0xFF, 0x00, 0xFF, 0x00, 0xFF, 0x00, 0xFF, 0x00, 0xFF, 0x00, 0xFF, 0x00, 0xFF, 0x00, 0xFF, 0x00, 0xFF, 0x00,
    0xFF, 0x00, 0xFF, 0x00, 0xFF, 0x00, 0xFF, 0x00, 0xFF, 0x00, 0xFF, 0x00, 0xFF, 0x00, 0xFF, 0x00, 0xFF, 0x00, 0xFF, 0x00,
    0xFF, 0x00, 0xFF, 0x00, 0xFF, 0x00, 0xFF, 0x00, 0xFF, 0x00, 0xFF, 0x00, 0xFF, 0x00, 0xFF, 0x00, 0xFF, 0x00, 0xFF, 0x00,
    0xFF, 0x00, 0xFF, 0x00, 0xFF, 0x00, 0xFF, 0x00, 0xFF, 0x00, 0xFF, 0x00, 0xFF, 0x00, 0xFF, 0x00, 0xFF, 0x00, 0xFF, 0x00,
    0xAE, 0x00, 0x03, 0x08, 0x88, 0x88, 0x81, 0x87, 0x11, 0x03, 0x18, 0x88, 0x88, 0x80, 0xFF, 0x00, 0x96, 0x00, 0x01, 0x88,
    0x88, 0x91, 0x11, 0x01, 0x88, 0x88, 0xFF, 0x00, 0x90, 0x00, 0x01, 0x08, 0x88, 0x97, 0x11, 0x01, 0x88, 0x80, 0xFF, 0x00,
    0x8B, 0x00, 0x01, 0x08, 0x88, 0x9B, 0x11, 0x01, 0x88, 0x80, 0xFF, 0x00, 0x87, 0x00, 0x01, 0x08, 0x88, 0x9F, 0x11, 0x01,
    0x88, 0x80, 0xFF, 0x00, 0x84, 0x00, 0x00, 0x88, 0xA3, 0x11, 0x00, 0x88, 0xFF, 0x00, 0x03, 0x00, 0x00, 0x08, 0x81, 0xA5,
    0x11, 0x01, 0x18, 0x80, 0xFE, 0x00, 0x00, 0x88, 0xA9, 0x11, 0x00, 0x88, 0xFB, 0x00, 0x01, 0x08, 0x81, 0xAB, 0x11, 0x01,
    0x18, 0x80, 0xF8, 0x00, 0x01, 0x08, 0x81, 0xAD, 0x11, 0x01, 0x18, 0x80, 0xF7, 0x00, 0x00, 0x08, 0xAF, 0x11, 0x00, 0x80,
    0xF7, 0x00, 0x00, 0x08, 0xAF, 0x11, 0x00, 0x80, 0xF8, 0x00, 0xAF, 0x11, 0xF9, 0x00, 0x00, 0x81, 0xAD, 0x11, 0x00, 0x18,
    0xF3, 0x00, 0x00, 0xEE, 0x84, 0x00, 0x00, 0x01, 0xAD, 0x11, 0x00, 0x10, 0x84, 0x00, 0x00, 0x99, 0xEC, 0x00, 0x01, 0x0E,
    0x77, 0x84, 0x00, 0x00, 0x08, 0xAD, 0x11, 0x00, 0x80, 0x84, 0x00, 0x01, 0x22, 0x90, 0xEA, 0x00, 0x03, 0x0E, 0x77, 0x77,
    0xE0, 0x83, 0x00, 0x00, 0x08, 0xAD, 0x11, 0x00, 0x80, 0x83, 0x00, 0x03, 0x09, 0x22, 0x22, 0x90, 0xE8, 0x00, 0x04, 0x0E,
    0xE7, 0x77, 0x77, 0x70, 0x84, 0x00, 0x00, 0x81, 0xAB, 0x11, 0x00, 0x18, 0x84, 0x00, 0x04, 0x02, 0x22, 0x22, 0x29, 0x90,
    0xE7, 0x00, 0x00, 0xE7, 0x82, 0x77, 0x00, 0x7E, 0x84, 0x00, 0x00, 0x81, 0xAB, 0x11, 0x00, 0x18, 0x84, 0x00, 0x00, 0x92,
    0x82, 0x22, 0x00, 0x29, 0xE6, 0x00, 0x00, 0xE7, 0x84, 0x77, 0x84, 0x00, 0x00, 0x01, 0xAB, 0x11, 0x00, 0x10, 0x84, 0x00,
    0x84, 0x22, 0x00, 0x29, 0xE4, 0x00, 0x00, 0xEE, 0x85, 0x77, 0x00, 0xE0, 0x83, 0x00, 0x00, 0x08, 0xAB, 0x11, 0x00, 0x80,
    0x83, 0x00, 0x00, 0x09, 0x85, 0x22, 0x00, 0x99, 0xE2, 0x00, 0x00, 0x0E, 0x86, 0x77, 0x00, 0x7E, 0x84, 0x00, 0xAB, 0x11,
    0x84, 0x00, 0x00, 0x92, 0x86, 0x22, 0x00, 0x90, 0xE1, 0x00, 0x00, 0xE7, 0x86, 0x77, 0x00, 0x7E, 0x84, 0x00, 0x00, 0x81,
    0xA9, 0x11, 0x00, 0x18, 0x84, 0x00, 0x00, 0x92, 0x86, 0x22, 0x00, 0x29, 0xE0, 0x00, 0x00, 0xE7, 0x88, 0x77, 0x00, 0xE0,
    0x83, 0x00, 0x00, 0x81, 0xA9, 0x11, 0x00, 0x18, 0x83, 0x00, 0x00, 0x09, 0x88, 0x22, 0x00, 0x29, 0xDE, 0x00, 0x00, 0x0E,
    0x89, 0x77, 0x00, 0xE0, 0x83, 0x00, 0x00, 0x08, 0x98, 0x11, 0x00, 0xFF, 0x8F, 0x11, 0x00, 0x80, 0x83, 0x00, 0x00, 0x09,
    0x89, 0x22, 0x00, 0x90, 0xDC, 0x00, 0x01, 0x0E, 0xE7, 0x89, 0x77, 0x00, 0x7E, 0x83, 0x00, 0x00, 0x08, 0x96, 0x11, 0x03,
    0x1F, 0xFF, 0xFF, 0xF1, 0x8E, 0x11, 0x00, 0x80, 0x83, 0x00, 0x00, 0x92, 0x89, 0x22, 0x01, 0x29, 0x90, 0xDB, 0x00, 0x00,
    0xE7, 0x8A, 0x77, 0x00, 0x7E, 0x84, 0x00, 0x94, 0x11, 0x00, 0x1F, 0x83, 0xFF, 0x00, 0xF1, 0x8E, 0x11, 0x84, 0x00, 0x00,
    0x92, 0x8A, 0x22, 0x00, 0x29, 0xDA, 0x00, 0x00, 0x0E, 0x8C, 0x77, 0x00, 0xE0, 0x83, 0x00, 0x00, 0x81, 0x91, 0x11, 0x00,
    0x1F, 0x85, 0xFF, 0x00, 0xF1, 0x8D, 0x11, 0x00, 0x18, 0x83, 0x00, 0x00, 0x09, 0x8C, 0x22, 0x00, 0x90, 0xD9, 0x00, 0x00,
    0xE7, 0x8C, 0x77, 0x00, 0xE0, 0x83, 0x00, 0x00, 0x01, 0x8F, 0x11, 0x00, 0x1F, 0x87, 0xFF, 0x00, 0xF1, 0x8D, 0x11, 0x00,
    0x10, 0x83, 0x00, 0x00, 0x09, 0x8C, 0x22, 0x00, 0x29, 0xD8, 0x00, 0x00, 0x0E, 0x8D, 0x77, 0x00, 0x7E, 0x83, 0x00, 0x00,
    0x08, 0x8F, 0x11, 0x85, 0xFF, 0x03, 0x11, 0x1F, 0xFF, 0xF1, 0x8D, 0x11, 0x00, 0x80, 0x83, 0x00, 0x00, 0x92, 0x8D, 0x22,
    0x00, 0x90, 0xD6, 0x00, 0x00, 0x0E, 0x8F, 0x77, 0x83, 0x00, 0x00, 0x08, 0x8F, 0x11, 0x83, 0xFF, 0x82, 0x11, 0x02, 0x1F,
    0xFF, 0xF1, 0x8D, 0x11, 0x00, 0x80, 0x83, 0x00, 0x8F, 0x22, 0x00, 0x90, 0xD5, 0x00, 0x00, 0xE7, 0x8F, 0x77, 0x00, 0xE0,
    0x83, 0x00, 0x00, 0x81, 0x8E, 0x11, 0x01, 0xFF, 0xFF, 0x84, 0x11, 0x02, 0x1F, 0xFF, 0xF1, 0x8C, 0x11, 0x00, 0x18, 0x83,
    0x00, 0x00, 0x09, 0x8F, 0x22, 0x00, 0x29, 0xD4, 0x00, 0x00, 0x0E, 0x90, 0x77, 0x00, 0x70, 0x83, 0x00, 0x00, 0x81, 0x8E,
    0x11, 0x01, 0xFF, 0xFF, 0x84, 0x11, 0x02, 0x1F, 0xFF, 0xF1, 0x8C, 0x11, 0x00, 0x18, 0x83, 0x00, 0x00, 0x02, 0x90, 0x22,
    0x00, 0x90, 0xD3, 0x00, 0x00, 0xE7, 0x90, 0x77, 0x00, 0x7E, 0x83, 0x00, 0x00, 0x01, 0x8E, 0x11, 0x01, 0xFF, 0xFF, 0x84,
    0x11, 0x02, 0x1F, 0xFF, 0xF1, 0x8C, 0x11, 0x00, 0x10, 0x83, 0x00, 0x00, 0x92, 0x90, 0x22, 0x00, 0x29, 0xD2, 0x00, 0x00,
    0x0E, 0x92, 0x77, 0x83, 0x00, 0x00, 0x08, 0x8E, 0x11, 0x01, 0xFF, 0xFF, 0x84, 0x11, 0x02, 0x1F, 0xFF, 0xF1, 0x8C, 0x11,
    0x00, 0x80, 0x83, 0x00, 0x92, 0x22, 0x00, 0x90, 0xD1, 0x00, 0x00, 0xE7, 0x92, 0x77, 0x00, 0xE0, 0x82, 0x00, 0x00, 0x08,
    0x8E, 0x11, 0x01, 0xFF, 0xFF, 0x84, 0x11, 0x02, 0x1F, 0xFF, 0xF1, 0x8C, 0x11, 0x00, 0x80, 0x82, 0x00, 0x00, 0x09, 0x92,
    0x22, 0x00, 0x29, 0xD0, 0x00, 0x00, 0x0E, 0x93, 0x77, 0x00, 0x7E, 0x83, 0x00, 0x00, 0x81, 0x8D, 0x11, 0x01, 0xFF, 0xFF,
    0x84, 0x11, 0x02, 0x1F, 0xFF, 0xF1, 0x8B, 0x11, 0x00, 0x18, 0x83, 0x00, 0x00, 0x92, 0x93, 0x22, 0x00, 0x90, 0xCF, 0x00,
    0x00, 0xE7, 0x93, 0x77, 0x00, 0x7E, 0x83, 0x00, 0x00, 0x81, 0x8D, 0x11, 0x01, 0xFF, 0xFF, 0x84, 0x11, 0x02, 0x1F, 0xFF,
    0xF1, 0x8B, 0x11, 0x00, 0x18, 0x83, 0x00, 0x00, 0x92, 0x93, 0x22, 0x00, 0x29, 0xCE, 0x00, 0x00, 0x0E, 0x95, 0x77, 0x00,
    0xE0, 0x82, 0x00, 0x00, 0x01, 0x8D, 0x11, 0x01, 0xFF, 0xFF, 0x84, 0x11, 0x02, 0x1F, 0xFF, 0xF1, 0x8B, 0x11, 0x00, 0x10,
    0x82, 0x00, 0x00, 0x09, 0x95, 0x22, 0x00, 0x90, 0xCD, 0x00, 0x00, 0xE7, 0x95, 0x77, 0x00, 0xE0, 0x82, 0x00, 0x00, 0x08,
    0x8D, 0x11, 0x01, 0xFF, 0xFF, 0x84, 0x11, 0x02, 0x1F, 0xFF, 0xF1, 0x8B, 0x11, 0x00, 0x80, 0x82, 0x00, 0x00, 0x09, 0x95,
    0x22, 0x00, 0x29, 0xCC, 0x00, 0x00, 0x0E, 0x96, 0x77, 0x00, 0x7E, 0x83, 0x00, 0x8D, 0x11, 0x01, 0xFF, 0xFF, 0x84, 0x11,
    0x02, 0x1F, 0xFF, 0xF1, 0x8B, 0x11, 0x83, 0x00, 0x00, 0x92, 0x96, 0x22, 0x00, 0x90, 0xCB, 0x00, 0x00, 0xE7, 0x96, 0x77,
    0x00, 0x7E, 0x83, 0x00, 0x00, 0x81, 0x8C, 0x11, 0x01, 0xFF, 0xFF, 0x84, 0x11, 0x02, 0x1F, 0xFF, 0xF1, 0x8A, 0x11, 0x00,
    0x18, 0x83, 0x00, 0x00, 0x92, 0x96, 0x22, 0x00, 0x29, 0xCA, 0x00, 0x00, 0x0E, 0x98, 0x77, 0x00, 0xE0, 0x82, 0x00, 0x00,
    0x81, 0x8C, 0x11, 0x01, 0xFF, 0xFF, 0x82, 0x11, 0x83, 0xFF, 0x00, 0xF1, 0x8A, 0x11, 0x00, 0x18, 0x82, 0x00, 0x00, 0x09,
    0x98, 0x22, 0x00, 0x90, 0xC9, 0x00, 0x00, 0x07, 0x98, 0x77, 0x00, 0xE0, 0x82, 0x00, 0x00, 0x08, 0x8C, 0x11, 0x04, 0xFF,
    0xFF, 0x11, 0x11, 0x1F, 0x83, 0xFF, 0x00, 0xF1, 0x8A, 0x11, 0x00, 0x80, 0x82, 0x00, 0x00, 0x09, 0x98, 0x22, 0x00, 0x20,
    0xC9, 0x00, 0x00, 0xE7, 0x98, 0x77, 0x00, 0x7E, 0x82, 0x00, 0x00, 0x08, 0x8C, 0x11, 0x03, 0xFF, 0xFF, 0x11, 0x11, 0x84,
    0xFF, 0x00, 0xF1, 0x8A, 0x11, 0x00, 0x80, 0x82, 0x00, 0x00, 0x92, 0x98, 0x22, 0x00, 0x29, 0xC8, 0x00, 0x00, 0x0E, 0x9A,
    0x77, 0x83, 0x00, 0x8C, 0x11, 0x03, 0xFF, 0xFF, 0x11, 0x11, 0x84, 0xFF, 0x00, 0xF1, 0x8A, 0x11, 0x83, 0x00, 0x9A, 0x22,
    0x00, 0x90, 0xC7, 0x00, 0x00, 0xE7, 0x9A, 0x77, 0x00, 0xE0, 0x82, 0x00, 0x00, 0x81, 0x8B, 0x11, 0x03, 0xFF, 0xFF, 0x11,
    0x11, 0x84, 0xFF, 0x8A, 0x11, 0x00, 0x18, 0x82, 0x00, 0x00, 0x09, 0x9A, 0x22, 0x00, 0x29, 0xC6, 0x00, 0x00, 0x0E, 0x9B,
    0x77, 0x00, 0x70, 0x82, 0x00, 0x00, 0x01, 0x88, 0x11, 0x06, 0xFF, 0xFF, 0xF1, 0xFF, 0xFF, 0x11, 0x11, 0x83, 0xFF, 0x8B,
    0x11, 0x00, 0x10, 0x82, 0x00, 0x00, 0x02, 0x9B, 0x22, 0x00, 0x90, 0xC5, 0x00, 0x00, 0xE7, 0x9B, 0x77, 0x00, 0x7E, 0x82,
    0x00, 0x00, 0x08, 0x87, 0x11, 0x00, 0x1F, 0x84, 0xFF, 0x01, 0x11, 0x11, 0x83, 0xFF, 0x8B, 0x11, 0x00, 0x80, 0x82, 0x00,
    0x00, 0x92, 0x9B, 0x22, 0x00, 0x29, 0xC5, 0x00, 0x00, 0xE7, 0x9C, 0x77, 0x82, 0x00, 0x00, 0x08, 0x87, 0x11, 0x85, 0xFF,
    0x05, 0x11, 0x11, 0x1F, 0xFF, 0xFF, 0xF1, 0x8B, 0x11, 0x00, 0x80, 0x82, 0x00, 0x9C, 0x22, 0x00, 0x29, 0xC4, 0x00, 0x00,
    0x0E, 0x9D, 0x77, 0x00, 0xE0, 0x82, 0x00, 0x00, 0x81, 0x86, 0x11, 0x84, 0xFF, 0x00, 0xF1, 0x82, 0x11, 0x01, 0x1F, 0xF1,
    0x8B, 0x11, 0x00, 0x18, 0x82, 0x00, 0x00, 0x09, 0x9D, 0x22, 0x00, 0x90, 0xC3, 0x00, 0x00, 0xE7, 0x9D, 0x77, 0x00, 0x70,
    0x82, 0x00, 0x00, 0x81, 0x86, 0x11, 0x83, 0xFF, 0x00, 0xF1, 0x91, 0x11, 0x00, 0x18, 0x82, 0x00, 0x00, 0x02, 0x9D, 0x22,
    0x00, 0x29, 0xC3, 0x00, 0x9E, 0x77, 0x00, 0x7E, 0x82, 0x00, 0x00, 0x01, 0x86, 0x11, 0x83, 0xFF, 0x01, 0x88, 0x88, 0x83,
    0x00, 0x82, 0x88, 0x89, 0x11, 0x00, 0x10, 0x82, 0x00, 0x00, 0x92, 0x9E, 0x22, 0xC2, 0x00, 0x00, 0x0E, 0x9F, 0x77, 0x03,
    0xE0, 0x00, 0x00, 0x08, 0x86, 0x11, 0x83, 0xFF, 0x89, 0x00, 0x01, 0x88, 0x88, 0x86, 0x11, 0x03, 0x80, 0x00, 0x00, 0x09,
    0x9F, 0x22, 0x00, 0x90, 0xC1, 0x00, 0x00, 0xE7, 0x9F, 0x77, 0x00, 0xE0, 0x82, 0x00, 0x84, 0x11, 0x05, 0x88, 0x80, 0x0F,
    0xFF, 0xFF, 0xF0, 0x8B, 0x00, 0x01, 0x08, 0x88, 0x84, 0x11, 0x82, 0x00, 0x00, 0x09, 0x9F, 0x22, 0x00, 0x29, 0xC0, 0x00,
    0x00, 0x0E, 0xA0, 0x77, 0x00, 0x7E, 0x82, 0x00, 0x04, 0x81, 0x11, 0x11, 0x18, 0x80, 0x82, 0x00, 0x01, 0x0F, 0xF0, 0x8E,
    0x00, 0x04, 0x08, 0x81, 0x11, 0x11, 0x18, 0x82, 0x00, 0x00, 0x92, 0xA0, 0x22, 0x00, 0x90, 0xBF, 0x00, 0x00, 0x0E, 0x92,
    0x77, 0x01, 0x7F, 0xF7, 0x8B, 0x77, 0x00, 0x7E, 0x82, 0x00, 0x02, 0x81, 0x11, 0x88, 0x97, 0x00, 0x02, 0x88, 0x11, 0x18,
    0x82, 0x00, 0x00, 0x92, 0x88, 0x22, 0x07, 0xFF, 0x22, 0x22, 0x2F, 0xF2, 0x22, 0x22, 0xFF, 0x8F, 0x22, 0x00, 0x90, 0xBF,
    0x00, 0x00, 0xE7, 0x92, 0x77, 0x01, 0xFF, 0xFF, 0x8C, 0x77, 0x04, 0xE0, 0x00, 0x00, 0x08, 0x88, 0x99, 0x00, 0x04, 0x88,
    0x80, 0x00, 0x00, 0x09, 0x88, 0x22, 0x09, 0x2F, 0xFF, 0xF2, 0x22, 0xFF, 0xFF, 0x22, 0x2F, 0xFF, 0xF2, 0x8E, 0x22, 0x00,
    0x29, 0xBF, 0x00, 0x93, 0x77, 0x01, 0xFF, 0xFF, 0x8C, 0x77, 0x00, 0xE0, 0xA1, 0x00, 0x00, 0x09, 0x88, 0x22, 0x09, 0x2F,
    0xFF, 0xF2, 0x22, 0xFF, 0xFF, 0x22, 0x2F, 0xFF, 0xF2, 0x8F, 0x22, 0xBE, 0x00, 0x00, 0x0E, 0x93, 0x77, 0x01, 0xFF, 0xFF,
    0x8C, 0x77, 0x00, 0x7E, 0xA1, 0x00, 0x00, 0x92, 0x88, 0x22, 0x09, 0x2F, 0xFF, 0xF2, 0x22, 0xFF, 0xFF, 0x22, 0x2F, 0xFF,
    0xF2, 0x8F, 0x22, 0x00, 0x90, 0xBD, 0x00, 0x00, 0xE7, 0x8E, 0x77, 0x00, 0xFF, 0x83, 0x77, 0x01, 0xFF, 0xFF, 0x83, 0x77,
    0x00, 0xFF, 0x87, 0x77, 0x00, 0x7E, 0xA1, 0x00, 0x00, 0x92, 0x87, 0x22, 0x8B, 0xFF, 0x8E, 0x22, 0x00, 0x29, 0xBD, 0x00,
    0x00, 0xE7, 0x8D, 0x77, 0x02, 0x7F, 0xFF, 0xF7, 0x82, 0x77, 0x01, 0xFF, 0xFF, 0x82, 0x77, 0x02, 0x7F, 0xFF, 0xF7, 0x86,
    0x77, 0x00, 0xE0, 0xA1, 0x00, 0x00, 0x09, 0x86, 0x22, 0x00, 0x2F, 0x8B, 0xFF, 0x00, 0xF2, 0x8D, 0x22, 0x00, 0x29, 0xBC,
    0x00, 0x00, 0x0E, 0x8E, 0x77, 0x02, 0x7F, 0xFF, 0xFF, 0x82, 0x77, 0x01, 0xFF, 0xFF, 0x82, 0x77, 0x02, 0xFF, 0xFF, 0xF7,
    0x85, 0x77, 0x00, 0xE0, 0xA3, 0x00, 0x00, 0x09, 0x85, 0x22, 0x00, 0x2F, 0x8B, 0xFF, 0x00, 0xF2, 0x8E, 0x22, 0x00, 0x90,
    0xBB, 0x00, 0x00, 0x07, 0x8F, 0x77, 0x0B, 0xFF, 0xFF, 0xF7, 0x77, 0x77, 0xFF, 0xFF, 0x77, 0x77, 0x7F, 0xFF, 0xFF, 0x85,
    0x77, 0x00, 0xEE, 0xA5, 0x00, 0x00, 0x99, 0x84, 0x22, 0x00, 0x2F, 0x8B, 0xFF, 0x00, 0xF2, 0x8E, 0x22, 0x00, 0x20, 0xBB,
    0x00, 0x00, 0xE7, 0x8F, 0x77, 0x0B, 0x7F, 0xFF, 0xFF, 0x77, 0x77, 0xFF, 0xFF, 0x77, 0x77, 0xFF, 0xFF, 0xF7, 0x84, 0x77,
    0x00, 0x7E, 0xA7, 0x00, 0x00, 0x92, 0x82, 0x22, 0x82, 0xFF, 0x00, 0xF2, 0x87, 0x22, 0x00, 0x2F, 0x82, 0xFF, 0x8D, 0x22,
    0x00, 0x29, 0xBA, 0x00, 0x00, 0x0E, 0x91, 0x77, 0x09, 0xFF, 0xFF, 0xF7, 0x77, 0x7F, 0xF7, 0x77, 0x7F, 0xFF, 0xFF, 0x84,
    0x77, 0x01, 0x7E, 0xE0, 0xA7, 0x00, 0x03, 0x09, 0x92, 0x22, 0x2F, 0x82, 0xFF, 0x00, 0xF2, 0x87, 0x22, 0x00, 0x2F, 0x82,
    0xFF, 0x00, 0xF2, 0x8D, 0x22, 0x00, 0x90, 0xB9, 0x00, 0x00, 0x0E, 0x91, 0x77, 0x02, 0x7F, 0xFF, 0xF7, 0x83, 0x77, 0x02,
    0x7F, 0xFF, 0xF7, 0x84, 0x77, 0x00, 0xE0, 0xA9, 0x00, 0x02, 0x09, 0x22, 0x2F, 0x82, 0xFF, 0x00, 0xF2, 0x87, 0x22, 0x00,
    0x2F, 0x82, 0xFF, 0x00, 0xF2, 0x8D, 0x22, 0x00, 0x90, 0xB9, 0x00, 0x00, 0xE7, 0x92, 0x77, 0x00, 0xFF, 0x85, 0x77, 0x00,
    0xFF, 0x84, 0x77, 0x00, 0x7E, 0xAB, 0x00, 0x01, 0x92, 0x22, 0x82, 0xFF, 0x00, 0xF2, 0x87, 0x22, 0x00, 0x2F, 0x82, 0xFF,
    0x8E, 0x22, 0x00, 0x29, 0xB9, 0x00, 0x00, 0xE7, 0x9E, 0x77, 0x01, 0x7E, 0xE0, 0xAB, 0x00, 0x09, 0x09, 0x92, 0x22, 0x2F,
    0xFF, 0xF2, 0x22, 0x22, 0x2F, 0xF2, 0x82, 0x22, 0x03, 0xFF, 0x2F, 0xFF, 0xF2, 0x8F, 0x22, 0x00, 0x29, 0xB8, 0x00, 0x00,
    0x0E, 0x96, 0x77, 0x02, 0xFF, 0xFF, 0xF7, 0x85, 0x77, 0x00, 0xE0, 0xAD, 0x00, 0x0B, 0x09, 0x22, 0x2F, 0xFF, 0xF2, 0x22,
    0x22, 0xFF, 0xFF, 0x22, 0x22, 0x2F, 0x82, 0xFF, 0x00, 0xF2, 0x90, 0x22, 0x00, 0x90, 0xB7, 0x00, 0x00, 0x0E, 0x95, 0x77,
    0x00, 0x7F, 0x82, 0xFF, 0x84, 0x77, 0x00, 0x7E, 0xAF, 0x00, 0x09, 0x92, 0x2F, 0xFF, 0xF2, 0x22, 0x22, 0xFF, 0xFF, 0xF2,
    0x22, 0x83, 0xFF, 0x00, 0xF2, 0x90, 0x22, 0x00, 0x90, 0xB7, 0x00, 0x00, 0xE7, 0x8F, 0x77, 0x83, 0xFF, 0x01, 0x77, 0x77,
    0x83, 0xFF, 0x01, 0x77, 0x77, 0x83, 0xFF, 0xAF, 0x00, 0x82, 0xFF, 0x09, 0xF2, 0x22, 0x2F, 0xFF, 0xFF, 0xF2, 0x22, 0xFF,
    0xFF, 0x2F, 0x82, 0xFF, 0x8F, 0x22, 0x00, 0x29, 0xB7, 0x00, 0x00, 0xE7, 0x8E, 0x77, 0x00, 0x7F, 0x83, 0xFF, 0x01, 0xF7,
    0x77, 0x83, 0xFF, 0x01, 0xF7, 0x7F, 0x83, 0xFF, 0x00, 0xF0, 0xAD, 0x00, 0x00, 0x0F, 0x82, 0xFF, 0x01, 0xF2, 0x22, 0x83,
    0xFF, 0x03, 0x2F, 0xFF, 0xFF, 0x2F, 0x82, 0xFF, 0x00, 0xF2, 0x8E, 0x22, 0x00, 0x29, 0xB7, 0x00, 0x8F, 0x77, 0x00, 0x7F,
    0x83, 0xFF, 0x01, 0xF7, 0x77, 0x83, 0xFF, 0x01, 0xF7, 0x7F, 0x83, 0xFF, 0x00, 0xF0, 0xAD, 0x00, 0x00, 0x0F, 0x82, 0xFF,
    0x01, 0xF2, 0x22, 0x85, 0xFF, 0x01, 0xF2, 0x2F, 0x82, 0xFF, 0x00, 0xF2, 0x8F, 0x22, 0xB6, 0x00, 0x00, 0x0E, 0x90, 0x77,
    0x83, 0xFF, 0x01, 0x77, 0x77, 0x83, 0xFF, 0x01, 0x77, 0x77, 0x83, 0xFF, 0xAF, 0x00, 0x82, 0xFF, 0x04, 0xF2, 0x2F, 0xFF,
    0xF2, 0x2F, 0x82, 0xFF, 0x01, 0x22, 0x2F, 0x82, 0xFF, 0x90, 0x22, 0x00, 0x90, 0xB5, 0x00, 0x00, 0x07, 0x96, 0x77, 0x83,
    0xFF, 0x82, 0x77, 0x00, 0xE0, 0xB2, 0x00, 0x0D, 0x0F, 0xFF, 0xF2, 0xFF, 0xFF, 0xF2, 0x22, 0xFF, 0xFF, 0xF2, 0x22, 0x2F,
    0xFF, 0xF2, 0x91, 0x22, 0x00, 0x20, 0xB5, 0x00, 0x00, 0xE7, 0x96, 0x77, 0x06, 0x7F, 0xFF, 0xFF, 0xF7, 0x77, 0x77, 0x7E,
    0xB3, 0x00, 0x0D, 0x0F, 0xFF, 0xF2, 0xFF, 0xFF, 0x22, 0x22, 0xFF, 0xFF, 0x22, 0x22, 0x2F, 0xFF, 0xF2, 0x91, 0x22, 0x00,
    0x29, 0xB5, 0x00, 0x00, 0xE7, 0x97, 0x77, 0x01, 0x7F, 0xF7, 0x82, 0x77, 0x00, 0xE0, 0xB3, 0x00, 0x0D, 0x0F, 0xFF, 0xF9,
    0x2F, 0xF2, 0x22, 0x22, 0x2F, 0xF2, 0x22, 0x22, 0x2F, 0xFF, 0xF2, 0x91, 0x22, 0x00, 0x29, 0xB4, 0x00, 0x00, 0x0E, 0x95,
    0x77, 0x00, 0xFF, 0x85, 0x77, 0x00, 0xFF, 0xB3, 0x00, 0x82, 0xFF, 0x01, 0xF0, 0x92, 0x86, 0x22, 0x00, 0x2F, 0x82, 0xFF,
    0x91, 0x22, 0x00, 0x90, 0xB3, 0x00, 0x00, 0x0E, 0x94, 0x77, 0x02, 0x7F, 0xFF, 0xF7, 0x83, 0x77, 0x02, 0x7F, 0xFF, 0xF0,
    0xB1, 0x00, 0x00, 0x0F, 0x82, 0xFF, 0x01, 0xF0, 0x92, 0x86, 0x22, 0x00, 0x2F, 0x82, 0xFF, 0x00, 0xF2, 0x90, 0x22, 0x00,
    0x90, 0xB3, 0x00, 0x00, 0x07, 0x94, 0x77, 0x09, 0xFF, 0xFF, 0xF7, 0x77, 0x7F, 0xF7, 0x77, 0x7F, 0xFF, 0xFF, 0xB1, 0x00,
    0x00, 0x0F, 0x82, 0xFF, 0x01, 0xF0, 0x09, 0x86, 0x22, 0x00, 0x2F, 0x82, 0xFF, 0x00, 0xF2, 0x90, 0x22, 0x00, 0x20, 0xB3,
    0x00, 0x00, 0xE7, 0x93, 0x77, 0x0B, 0x7F, 0xFF, 0xFF, 0x77, 0x77, 0xFF, 0xFF, 0x77, 0x7E, 0xFF, 0xFF, 0xF0, 0xB1, 0x00,
    0x82, 0xFF, 0x02, 0xF0, 0x00, 0x92, 0x85, 0x22, 0x00, 0x2F, 0x82, 0xFF, 0x91, 0x22, 0x00, 0x29, 0xB3, 0x00, 0x00, 0xE7,
    0x93, 0x77, 0x0B, 0xFF, 0xFF, 0xF7, 0x77, 0x77, 0xFF, 0xFF, 0x77, 0xE0, 0x0F, 0xFF, 0xFF, 0xB2, 0x00, 0x00, 0x0F, 0x8B,
    0xFF, 0x00, 0xF2, 0x92, 0x22, 0x00, 0x29, 0xB3, 0x00, 0x93, 0x77, 0x02, 0x7F, 0xFF, 0xFF, 0x82, 0x77, 0x07, 0xFF, 0xFF,
    0x77, 0xE0, 0x00, 0xFF, 0xFF, 0xF0, 0xB1, 0x00, 0x00, 0x0F, 0x8B, 0xFF, 0x00, 0xF2, 0x93, 0x22, 0xB2, 0x00, 0x00, 0x0E,
    0x93, 0x77, 0x02, 0x7F, 0xFF, 0xF7, 0x82, 0x77, 0x07, 0xFF, 0xFF, 0x7E, 0x00, 0x00, 0x0F, 0xFF, 0xF0, 0xB1, 0x00, 0x00,
    0x0F, 0x8B, 0xFF, 0x00, 0xF2, 0x93, 0x22, 0x00, 0x90, 0xB1, 0x00, 0x00, 0x0E, 0x94, 0x77, 0x00, 0xFF, 0x83, 0x77, 0x02,
    0xFF, 0xFF, 0xE0, 0x82, 0x00, 0x00, 0xFF, 0xB3, 0x00, 0x8B, 0xFF, 0x94, 0x22, 0x00, 0x90, 0xB1, 0x00, 0x00, 0x07, 0x99,
    0x77, 0x02, 0xFF, 0xFF, 0xE0, 0xB8, 0x00, 0x09, 0x0F, 0xFF, 0xF0, 0x09, 0xFF, 0xFF, 0x22, 0x2F, 0xFF, 0xF2, 0x95, 0x22,
    0x00, 0x20, 0xB1, 0x00, 0x00, 0xE7, 0x99, 0x77, 0x01, 0xFF, 0xFF, 0xB9, 0x00, 0x09, 0x0F, 0xFF, 0xF0, 0x00, 0xFF, 0xFF,
    0x22, 0x2F, 0xFF, 0xF2, 0x95, 0x22, 0x00, 0x29, 0xB1, 0x00, 0x00, 0xE7, 0x99, 0x77, 0x01, 0xFF, 0xFF, 0xB9, 0x00, 0x09,
    0x0F, 0xFF, 0xF0, 0x00, 0xFF, 0xFF, 0x22, 0x2F, 0xFF, 0xF2, 0x95, 0x22, 0x00, 0x29, 0xB1, 0x00, 0x9A, 0x77, 0x01, 0x7F,
    0xF0, 0xBA, 0x00, 0x07, 0xFF, 0x00, 0x00, 0x0F, 0xF2, 0x22, 0x22, 0xFF, 0x97, 0x22, 0xB1, 0x00, 0x9A, 0x77, 0x00, 0x7E,
    0xBF, 0x00, 0x00, 0x92, 0x9A, 0x22, 0xB1, 0x00, 0x01, 0x0E, 0xEE, 0x98, 0x77, 0x00, 0x7E, 0xBF, 0x00, 0x00, 0x92, 0x98,
    0x22, 0x01, 0x99, 0x90, 0xB3, 0x00, 0x01, 0x0E, 0xE7, 0x96, 0x77, 0x00, 0xE0, 0xBF, 0x00, 0x00, 0x09, 0x96, 0x22, 0x01,
    0x29, 0x90, 0xB7, 0x00, 0x01, 0xEE, 0xE7, 0x94, 0x77, 0x00, 0xE0, 0xBF, 0x00, 0x00, 0x09, 0x94, 0x22, 0x01, 0x29, 0x99,
    0xBB, 0x00, 0x00, 0xEE, 0x92, 0x77, 0x00, 0x7E, 0xC1, 0x00, 0x00, 0x92, 0x92, 0x22, 0x00, 0x99, 0xBE, 0x00, 0x01, 0x0E,
    0xEE, 0x90, 0x77, 0x00, 0x7E, 0xC1, 0x00, 0x00, 0x92, 0x90, 0x22, 0x01, 0x99, 0x90, 0xC1, 0x00, 0x01, 0x0E, 0xE7, 0x8E,
    0x77, 0x00, 0x70, 0xC1, 0x00, 0x00, 0x02, 0x8E, 0x22, 0x01, 0x29, 0x90, 0xC5, 0x00, 0x01, 0xEE, 0xE7, 0x8C, 0x77, 0x00,
    0xE0, 0xC1, 0x00, 0x00, 0x09, 0x8C, 0x22, 0x01, 0x29, 0x99, 0xC9, 0x00, 0x00, 0xEE, 0x8B, 0x77, 0x00, 0xE0, 0xC1, 0x00,
    0x00, 0x09, 0x8B, 0x22, 0x00, 0x99, 0xCC, 0x00, 0x01, 0x0E, 0xEE, 0x88, 0x77, 0x00, 0x7E, 0xC3, 0x00, 0x00, 0x92, 0x88,
    0x22, 0x01, 0x99, 0x90, 0xCF, 0x00, 0x01, 0x0E, 0xE7, 0x86, 0x77, 0x00, 0x7E, 0xC3, 0x00, 0x00, 0x92, 0x86, 0x22, 0x01,
    0x29, 0x90, 0xD3, 0x00, 0x01, 0xEE, 0xE7, 0x84, 0x77, 0x00, 0x70, 0xC3, 0x00, 0x00, 0x02, 0x84, 0x22, 0x01, 0x29, 0x99,
    0xD7, 0x00, 0x00, 0xEE, 0x83, 0x77, 0x00, 0xE0, 0xC3, 0x00, 0x00, 0x09, 0x83, 0x22, 0x00, 0x99, 0xC3, 0x00, 0x02, 0xDD,
    0xDD, 0xD0, 0x93, 0x00, 0x04, 0x0E, 0xEE, 0x77, 0x77, 0xE0, 0xC3, 0x00, 0x04, 0x09, 0x22, 0x22, 0x99, 0x90, 0x93, 0x00,
    0x02, 0x0A, 0xAA, 0xAA, 0xAD, 0x00, 0x04, 0xD6, 0x66, 0x66, 0x6D, 0xDD, 0x93, 0x00, 0x01, 0x0E, 0xE7, 0xC5, 0x00, 0x01,
    0x29, 0x90, 0x93, 0x00, 0x04, 0xAA, 0xA3, 0x33, 0x33, 0x3A, 0xAD, 0x00, 0x00, 0xD6, 0x84, 0x66, 0x01, 0xDD, 0xDD, 0xEB,
    0x00, 0x01, 0xAA, 0xAA, 0x84, 0x33, 0x00, 0x3A, 0xAD, 0x00, 0x00, 0xD6, 0x87, 0x66, 0x01, 0xDD, 0xDD, 0xE5, 0x00, 0x01,
    0xAA, 0xAA, 0x87, 0x33, 0x00, 0x3A, 0xAD, 0x00, 0x8B, 0x66, 0x01, 0xDD, 0xD0, 0xDF, 0x00, 0x01, 0x0A, 0xAA, 0x8B, 0x33,
    0xAD, 0x00, 0x8D, 0x66, 0x02, 0x6D, 0xDD, 0xD0, 0xD9, 0x00, 0x02, 0x0A, 0xAA, 0xA3, 0x8D, 0x33, 0xAD, 0x00, 0x90, 0x66,
    0x02, 0x6D, 0xDD, 0xD0, 0xD3, 0x00, 0x02, 0x0A, 0xAA, 0xA3, 0x90, 0x33, 0xAC, 0x00, 0x00, 0x0D, 0x93, 0x66, 0x01, 0x6D,
    0xDD, 0xCF, 0x00, 0x01, 0xAA, 0xA3, 0x93, 0x33, 0x00, 0xA0, 0xAB, 0x00, 0x00, 0x0D, 0x96, 0x66, 0x01, 0xDD, 0xDD, 0xC9,
    0x00, 0x01, 0xAA, 0xAA, 0x96, 0x33, 0x00, 0xA0, 0xAB, 0x00, 0x00, 0x0D, 0x99, 0x66, 0xC7, 0x00, 0x99, 0x33, 0x00, 0xA0,
    0xAB, 0x00, 0x00, 0x0D, 0x99, 0x66, 0xC7, 0x00, 0x99, 0x33, 0x00, 0xA0, 0xAB, 0x00, 0x00, 0x0D, 0x99, 0x66, 0xC7, 0x00,
    0x99, 0x33, 0x00, 0xA0, 0xAB, 0x00, 0x00, 0x0D, 0x98, 0x66, 0x00, 0x6D, 0xC7, 0x00, 0x00, 0xA3, 0x98, 0x33, 0x00, 0xA0,
    0xAB, 0x00, 0x00, 0x06, 0x98, 0x66, 0x00, 0x6D, 0xC7, 0x00, 0x00, 0xA3, 0x98, 0x33, 0x00, 0x30, 0xAB, 0x00, 0x00, 0x06,
    0x98, 0x66, 0x00, 0x6D, 0xC7, 0x00, 0x00, 0xA3, 0x98, 0x33, 0x00, 0x30, 0xAB, 0x00, 0x00, 0x06, 0x98, 0x66, 0x00, 0x6D,
    0xC7, 0x00, 0x00, 0xA3, 0x98, 0x33, 0x00, 0x30, 0xAB, 0x00, 0x00, 0x06, 0x98, 0x66, 0x00, 0x6D, 0xC7, 0x00, 0x00, 0xA3,
    0x98, 0x33, 0x00, 0x30, 0xAB, 0x00, 0x00, 0x06, 0x98, 0x66, 0x00, 0x6D, 0xC7, 0x00, 0x00, 0xA3, 0x98, 0x33, 0x00, 0x30,
    0xAB, 0x00, 0x00, 0x06, 0x98, 0x66, 0x00, 0x60, 0xC7, 0x00, 0x00, 0x03, 0x98, 0x33, 0x00, 0x30, 0xAB, 0x00, 0x00, 0x06,
    0x98, 0x66, 0x00, 0x60, 0xC7, 0x00, 0x00, 0x03, 0x98, 0x33, 0x00, 0x30, 0xAB, 0x00, 0x00, 0x06, 0x98, 0x66, 0x00, 0x60,
    0xC7, 0x00, 0x00, 0x03, 0x98, 0x33, 0x00, 0x30, 0xAB, 0x00, 0x00, 0x06, 0x98, 0x66, 0x00, 0x60, 0xC7, 0x00, 0x00, 0x03,
    0x98, 0x33, 0x00, 0x30, 0xAB, 0x00, 0x00, 0x06, 0x98, 0x66, 0x00, 0x60, 0xC7, 0x00, 0x00, 0x03, 0x98, 0x33, 0x00, 0x30,
    0xAB, 0x00, 0x00, 0x06, 0x98, 0x66, 0x00, 0x60, 0xC7, 0x00, 0x01, 0x03, 0xFF, 0x97, 0x33, 0x00, 0x30, 0xAB, 0x00, 0x00,
    0x06, 0x98, 0x66, 0x00, 0x60, 0xC7, 0x00, 0x02, 0x0F, 0xFF, 0xF3, 0x96, 0x33, 0x00, 0x30, 0xAB, 0x00, 0x00, 0x06, 0x98,
    0x66, 0x00, 0x60, 0xC6, 0x00, 0x00, 0x0F, 0x82, 0xFF, 0x00, 0xF3, 0x95, 0x33, 0x00, 0x30, 0xAB, 0x00, 0x00, 0x06, 0x91,
    0x66, 0x07, 0x6F, 0xF6, 0x66, 0x6F, 0xF6, 0x66, 0x6F, 0xFD, 0xC5, 0x00, 0x85, 0xFF, 0x00, 0xF3, 0x94, 0x33, 0x00, 0x30,
    0xAB, 0x00, 0x00, 0x06, 0x8F, 0x66, 0x86, 0xFF, 0x00, 0x6F, 0x82, 0xFF, 0x00, 0xF0, 0xC2, 0x00, 0x00, 0x0F, 0x82, 0xFF,
    0x00, 0x33, 0x82, 0xFF, 0x94, 0x33, 0x00, 0x30, 0xAB, 0x00, 0x00, 0x06, 0x8D, 0x66, 0x8F, 0xFF, 0xC0, 0x00, 0x07, 0x0F,
    0xFF, 0xFF, 0xA3, 0x33, 0x3F, 0xFF, 0xFF, 0x94, 0x33, 0x00, 0x30, 0xAB, 0x00, 0x00, 0x06, 0x8C, 0x66, 0x00, 0x6F, 0x8F,
    0xFF, 0x00, 0xF0, 0xBF, 0x00, 0x07, 0x0F, 0xFF, 0xF0, 0xA3, 0x33, 0x33, 0xFF, 0xFF, 0x94, 0x33, 0x00, 0x30, 0xAB, 0x00,
    0x00, 0x06, 0x8C, 0x66, 0x00, 0x6F, 0x82, 0xFF, 0x02, 0xF6, 0x66, 0x66, 0x83, 0xFF, 0x01, 0xF6, 0x6D, 0x83, 0xFF, 0x00,
    0xF0, 0xBF, 0x00, 0x07, 0x0F, 0xFF, 0xF0, 0xA3, 0x33, 0x33, 0xFF, 0xFF, 0x94, 0x33, 0x00, 0x30, 0xAB, 0x00, 0x00, 0x0D,
    0x8C, 0x66, 0x02, 0x6F, 0xFF, 0xF6, 0x84, 0x66, 0x09, 0xFF, 0xFF, 0xF6, 0x66, 0x6D, 0x00, 0x00, 0x0F, 0xFF, 0xF0, 0xBF,
    0x00, 0x07, 0x0F, 0xFF, 0xF0, 0xA3, 0x33, 0x33, 0xFF, 0xFF, 0x94, 0x33, 0x00, 0xA0, 0xAB, 0x00, 0x00, 0x0D, 0x8C, 0x66,
    0x02, 0x6F, 0xFF, 0xF6, 0x84, 0x66, 0x01, 0xFF, 0xFF, 0x82, 0x66, 0x04, 0x00, 0x00, 0x0F, 0xFF, 0xF0, 0xBF, 0x00, 0x02,
    0x0F, 0xFF, 0xF0, 0x82, 0x33, 0x01, 0xFF, 0xFF, 0x94, 0x33, 0x00, 0xA0, 0xAB, 0x00, 0x00, 0x0D, 0x8C, 0x66, 0x02, 0x6F,
    0xFF, 0xF6, 0x84, 0x66, 0x01, 0xFF, 0xFF, 0x82, 0x66, 0x04, 0x00, 0x00, 0x0F, 0xFF, 0xF0, 0xBF, 0x00, 0x02, 0x0F, 0xFF,
    0xF0, 0x82, 0x33, 0x01, 0xFF, 0xFF, 0x94, 0x33, 0x00, 0xA0, 0xAB, 0x00, 0x00, 0x0D, 0x8C, 0x66, 0x02, 0x6F, 0xFF, 0xF6,
    0x84, 0x66, 0x01, 0xFF, 0xFF, 0x82, 0x66, 0x04, 0xD0, 0x00, 0x0F, 0xFF, 0xF0, 0xBF, 0x00, 0x02, 0x0F, 0xFF, 0xFA, 0x82,
    0x33, 0x01, 0xFF, 0xFF, 0x94, 0x33, 0x00, 0xA0, 0xAB, 0x00, 0x00, 0x0D, 0x8C, 0x66, 0x02, 0x6F, 0xFF, 0xF6, 0x84, 0x66,
    0x01, 0xFF, 0xFF, 0x82, 0x66, 0x04, 0xD0, 0x00, 0x0F, 0xFF, 0xF0, 0xBF, 0x00, 0x02, 0x0F, 0xFF, 0xFA, 0x82, 0x33, 0x01,
    0xFF, 0xFF, 0x94, 0x33, 0x00, 0xA0, 0xAB, 0x00, 0x00, 0x0D, 0x8C, 0x66, 0x02, 0x6F, 0xFF, 0xF6, 0x84, 0x66, 0x01, 0xFF,
    0xFF, 0x82, 0x66, 0x04, 0xD0, 0x00, 0x0F, 0xFF, 0xF0, 0xBF, 0x00, 0x02, 0x0F, 0xFF, 0xFA, 0x82, 0x33, 0x01, 0xFF, 0xFF,
    0x84, 0x33, 0x00, 0xFF, 0x8E, 0x33, 0x00, 0xA0, 0xAC, 0x00, 0x8C, 0x66, 0x02, 0x6F, 0xFF, 0xF6, 0x84, 0x66, 0x01, 0xFF,
    0xFF, 0x82, 0x66, 0x04, 0xD0, 0x00, 0x0F, 0xFF, 0xF0, 0xBF, 0x00, 0x02, 0x0F, 0xFF, 0xFA, 0x82, 0x33, 0x01, 0xFF, 0xFF,
    0x83, 0x33, 0x02, 0x3F, 0xFF, 0xF3, 0x8D, 0x33, 0xAD, 0x00, 0x8C, 0x66, 0x02, 0x6F, 0xFF, 0xF6, 0x84, 0x66, 0x01, 0xFF,
    0xFF, 0x82, 0x66, 0x04, 0x60, 0x00, 0x0F, 0xFF, 0xF0, 0xBF, 0x00, 0x02, 0x0F, 0xFF, 0xF3, 0x82, 0x33, 0x01, 0xFF, 0xFF,
    0x83, 0x33, 0x02, 0x3F, 0xFF, 0xF3, 0x8D, 0x33, 0xAD, 0x00, 0x8C, 0x66, 0x02, 0x6F, 0xFF, 0xF6, 0x84, 0x66, 0x01, 0xFF,
    0xFF, 0x82, 0x66, 0x04, 0x6D, 0x00, 0x0F, 0xFF, 0xF0, 0xBF, 0x00, 0x02, 0x0F, 0xFF, 0xF3, 0x82, 0x33, 0x01, 0xFF, 0xFF,
    0x83, 0x33, 0x02, 0x3F, 0xFF, 0xF3, 0x8D, 0x33, 0xAD, 0x00, 0x00, 0xD6, 0x8B, 0x66, 0x02, 0x6F, 0xFF, 0xF6, 0x84, 0x66,
    0x01, 0xFF, 0xFF, 0x82, 0x66, 0x04, 0x6D, 0x00, 0x0F, 0xFF, 0xF0, 0xBF, 0x00, 0x02, 0x0F, 0xFF, 0xF3, 0x82, 0x33, 0x01,
    0xFF, 0xFF, 0x83, 0x33, 0x02, 0x3F, 0xFF, 0xF3, 0x8C, 0x33, 0x00, 0x3A, 0xAD, 0x00, 0x00, 0xD6, 0x8B, 0x66, 0x02, 0x6F,
    0xFF, 0xF6, 0x84, 0x66, 0x01, 0xFF, 0xFF, 0x82, 0x66, 0x04, 0x6D, 0x00, 0x0F, 0xFF, 0xF0, 0xBE, 0x00, 0x03, 0x0F, 0xFF,
    0xFF, 0xF3, 0x82, 0x33, 0x01, 0xFF, 0xFF, 0x82, 0x33, 0x03, 0xFF, 0x3F, 0xFF, 0xF3, 0x8C, 0x33, 0x00, 0x3A, 0xAD, 0x00,
    0x00, 0xD6, 0x8B, 0x66, 0x02, 0x6F, 0xFF, 0xF6, 0x84, 0x66, 0x01, 0xFF, 0xFF, 0x83, 0x66, 0x03, 0x00, 0x0F, 0xFF, 0xF0,
    0xBE, 0x00, 0x82, 0xFF, 0x00, 0xF3, 0x82, 0x33, 0x04, 0xFF, 0xFF, 0x33, 0x33, 0x3F, 0x82, 0xFF, 0x00, 0xF3, 0x8C, 0x33,
    0x00, 0x3A, 0xAD, 0x00, 0x00, 0xD6, 0x8B, 0x66, 0x02, 0x6F, 0xFF, 0xF6, 0x84, 0x66, 0x01, 0xFF, 0xFF, 0x83, 0x66, 0x03,
    0xD0, 0x0F, 0xFF, 0xF0, 0xBE, 0x00, 0x82, 0xFF, 0x00, 0xF3, 0x82, 0x33, 0x04, 0xFF, 0xFF, 0x33, 0x33, 0x3F, 0x82, 0xFF,
    0x00, 0xF3, 0x8C, 0x33, 0x00, 0x3A, 0xAD, 0x00, 0x00, 0x06, 0x8B, 0x66, 0x02, 0x6F, 0xFF, 0xF6, 0x84, 0x66, 0x01, 0xFF,
    0xFF, 0x83, 0x66, 0x03, 0xD0, 0x0F, 0xFF, 0xF0, 0xBE, 0x00, 0x83, 0xFF, 0x82, 0x33, 0x04, 0xFF, 0xFF, 0x33, 0x33, 0x3F,
    0x82, 0xFF, 0x00, 0xF3, 0x8C, 0x33, 0x00, 0x30, 0xAD, 0x00, 0x00, 0x06, 0x8B, 0x66, 0x02, 0x6F, 0xFF, 0xF6, 0x84, 0x66,
    0x01, 0xFF, 0xFF, 0x83, 0x66, 0x03, 0x60, 0x0F, 0xFF, 0xF0, 0xBE, 0x00, 0x84, 0xFF, 0x00, 0x33, 0x82, 0xFF, 0x02, 0x33,
    0x33, 0x3F, 0x82, 0xFF, 0x00, 0xF3, 0x8C, 0x33, 0x00, 0x30, 0xAD, 0x00, 0x00, 0x0D, 0x8B, 0x66, 0x11, 0x6F, 0xFF, 0xF6,
    0x66, 0x66, 0x6F, 0xF6, 0x66, 0xFF, 0xFF, 0x66, 0x6F, 0xF6, 0x66, 0x6D, 0x0F, 0xFF, 0xF0, 0xBE, 0x00, 0x87, 0xFF, 0x03,
    0xF3, 0x33, 0xFF, 0x3F, 0x82, 0xFF, 0x00, 0xF3, 0x8C, 0x33, 0x00, 0xA0, 0xAD, 0x00, 0x00, 0x0D, 0x8B, 0x66, 0x03, 0x6F,
    0xFF, 0xF6, 0x6F, 0x82, 0xFF, 0x03, 0x66, 0xFF, 0xFF, 0x66, 0x83, 0xFF, 0x02, 0x0F, 0xFF, 0xF0, 0xBE, 0x00, 0x00, 0x0F,
    0x85, 0xFF, 0x02, 0xF3, 0x33, 0x3F, 0x84, 0xFF, 0x00, 0xF3, 0x8C, 0x33, 0x00, 0xA0, 0xAD, 0x00, 0x00, 0x0D, 0x8B, 0x66,
    0x00, 0x6F, 0x8F, 0xFF, 0x00, 0xF0, 0xBF, 0x00, 0x02, 0xFF, 0xFF, 0xF3, 0x82, 0xFF, 0x02, 0x3F, 0xF3, 0x3F, 0x84, 0xFF,
    0x00, 0xF3, 0x8C, 0x33, 0x00, 0xA0, 0xAE, 0x00, 0x8B, 0x66, 0x00, 0x6F, 0x8F, 0xFF, 0x00, 0xF0, 0xBF, 0x00, 0x08, 0x0F,
    0xFF, 0xFF, 0x33, 0xFF, 0x3F, 0xFF, 0xFF, 0x3F, 0x84, 0xFF, 0x00, 0xF3, 0x8C, 0x33, 0xAF, 0x00, 0x00, 0xD6, 0x8A, 0x66,
    0x00, 0x6F, 0x83, 0xFF, 0x01, 0x66, 0x6F, 0x83, 0xFF, 0x02, 0xF6, 0x66, 0x6F, 0x82, 0xFF, 0x00, 0xF0, 0xBF, 0x00, 0x00,
    0x03, 0x86, 0xFF, 0x00, 0x3F, 0x84, 0xFF, 0x00, 0xF3, 0x8B, 0x33, 0x00, 0x3A, 0xAF, 0x00, 0x00, 0xD6, 0x8B, 0x66, 0x01,
    0xFF, 0xFF, 0x83, 0x66, 0x83, 0xFF, 0x83, 0x66, 0x01, 0x6D, 0xFF, 0xC0, 0x00, 0x01, 0xA3, 0x3F, 0x84, 0xFF, 0x01, 0xF3,
    0x3F, 0x84, 0xFF, 0x00, 0xF3, 0x8B, 0x33, 0x00, 0x3A, 0xAF, 0x00, 0x00, 0xD6, 0x92, 0x66, 0x01, 0xFF, 0xFF, 0x84, 0x66,
    0x00, 0x6D, 0xC1, 0x00, 0x01, 0xA3, 0x33, 0x83, 0xFF, 0x02, 0xF3, 0x33, 0x3F, 0x84, 0xFF, 0x00, 0xF3, 0x8B, 0x33, 0x00,
    0x3A, 0xAF, 0x00, 0x00, 0x06, 0x92, 0x66, 0x01, 0x6F, 0xF6, 0x85, 0x66, 0x00, 0xD0, 0xBF, 0x00, 0x00, 0x0A, 0x82, 0x33,
    0x05, 0x3F, 0xFF, 0xF3, 0x33, 0x33, 0x3F, 0x84, 0xFF, 0x00, 0xF3, 0x8B, 0x33, 0x00, 0x30, 0xAF, 0x00, 0x00, 0x0D, 0x9A,
    0x66, 0x00, 0xD0, 0xBF, 0x00, 0x02, 0x0A, 0x33, 0x3F, 0x84, 0xFF, 0x01, 0xF3, 0x3F, 0x84, 0xFF, 0x00, 0xF3, 0x8B, 0x33,
    0x00, 0xA0, 0xAF, 0x00, 0x00, 0x0D, 0x9A, 0x66, 0x00, 0x6D, 0xBF, 0x00, 0x01, 0xA3, 0x33, 0x86, 0xFF, 0x05, 0x33, 0xFF,
    0x33, 0xFF, 0x33, 0xFF, 0x8C, 0x33, 0x00, 0xA0, 0xAF, 0x00, 0x00, 0x0D, 0x9A, 0x66, 0x00, 0x6D, 0xBF, 0x00, 0x01, 0xA3,
    0x33, 0x86, 0xFF, 0x92, 0x33, 0x00, 0xA0, 0xB0, 0x00, 0x9B, 0x66, 0x00, 0xD0, 0xBD, 0x00, 0x03, 0x0A, 0x33, 0x33, 0x3F,
    0x84, 0xFF, 0x00, 0xF3, 0x92, 0x33, 0xB1, 0x00, 0x00, 0xD6, 0x9A, 0x66, 0x00, 0x60, 0xBD, 0x00, 0x00, 0x03, 0x9A, 0x33,
    0x00, 0x3A, 0xB1, 0x00, 0x00, 0xD6, 0x9A, 0x66, 0x00, 0x6D, 0xBD, 0x00, 0x00, 0xA3, 0x9A, 0x33, 0x00, 0x3A, 0xB1, 0x00,
    0x00, 0x06, 0x9B, 0x66, 0x00, 0xD0, 0xBB, 0x00, 0x00, 0x0A, 0x9B, 0x33, 0x00, 0x30, 0xB1, 0x00, 0x00, 0x0D, 0x9B, 0x66,
    0x00, 0xD0, 0xBB, 0x00, 0x00, 0x0A, 0x9B, 0x33, 0x00, 0xA0, 0xB1, 0x00, 0x00, 0x0D, 0x9B, 0x66, 0x00, 0x6D, 0xBB, 0x00,
    0x00, 0xA3, 0x9B, 0x33, 0x00, 0xA0, 0xB2, 0x00, 0x9C, 0x66, 0x00, 0xD0, 0xB9, 0x00, 0x00, 0x0A, 0x9C, 0x33, 0xB3, 0x00,
    0x00, 0xD6, 0x9B, 0x66, 0x00, 0xD0, 0xB9, 0x00, 0x00, 0x0A, 0x9B, 0x33, 0x00, 0x3A, 0xB3, 0x00, 0x00, 0xD6, 0x9B, 0x66,
    0x00, 0xD0, 0xB9, 0x00, 0x00, 0x0A, 0x9B, 0x33, 0x00, 0x3A, 0xB3, 0x00, 0x00, 0x06, 0x9A, 0x66, 0x00, 0xDD, 0xBB, 0x00,
    0x00, 0xAA, 0x9A, 0x33, 0x00, 0x30, 0xB3, 0x00, 0x00, 0x0D, 0x99, 0x66, 0x00, 0x6D, 0xBD, 0x00, 0x00, 0xA3, 0x99, 0x33,
    0x00, 0xA0, 0xB3, 0x00, 0x00, 0x0D, 0x99, 0x66, 0x00, 0xD0, 0xBD, 0x00, 0x00, 0x0A, 0x99, 0x33, 0x00, 0xA0, 0xB4, 0x00,
    0x00, 0xD6, 0x97, 0x66, 0x00, 0xDD, 0xBF, 0x00, 0x00, 0xAA, 0x97, 0x33, 0x00, 0x3A, 0xB5, 0x00, 0x00, 0xD6, 0x96, 0x66,
    0x00, 0x6D, 0x83, 0x00, 0x01, 0x0C, 0x5C, 0xB5, 0x00, 0x01, 0xB4, 0xB0, 0x83, 0x00, 0x00, 0xA3, 0x96, 0x33, 0x00, 0x3A,
    0xB5, 0x00, 0x00, 0x06, 0x96, 0x66, 0x00, 0xD0, 0x83, 0x00, 0x02, 0xC5, 0x55, 0xC0, 0xB3, 0x00, 0x02, 0x0B, 0x44, 0x4B,
    0x83, 0x00, 0x00, 0x0A, 0x96, 0x33, 0x00, 0x30, 0xB5, 0x00, 0x00, 0x0D, 0x95, 0x66, 0x00, 0xD0, 0x83, 0x00, 0x03, 0x0C,
    0x55, 0x55, 0x5C, 0xB3, 0x00, 0x03, 0xB4, 0x44, 0x44, 0xB0, 0x83, 0x00, 0x00, 0x0A, 0x95, 0x33, 0x00, 0xA0, 0xB6, 0x00,
    0x94, 0x66, 0x00, 0x6D, 0x84, 0x00, 0x00, 0xC5, 0x82, 0x55, 0x00, 0xC0, 0xB1, 0x00, 0x00, 0x0B, 0x82, 0x44, 0x00, 0x4B,
    0x84, 0x00, 0x00, 0xA3, 0x94, 0x33, 0xB7, 0x00, 0x00, 0xD6, 0x92, 0x66, 0x01, 0x6D, 0xD0, 0x83, 0x00, 0x00, 0x0C, 0x83,
    0x55, 0x00, 0x5C, 0xB1, 0x00, 0x00, 0xB4, 0x83, 0x44, 0x00, 0xB0, 0x83, 0x00, 0x01, 0x0A, 0xA3, 0x92, 0x33, 0x00, 0x3A,
    0xB7, 0x00, 0x00, 0xD6, 0x92, 0x66, 0x00, 0xD0, 0x84, 0x00, 0x00, 0xC5, 0x84, 0x55, 0x00, 0xC0, 0xAF, 0x00, 0x00, 0x0B,
    0x84, 0x44, 0x00, 0x4B, 0x84, 0x00, 0x00, 0x0A, 0x92, 0x33, 0x00, 0x3A, 0xB7, 0x00, 0x00, 0x0D, 0x91, 0x66, 0x00, 0x6D,
    0x84, 0x00, 0x00, 0xCC, 0x85, 0x55, 0x00, 0x5C, 0xAF, 0x00, 0x00, 0xB4, 0x85, 0x44, 0x00, 0xBB, 0x84, 0x00, 0x00, 0xA3,
    0x91, 0x33, 0x00, 0xA0, 0xB7, 0x00, 0x00, 0x0D, 0x90, 0x66, 0x01, 0x6D, 0xD0, 0x83, 0x00, 0x00, 0x0C, 0x87, 0x55, 0x00,
    0xC0, 0xAD, 0x00, 0x00, 0x0B, 0x87, 0x44, 0x00, 0xB0, 0x83, 0x00, 0x01, 0x0A, 0xA3, 0x90, 0x33, 0x00, 0xA0, 0xB8, 0x00,
    0x00, 0xD6, 0x8F, 0x66, 0x00, 0xD0, 0x84, 0x00, 0x00, 0xC5, 0x87, 0x55, 0x01, 0x5C, 0xC0, 0xAB, 0x00, 0x01, 0x0B, 0xB4,
    0x87, 0x44, 0x00, 0x4B, 0x84, 0x00, 0x00, 0x0A, 0x8F, 0x33, 0x00, 0x3A, 0xB9, 0x00, 0x00, 0xD6, 0x8E, 0x66, 0x00, 0x6D,
    0x84, 0x00, 0x00, 0x0C, 0x89, 0x55, 0x00, 0x5C, 0xAB, 0x00, 0x00, 0xB4, 0x89, 0x44, 0x00, 0xB0, 0x84, 0x00, 0x00, 0xA3,
    0x8E, 0x33, 0x00, 0x3A, 0xB9, 0x00, 0x00, 0x0D, 0x8D, 0x66, 0x00, 0x6D, 0x85, 0x00, 0x00, 0xC5, 0x8A, 0x55, 0x00, 0xC0,
    0xA9, 0x00, 0x00, 0x0B, 0x8A, 0x44, 0x00, 0x4B, 0x85, 0x00, 0x00, 0xA3, 0x8D, 0x33, 0x00, 0xA0, 0xB9, 0x00, 0x00, 0x0D,
    0x8D, 0x66, 0x00, 0xD0, 0x84, 0x00, 0x00, 0x0C, 0x8B, 0x55, 0x01, 0x5C, 0xC0, 0xA7, 0x00, 0x01, 0x0B, 0xB4, 0x8B, 0x44,
    0x00, 0xB0, 0x84, 0x00, 0x00, 0x0A, 0x8D, 0x33, 0x00, 0xA0, 0xBA, 0x00, 0x00, 0xD6, 0x8B, 0x66, 0x00, 0xDD, 0x85, 0x00,
    0x00, 0xC5, 0x87, 0x55, 0x8F, 0xFF, 0x9D, 0x00, 0x00, 0xB4, 0x8C, 0x44, 0x00, 0x4B, 0x85, 0x00, 0x00, 0xAA, 0x8B, 0x33,
    0x00, 0x3A, 0xBB, 0x00, 0x00, 0x06, 0x8A, 0x66, 0x00, 0x6D, 0x85, 0x00, 0x00, 0xCC, 0x87, 0x55, 0x00, 0x5F, 0x8F, 0xFF,
    0x00, 0xF0, 0x92, 0x00, 0x8C, 0xFF, 0x8B, 0x44, 0x00, 0xBB, 0x85, 0x00, 0x00, 0xA3, 0x8A, 0x33, 0x00, 0x30, 0xBB, 0x00,
    0x00, 0x0D, 0x8A, 0x66, 0x00, 0xD0, 0x84, 0x00, 0x00, 0x0C, 0x88, 0x55, 0x00, 0x5F, 0x8F, 0xFF, 0x00, 0xF0, 0x91, 0x00,
    0x00, 0x0F, 0x8C, 0xFF, 0x02, 0xF4, 0x44, 0xFF, 0x89, 0x44, 0x00, 0xB0, 0x84, 0x00, 0x00, 0x0A, 0x8A, 0x33, 0x00, 0xA0,
    0xBC, 0x00, 0x00, 0xD6, 0x88, 0x66, 0x00, 0xD0, 0x85, 0x00, 0x00, 0xC5, 0x88, 0x55, 0x00, 0x5F, 0x8F, 0xFF, 0x00, 0xF0,
    0x91, 0x00, 0x00, 0x0F, 0x8C, 0xFF, 0x03, 0xF4, 0x4F, 0xFF, 0xF4, 0x88, 0x44, 0x00, 0x4B, 0x85, 0x00, 0x00, 0x0A, 0x88,
    0x33, 0x00, 0x3A, 0xBD, 0x00, 0x00, 0xD6, 0x87, 0x66, 0x00, 0x6D, 0x85, 0x00, 0x00, 0x0C, 0x89, 0x55, 0x02, 0x5F, 0xFF,
    0xF5, 0x85, 0x55, 0x08, 0x5C, 0xC0, 0x00, 0xFF, 0x00, 0x00, 0x0F, 0xFF, 0xF0, 0x91, 0x00, 0x00, 0x0F, 0x8C, 0xFF, 0x03,
    0xF4, 0xFF, 0xFF, 0xF4, 0x89, 0x44, 0x00, 0xB0, 0x85, 0x00, 0x00, 0xA3, 0x87, 0x33, 0x00, 0x3A, 0xBD, 0x00, 0x00, 0x0D,
    0x87, 0x66, 0x00, 0xD0, 0x85, 0x00, 0x00, 0xC5, 0x89, 0x55, 0x02, 0x5F, 0xFF, 0xF5, 0x86, 0x55, 0x07, 0x5C, 0xCF, 0xFF,
    0xFF, 0x00, 0x0F, 0xFF, 0xF0, 0x91, 0x00, 0x02, 0x0F, 0xFF, 0xF0, 0x82, 0x00, 0x01, 0x0B, 0xB4, 0x83, 0x44, 0x00, 0x4F,
    0x83, 0xFF, 0x00, 0xF4, 0x89, 0x44, 0x00, 0x4B, 0x85, 0x00, 0x00, 0x0A, 0x87, 0x33, 0x00, 0xA0, 0xBE, 0x00, 0x86, 0x66,
    0x00, 0xD0, 0x85, 0x00, 0x00, 0x0C, 0x8A, 0x55, 0x02, 0x5F, 0xFF, 0xF5, 0x87, 0x55, 0x82, 0xFF, 0x03, 0x00, 0x0F, 0xFF,
    0xF0, 0x91, 0x00, 0x06, 0x0F, 0xFF, 0xF0, 0x00, 0x00, 0x0B, 0xFF, 0x84, 0x44, 0x00, 0x4F, 0x83, 0xFF, 0x00, 0xF4, 0x8A,
    0x44, 0x00, 0xB0, 0x85, 0x00, 0x00, 0x0A, 0x86, 0x33, 0xBF, 0x00, 0x00, 0xD6, 0x84, 0x66, 0x00, 0x6D, 0x86, 0x00, 0x00,
    0xC5, 0x8A, 0x55, 0x02, 0x5F, 0xFF, 0xF5, 0x87, 0x55, 0x82, 0xFF, 0x03, 0x00, 0x0F, 0xFF, 0xF0, 0x91, 0x00, 0x07, 0x0F,
    0xFF, 0xF0, 0x00, 0xBB, 0x4F, 0xFF, 0xF4, 0x83, 0x44, 0x00, 0x4F, 0x83, 0xFF, 0x00, 0xF4, 0x8A, 0x44, 0x00, 0x4B, 0x86,
    0x00, 0x00, 0xA3, 0x84, 0x33, 0x00, 0x3A, 0xBF, 0x00, 0x00, 0x0D, 0x83, 0x66, 0x01, 0x6D, 0xD0, 0x85, 0x00, 0x00, 0xC5,
    0x8B, 0x55, 0x02, 0x5F, 0xFF, 0xF5, 0x87, 0x55, 0x06, 0x5F, 0xFF, 0xFF, 0xCC, 0x0F, 0xFF, 0xF0, 0x91, 0x00, 0x08, 0x0F,
    0xFF, 0xF0, 0xBB, 0x44, 0x4F, 0xFF, 0xFF, 0xF4, 0x82, 0x44, 0x05, 0x4F, 0xFF, 0xFF, 0x4F, 0xFF, 0xF4, 0x8B, 0x44, 0x00,
    0x4B, 0x85, 0x00, 0x01, 0x0A, 0xA3, 0x83, 0x33, 0x00, 0xA0, 0xBF, 0x00, 0x00, 0x0D, 0x83, 0x66, 0x00, 0xD0, 0x85, 0x00,
    0x00, 0x0C, 0x8C, 0x55, 0x02, 0x5F, 0xFF, 0xF5, 0x87, 0x55, 0x06, 0x5F, 0xFF, 0xF5, 0x55, 0x5F, 0xFF, 0xF0, 0x91, 0x00,
    0x05, 0x0F, 0xFF, 0xF4, 0x44, 0x44, 0x4F, 0x82, 0xFF, 0x82, 0x44, 0x05, 0x4F, 0xFF, 0xF4, 0x4F, 0xFF, 0xF4, 0x8C, 0x44,
    0x00, 0xB0, 0x85, 0x00, 0x00, 0x0A, 0x83, 0x33, 0x00, 0xA0, 0xC0, 0x00, 0x03, 0xD6, 0x66, 0x66, 0x6D, 0x86, 0x00, 0x00,
    0xC5, 0x8C, 0x55, 0x02, 0x5F, 0xFF, 0xF5, 0x87, 0x55, 0x07, 0x5F, 0xFF, 0xF5, 0x55, 0x5F, 0xFF, 0xFC, 0xC0, 0x8F, 0x00,
    0x06, 0x0B, 0xBF, 0xFF, 0xF4, 0x44, 0x44, 0x4F, 0x83, 0xFF, 0x07, 0x44, 0x44, 0x4F, 0xFF, 0xF4, 0x4F, 0xFF, 0xF4, 0x8C,
    0x44, 0x00, 0x4B, 0x86, 0x00, 0x03, 0xA3, 0x33, 0x33, 0x3A, 0xC1, 0x00, 0x02, 0x0D, 0x66, 0x6D, 0x86, 0x00, 0x00, 0x0C,
    0x8D, 0x55, 0x02, 0x5F, 0xFF, 0xF5, 0x87, 0x55, 0x09, 0x5F, 0xFF, 0xF5, 0x55, 0x5F, 0xFF, 0xF5, 0x55, 0xCC, 0xCC, 0x8B,
    0x00, 0x08, 0xBB, 0xBB, 0x44, 0x4F, 0xFF, 0xF4, 0x44, 0x44, 0x4F, 0x83, 0xFF, 0x07, 0xF4, 0x44, 0x4F, 0xFF, 0xF4, 0x4F,
    0xFF, 0xF4, 0x8D, 0x44, 0x00, 0xB0, 0x86, 0x00, 0x02, 0xA3, 0x33, 0xA0, 0xC2, 0x00, 0x01, 0x66, 0xD0, 0x86, 0x00, 0x00,
    0xC5, 0x8D, 0x55, 0x02, 0x5F, 0xFF, 0xF5, 0x82, 0x55, 0x01, 0x5F, 0xF5, 0x82, 0x55, 0x82, 0xFF, 0x03, 0x55, 0x5F, 0xFF,
    0xF5, 0x83, 0x55, 0x82, 0xCC, 0x83, 0x00, 0x82, 0xBB, 0x83, 0x44, 0x07, 0x4F, 0xFF, 0xF4, 0x44, 0x44, 0x4F, 0xFF, 0xF4,
    0x82, 0xFF, 0x06, 0xF4, 0x4F, 0xFF, 0xF4, 0x4F, 0xFF, 0xF4, 0x8D, 0x44, 0x00, 0x4B, 0x86, 0x00, 0x01, 0x0A, 0x33, 0xC3,
    0x00, 0x00, 0xDD, 0x86, 0x00, 0x00, 0x0C, 0x8E, 0x55, 0x02, 0x5F, 0xFF, 0xF5, 0x82, 0x55, 0x04, 0xFF, 0xFF, 0x55, 0x55,
    0x5F, 0x82, 0xFF, 0x03, 0x55, 0x5F, 0xFF, 0xF5, 0x86, 0x55, 0x03, 0xC0, 0x00, 0x00, 0x0B, 0x86, 0x44, 0x08, 0x4F, 0xFF,
    0xF4, 0x44, 0x44, 0x4F, 0xFF, 0xF4, 0x44, 0x82, 0xFF, 0x05, 0x4F, 0xFF, 0xF4, 0x4F, 0xFF, 0xF4, 0x8E, 0x44, 0x00, 0xB0,
    0x86, 0x00, 0x00, 0xAA, 0xCA, 0x00, 0x01, 0x0C, 0xC5, 0x8E, 0x55, 0x09, 0x5F, 0xFF, 0xF5, 0x55, 0x55, 0x5F, 0xFF, 0xFF,
    0xF5, 0x55, 0x83, 0xFF, 0x03, 0xF5, 0x5F, 0xFF, 0xF5, 0x86, 0x55, 0x83, 0x00, 0x86, 0x44, 0x08, 0x4F, 0xFF, 0xF4, 0x44,
    0x44, 0x4F, 0xFF, 0xF4, 0x44, 0x82, 0xFF, 0x05, 0x4F, 0xFF, 0xF4, 0x4F, 0xFF, 0xF4, 0x8E, 0x44, 0x01, 0x4B, 0xB0, 0xD1,
    0x00, 0x00, 0xC5, 0x8F, 0x55, 0x04, 0x5F, 0xFF, 0xF5, 0x55, 0x55, 0x83, 0xFF, 0x08, 0x55, 0xFF, 0xFF, 0x5F, 0xFF, 0xF5,
    0x5F, 0xFF, 0xF5, 0x86, 0x55, 0x83, 0x00, 0x86, 0x44, 0x11, 0x4F, 0xFF, 0xF4, 0x44, 0x44, 0x4F, 0xFF, 0xF4, 0x4F, 0xFF,
    0xFF, 0xF4, 0x4F, 0xFF, 0xF4, 0x4F, 0xFF, 0xF4, 0x8F, 0x44, 0x00, 0x4B, 0xD0, 0x00, 0x00, 0x0C, 0x90, 0x55, 0x04, 0x5F,
    0xFF, 0xF5, 0x55, 0x5F, 0x85, 0xFF, 0x06, 0xF5, 0x55, 0xFF, 0xF5, 0x5F, 0xFF, 0xF5, 0x86, 0x55, 0x83, 0x00, 0x86, 0x44,
    0x05, 0x4F, 0xFF, 0xF4, 0x44, 0x44, 0x4F, 0x83, 0xFF, 0x07, 0xF4, 0x44, 0x4F, 0xFF, 0xF4, 0x4F, 0xFF, 0xF4, 0x90, 0x44,
    0x00, 0xB0, 0xCF, 0x00, 0x00, 0xC5, 0x90, 0x55, 0x07, 0x5F, 0xFF, 0xF5, 0x55, 0xFF, 0xFF, 0xF5, 0x5F, 0x82, 0xFF, 0x06,
    0xF5, 0x55, 0xFF, 0xFF, 0x5F, 0xFF, 0xF5, 0x86, 0x55, 0x83, 0x00, 0x86, 0x44, 0x05, 0x4F, 0xFF, 0xF4, 0x44, 0x44, 0x4F,
    0x83, 0xFF, 0x07, 0x44, 0x44, 0x4F, 0xFF, 0xF4, 0x4F, 0xFF, 0xF4, 0x90, 0x44, 0x00, 0x4B, 0xCE, 0x00, 0x00, 0x0C, 0x91,
    0x55, 0x07, 0x5F, 0xFF, 0xF5, 0x5F, 0xFF, 0xFF, 0x55, 0x55, 0x82, 0xFF, 0x06, 0x55, 0x55, 0x5F, 0xFF, 0x5F, 0xFF, 0xF5,
    0x86, 0x55, 0x83, 0x00, 0x86, 0x44, 0x05, 0x4F, 0xFF, 0xF4, 0x44, 0x44, 0x4F, 0x82, 0xFF, 0x82, 0x44, 0x05, 0x4F, 0xFF,
    0xF4, 0x4F, 0xFF, 0xF4, 0x91, 0x44, 0x00, 0xB0, 0xCD, 0x00, 0x00, 0xC5, 0x91, 0x55, 0x0D, 0x5F, 0xFF, 0xF5, 0xFF, 0xFF,
    0xF5, 0x55, 0x55, 0x5F, 0xFF, 0xF5, 0x55, 0x55, 0x5F, 0x82, 0xFF, 0x00, 0xF5, 0x86, 0x55, 0x83, 0x00, 0x86, 0x44, 0x08,
    0x4F, 0xFF, 0xF4, 0x44, 0x44, 0x4F, 0xFF, 0xFF, 0xF4, 0x82, 0x44, 0x05, 0x4F, 0xFF, 0xF4, 0x4F, 0xFF, 0xF4, 0x91, 0x44,
    0x00, 0x4B, 0xCC, 0x00, 0x00, 0x0C, 0x92, 0x55, 0x00, 0x5F, 0x83, 0xFF, 0x83, 0x55, 0x00, 0xFF, 0x82, 0x55, 0x00, 0x5F,
    0x82, 0xFF, 0x00, 0xF5, 0x86, 0x55, 0x83, 0x00, 0x86, 0x44, 0x07, 0x4F, 0xFF, 0xF4, 0x44, 0x44, 0x4F, 0xFF, 0xF4, 0x83,
    0x44, 0x00, 0x4F, 0x83, 0xFF, 0x00, 0xF4, 0x92, 0x44, 0x00, 0xB0, 0xCA, 0x00, 0x01, 0x0C, 0xC5, 0x92, 0x55, 0x00, 0x5F,
    0x82, 0xFF, 0x00, 0xF5, 0x88, 0x55, 0x82, 0xFF, 0x00, 0xF5, 0x86, 0x55, 0x83, 0x00, 0x86, 0x44, 0x02, 0x4F, 0xFF, 0xF4,
    0x82, 0x44, 0x00, 0xFF, 0x84, 0x44, 0x00, 0x4F, 0x83, 0xFF, 0x00, 0xF4, 0x92, 0x44, 0x01, 0x4B, 0xB0, 0xC9, 0x00, 0x00,
    0x0C, 0x93, 0x55, 0x00, 0x5F, 0x82, 0xFF, 0x89, 0x55, 0x82, 0xFF, 0x00, 0xF5, 0x86, 0x55, 0x83, 0x00, 0x86, 0x44, 0x02,
    0x4F, 0xFF, 0xF4, 0x88, 0x44, 0x00, 0x4F, 0x83, 0xFF, 0x00, 0xF4, 0x93, 0x44, 0x00, 0xB0, 0xCA, 0x00, 0x00, 0xC5, 0x92,
    0x55, 0x03, 0x5F, 0xFF, 0xFF, 0xF5, 0x89, 0x55, 0x03, 0x5F, 0xFF, 0xFF, 0xF5, 0x85, 0x55, 0x00, 0x5C, 0x83, 0x00, 0x00,
    0xB4, 0x85, 0x44, 0x00, 0x4F, 0x8F, 0xFF, 0x00, 0xF4, 0x92, 0x44, 0x00, 0x4B, 0xCB, 0x00, 0x00, 0x0C, 0x92, 0x55, 0x00,
    0x5F, 0x8F, 0xFF, 0x00, 0xF5, 0x85, 0x55, 0x00, 0x5C, 0x83, 0x00, 0x00, 0xB4, 0x85, 0x44, 0x00, 0x4F, 0x8C, 0xFF, 0x03,
    0xF4, 0x4F, 0xFF, 0xF4, 0x92, 0x44, 0x00, 0xB0, 0xCC, 0x00, 0x00, 0xC5, 0x91, 0x55, 0x00, 0x5F, 0x8F, 0xFF, 0x00, 0xF5,
    0x85, 0x55, 0x00, 0x5C, 0x83, 0x00, 0x00, 0xB4, 0x85, 0x44, 0x00, 0x4F, 0x8C, 0xFF, 0x02, 0xF4, 0x44, 0xFF, 0x92, 0x44,
    0x00, 0x4B, 0xCD, 0x00, 0x00, 0x0C, 0x91, 0x55, 0x00, 0x5F, 0x8F, 0xFF, 0x00, 0xF5, 0x85, 0x55, 0x00, 0x5C, 0x83, 0x00,
    0x00, 0xB4, 0x86, 0x44, 0x8C, 0xFF, 0x95, 0x44, 0x00, 0xB0, 0xCE, 0x00, 0x00, 0xC5, 0x91, 0x55, 0x8F, 0xFF, 0x86, 0x55,
    0x00, 0x5C, 0x83, 0x00, 0x00, 0xB4, 0xA8, 0x44, 0x00, 0x4B, 0xCF, 0x00, 0x00, 0x0C, 0xA8, 0x55, 0x00, 0x5C, 0x83, 0x00,
    0x00, 0xB4, 0xA8, 0x44, 0x00, 0xB0, 0xD0, 0x00, 0x00, 0xC5, 0xA7, 0x55, 0x00, 0x5C, 0x83, 0x00, 0x00, 0xB4, 0xA7, 0x44,
    0x00, 0x4B, 0xD1, 0x00, 0x00, 0x0C, 0xA7, 0x55, 0x00, 0x5C, 0x83, 0x00, 0x00, 0xB4, 0xA7, 0x44, 0x00, 0xB0, 0xD2, 0x00,
    0x00, 0xC5, 0xA6, 0x55, 0x00, 0x5C, 0x83, 0x00, 0x00, 0xB4, 0xA6, 0x44, 0x00, 0x4B, 0xD3, 0x00, 0x00, 0x0C, 0xA6, 0x55,
    0x00, 0x5C, 0x83, 0x00, 0x00, 0xB4, 0xA6, 0x44, 0x00, 0xB0, 0xD4, 0x00, 0x00, 0xC5, 0xA5, 0x55, 0x00, 0x50, 0x83, 0x00,
    0x00, 0x04, 0xA5, 0x44, 0x00, 0x4B, 0xD5, 0x00, 0x00, 0x0C, 0xA5, 0x55, 0x00, 0x50, 0x83, 0x00, 0x00, 0x04, 0xA5, 0x44,
    0x00, 0xB0, 0xD6, 0x00, 0x00, 0x0C, 0xA4, 0x55, 0x00, 0x50, 0x83, 0x00, 0x00, 0x04, 0xA4, 0x44, 0x00, 0xB0, 0xD8, 0x00,
    0x00, 0xC5, 0xA3, 0x55, 0x00, 0x50, 0x83, 0x00, 0x00, 0x04, 0xA3, 0x44, 0x00, 0x4B, 0xD9, 0x00, 0x00, 0x0C, 0xA3, 0x55,
    0x00, 0x50, 0x83, 0x00, 0x00, 0x04, 0xA3, 0x44, 0x00, 0xB0, 0xDA, 0x00, 0x00, 0xC5, 0xA2, 0x55, 0x00, 0x50, 0x83, 0x00,
    0x00, 0x04, 0xA2, 0x44, 0x00, 0x4B, 0xDB, 0x00, 0x01, 0x0C, 0xC5, 0xA1, 0x55, 0x00, 0x50, 0x83, 0x00, 0x00, 0x04, 0xA1,
    0x44, 0x01, 0x4B, 0xB0, 0xDC, 0x00, 0x00, 0x0C, 0xA1, 0x55, 0x00, 0x50, 0x83, 0x00, 0x00, 0x04, 0xA1, 0x44, 0x00, 0xB0,
    0xDE, 0x00, 0x00, 0xC5, 0xA0, 0x55, 0x00, 0x50, 0x83, 0x00, 0x00, 0x04, 0xA0, 0x44, 0x00, 0x4B, 0xE0, 0x00, 0x00, 0xC5,
    0x9F, 0x55, 0x00, 0xC0, 0x83, 0x00, 0x00, 0x0B, 0x9F, 0x44, 0x00, 0x4B, 0xE1, 0x00, 0x00, 0x0C, 0x9F, 0x55, 0x00, 0xC0,
    0x83, 0x00, 0x00, 0x0B, 0x9F, 0x44, 0x00, 0xB0, 0xE2, 0x00, 0x00, 0xCC, 0x9E, 0x55, 0x00, 0xC0, 0x83, 0x00, 0x00, 0x0B,
    0x9E, 0x44, 0x00, 0xBB, 0xE4, 0x00, 0x00, 0xC5, 0x9D, 0x55, 0x00, 0xC0, 0x83, 0x00, 0x00, 0x0B, 0x9D, 0x44, 0x00, 0x4B,
    0xE6, 0x00, 0x00, 0xC5, 0x9C, 0x55, 0x00, 0xC0, 0x83, 0x00, 0x00, 0x0B, 0x9C, 0x44, 0x00, 0x4B, 0xE7, 0x00, 0x01, 0x0C,
    0xC5, 0x9B, 0x55, 0x00, 0xC0, 0x83, 0x00, 0x00, 0x0B, 0x9B, 0x44, 0x01, 0x4B, 0xB0, 0xE8, 0x00, 0x00, 0x0C, 0x9B, 0x55,
    0x00, 0xC0, 0x83, 0x00, 0x00, 0x0B, 0x9B, 0x44, 0x00, 0xB0, 0xEA, 0x00, 0x00, 0x0C, 0x9A, 0x55, 0x00, 0xC0, 0x83, 0x00,
    0x00, 0x0B, 0x9A, 0x44, 0x00, 0xB0, 0xEC, 0x00, 0x00, 0xCC, 0x99, 0x55, 0x00, 0xC0, 0x83, 0x00, 0x00, 0x0B, 0x99, 0x44,
    0x00, 0xBB, 0xEE, 0x00, 0x00, 0xCC, 0x98, 0x55, 0x00, 0xC0, 0x83, 0x00, 0x00, 0x0B, 0x98, 0x44, 0x00, 0xBB, 0xF0, 0x00,
    0x00, 0xCC, 0x97, 0x55, 0x85, 0x00, 0x97, 0x44, 0x00, 0xBB, 0xF2, 0x00, 0x00, 0xCC, 0x96, 0x55, 0x85, 0x00, 0x96, 0x44,
    0x00, 0xBB, 0xF4, 0x00, 0x00, 0x0C, 0x95, 0x55, 0x85, 0x00, 0x95, 0x44, 0x00, 0xB0, 0xF6, 0x00, 0x01, 0x0C, 0xC5, 0x93,
    0x55, 0x85, 0x00, 0x93, 0x44, 0x01, 0x4B, 0xB0, 0xF8, 0x00, 0x01, 0x0C, 0xC5, 0x92, 0x55, 0x85, 0x00, 0x92, 0x44, 0x01,
    0x4B, 0xB0, 0xFB, 0x00, 0x00, 0xCC, 0x91, 0x55, 0x85, 0x00, 0x91, 0x44, 0x00, 0xBB, 0xFE, 0x00, 0x01, 0x0C, 0xC5, 0x8F,
    0x55, 0x85, 0x00, 0x8F, 0x44, 0x01, 0x4B, 0xB0, 0xFF, 0x00, 0x02, 0x00, 0x00, 0xCC, 0x8E, 0x55, 0x85, 0x00, 0x8E, 0x44,
    0x00, 0xBB, 0xFF, 0x00, 0x84, 0x00, 0x01, 0x0C, 0xCC, 0x8C, 0x55, 0x85, 0x00, 0x8C, 0x44, 0x01, 0xBB, 0xB0, 0xFF, 0x00,
    0x87, 0x00, 0x01, 0x0C, 0xCC, 0x89, 0x55, 0x00, 0x5C, 0x85, 0x00, 0x00, 0xB4, 0x89, 0x44, 0x01, 0xBB, 0xB0, 0xFF, 0x00,
    0x8B, 0x00, 0x01, 0x0C, 0xCC, 0x87, 0x55, 0x00, 0x5C, 0x85, 0x00, 0x00, 0xB4, 0x87, 0x44, 0x01, 0xBB, 0xB0, 0xFF, 0x00,
    0x90, 0x00, 0x01, 0xCC, 0xCC, 0x84, 0x55, 0x00, 0x5C, 0x85, 0x00, 0x00, 0xB4, 0x84, 0x44, 0x01, 0xBB, 0xBB, 0xFF, 0x00,
    0x96, 0x00, 0x04, 0x0C, 0xCC, 0xCC, 0xC5, 0x5C, 0x85, 0x00, 0x04, 0xB4, 0x4B, 0xBB, 0xBB, 0xB0, 0xFF, 0x00, 0xFF, 0x00,
    0xFF, 0x00, 0xFF, 0x00, 0xFF, 0x00, 0xFF, 0x00, 0xFF, 0x00, 0xFF, 0x00, 0xFF, 0x00, 0xFF, 0x00, 0xFF, 0x00, 0xFF, 0x00,
    0xFF, 0x00, 0xFF, 0x00, 0xFF, 0x00, 0xFF, 0x00, 0xFF, 0x00, 0xFF, 0x00, 0xFF, 0x00, 0xFF, 0x00, 0xFF, 0x00, 0xFF, 0x00,
    0xFF, 0x00, 0xFF, 0x00, 0xFF, 0x00, 0xFF, 0x00, 0xFF, 0x00, 0xFF, 0x00, 0xFF, 0x00, 0xFF, 0x00, 0xFF, 0x00, 0xFF, 0x00,
    0xFF, 0x00, 0xFF, 0x00, 0xFF, 0x00, 0xFF, 0x00, 0xFF, 0x00, 0xFF, 0x00, 0xFF, 0x00, 0xFF, 0x00, 0xFF, 0x00, 0xFF, 0x00,
    0xFF, 0x00, 0xFF, 0x00, 0xFF, 0x00, 0xFF, 0x00, 0xFF, 0x00, 0xFF, 0x00, 0xFF, 0x00, 0xFF, 0x00, 0xFF, 0x00, 0xFF, 0x00,
    0xFF, 0x00, 0xFF, 0x00, 0xFF, 0x00, 0xFF, 0x00, 0xFF, 0x00, 0xFF, 0x00, 0xFF, 0x00, 0xFF, 0x00, 0xAE, 0x00,
};

static const uint8_t kLauncherFrame08[] = {
    0xFF, 0x00, 0xFF, 0x00, 0xFF, 0x00, 0xFF, 0x00, 0xFF, 0x00, 0xFF, 0x00, 0xFF, 0x00, 0xFF, 0x00, 0xFF, 0x00, 0xFF, 0x00,
    0xFF, 0x00, 0xFF, 0x00, 0xFF, 0x00, 0xFF, 0x00, 0xFF, 0x00, 0xFF, 0x00, 0xFF, 0x00, 0xFF, 0x00, 0xFF, 0x00, 0xFF, 0x00,
    0xFF, 0x00, 0xFF, 0x00, 0xFF, 0x00, 0xFF, 0x00, 0xFF, 0x00, 0xFF, 0x00, 0xFF, 0x00, 0xFF, 0x00, 0xFF, 0x00, 0xFF, 0x00,
    0xFF, 0x00, 0xFF, 0x00, 0xFF, 0x00, 0xFF, 0x00, 0xFF, 0x00, 0xFF, 0x00, 0xFF, 0x00, 0xFF, 0x00, 0xFF, 0x00, 0xFF, 0x00,
    0xFF, 0x00, 0xFF, 0x00, 0xFF, 0x00, 0xFF, 0x00, 0xFF, 0x00, 0xFF, 0x00, 0xFF, 0x00, 0xFF, 0x00, 0xFF, 0x00, 0xFF, 0x00,
    0xFF, 0x00, 0xFF, 0x00, 0xB2, 0x00, 0x02, 0x08, 0x88, 0x88, 0x89, 0x11, 0x02, 0x88, 0x88, 0x80, 0xFF, 0x00, 0x96, 0x00,
    0x01, 0x88, 0x81, 0x91, 0x11, 0x01, 0x18, 0x88, 0xFF, 0x00, 0x90, 0x00, 0x01, 0x88, 0x88, 0x97, 0x11, 0x01, 0x88, 0x88,
    0xFF, 0x00, 0x8B, 0x00, 0x01, 0x88, 0x81, 0x9B, 0x11, 0x01, 0x18, 0x88, 0xFF, 0x00, 0x87, 0x00, 0x01, 0x88, 0x81, 0x9F,
    0x11, 0x01, 0x18, 0x88, 0xFF, 0x00, 0x83, 0x00, 0x01, 0x08, 0x81, 0xA3, 0x11, 0x01, 0x18, 0x80, 0xFF, 0x00, 0x01, 0x00,
    0x88, 0xA7, 0x11, 0x00, 0x88, 0xFD, 0x00, 0x01, 0x08, 0x81, 0xA9, 0x11, 0x01, 0x18, 0x80, 0xFA, 0x00, 0x00, 0x88, 0xAD,
    0x11, 0x00, 0x88, 0xF8, 0x00, 0x00, 0x88, 0xAF, 0x11, 0x00, 0x88, 0xF6, 0x00, 0x00, 0x01, 0xB1, 0x11, 0x00, 0x10, 0xF5,
    0x00, 0x00, 0x01, 0xB1, 0x11, 0x00, 0x10, 0xF5, 0x00, 0x00, 0x08, 0xB1, 0x11, 0x00, 0x80, 0xF6, 0x00, 0xB1, 0x11, 0xF7,
    0x00, 0x00, 0x81, 0xAF, 0x11, 0x00, 0x18, 0xF0, 0x00, 0x01, 0x0E, 0xE0, 0x84, 0x00, 0x00, 0x81, 0xAF, 0x11, 0x00, 0x18,
    0x84, 0x00, 0x01, 0x09, 0x90, 0xE8, 0x00, 0x02, 0x0E, 0xE7, 0x7E, 0x84, 0x00, 0x00, 0x08, 0xAF, 0x11, 0x00, 0x80, 0x84,
    0x00, 0x02, 0x92, 0x29, 0x90, 0xE7, 0x00, 0x02, 0xE7, 0x77, 0x7E, 0x84, 0x00, 0x00, 0x08, 0xAF, 0x11, 0x00, 0x80, 0x84,
    0x00, 0x02, 0x92, 0x22, 0x29, 0xE6, 0x00, 0x00, 0xE7, 0x82, 0x77, 0x00, 0xE0, 0x84, 0x00, 0xAF, 0x11, 0x84, 0x00, 0x00,
    0x09, 0x82, 0x22, 0x00, 0x29, 0xE4, 0x00, 0x00, 0xEE, 0x83, 0x77, 0x00, 0x70, 0x84, 0x00, 0x00, 0x81, 0xAD, 0x11, 0x00,
    0x18, 0x84, 0x00, 0x00, 0x02, 0x83, 0x22, 0x00, 0x99, 0xE2, 0x00, 0x00, 0x0E, 0x84, 0x77, 0x00, 0x7E, 0x84, 0x00, 0x00,
    0x01, 0xAD, 0x11, 0x00, 0x10, 0x84, 0x00, 0x00, 0x92, 0x84, 0x22, 0x00, 0x90, 0xE0, 0x00, 0x00, 0x0E, 0x86, 0x77, 0x84,
    0x00, 0x00, 0x08, 0xAD, 0x11, 0x00, 0x80, 0x84, 0x00, 0x86, 0x22, 0x00, 0x90, 0xDF, 0x00, 0x00, 0xE7, 0x86, 0x77, 0x00,
    0xE0, 0x83, 0x00, 0x00, 0x08, 0x9A, 0x11, 0x00, 0xFF, 0x91, 0x11, 0x00, 0x80, 0x83, 0x00, 0x00, 0x09, 0x86, 0x22, 0x00,
    0x29, 0xDE, 0x00, 0x00, 0xE7, 0x87, 0x77, 0x00, 0x70, 0x84, 0x00, 0x00, 0x81, 0x97, 0x11, 0x82, 0xFF, 0x00, 0xF1, 0x8F,
    0x11, 0x00, 0x18, 0x84, 0x00, 0x00, 0x02, 0x87, 0x22, 0x00, 0x29, 0xDC, 0x00, 0x00, 0x0E, 0x88, 0x77, 0x00, 0x7E, 0x84,
    0x00, 0x00, 0x81, 0x94, 0x11, 0x85, 0xFF, 0x00, 0xF1, 0x8F, 0x11, 0x00, 0x18, 0x84, 0x00, 0x00, 0x92, 0x88, 0x22, 0x00,
    0x90, 0xDA, 0x00, 0x01, 0x0E, 0xE7, 0x89, 0x77, 0x84, 0x00, 0x00, 0x01, 0x91, 0x11, 0x88, 0xFF, 0x00, 0xF1, 0x8F, 0x11,
    0x00, 0x10, 0x84, 0x00, 0x89, 0x22, 0x01, 0x29, 0x90, 0xD9, 0x00, 0x00, 0xE7, 0x8A, 0x77, 0x00, 0xE0, 0x83, 0x00, 0x00,
    0x08, 0x90, 0x11, 0x00, 0x1F, 0x88, 0xFF, 0x00, 0xF1, 0x8F, 0x11, 0x00, 0x80, 0x83, 0x00, 0x00, 0x09, 0x8A, 0x22, 0x00,
    0x29, 0xD8, 0x00, 0x00, 0x0E, 0x8B, 0x77, 0x00, 0x7E, 0x84, 0x00, 0x90, 0x11, 0x00, 0x1F, 0x83, 0xFF, 0x05, 0xF1, 0x11,
    0x11, 0x1F, 0xFF, 0xF1, 0x8F, 0x11, 0x84, 0x00, 0x00, 0x92, 0x8B, 0x22, 0x00, 0x90, 0xD7, 0x00, 0x00, 0xE7, 0x8B, 0x77,
    0x00, 0x7E, 0x84, 0x00, 0x00, 0x81, 0x8F, 0x11, 0x02, 0x1F, 0xFF, 0xFF, 0x84, 0x11, 0x02, 0x1F, 0xFF, 0xF1, 0x8E, 0x11,
    0x00, 0x18, 0x84, 0x00, 0x00, 0x92, 0x8B, 0x22, 0x00, 0x29, 0xD6, 0x00, 0x00, 0xE7, 0x8D, 0x77, 0x00, 0xE0, 0x83, 0x00,
    0x00, 0x81, 0x8F, 0x11, 0x02, 0x1F, 0xFF, 0xF1, 0x84, 0x11, 0x02, 0x1F, 0xFF, 0xF1, 0x8E, 0x11, 0x00, 0x18, 0x83, 0x00,
    0x00, 0x09, 0x8D, 0x22, 0x00, 0x29, 0xD4, 0x00, 0x00, 0x0E, 0x8E, 0x77, 0x00, 0xE0, 0x83, 0x00, 0x00, 0x08, 0x8F, 0x11,
    0x02, 0x1F, 0xFF, 0xF1, 0x84, 0x11, 0x02, 0x1F, 0xFF, 0xF1, 0x8E, 0x11, 0x00, 0x80, 0x83, 0x00, 0x00, 0x09, 0x8E, 0x22,
    0x00, 0x90, 0xD3, 0x00, 0x00, 0xE7, 0x8E, 0x77, 0x00, 0x7E, 0x83, 0x00, 0x00, 0x08, 0x8F, 0x11, 0x02, 0x1F, 0xFF, 0xF1,
    0x84, 0x11, 0x02, 0x1F, 0xFF, 0xF1, 0x8E, 0x11, 0x00, 0x80, 0x83, 0x00, 0x00, 0x92, 0x8E, 0x22, 0x00, 0x29, 0xD2, 0x00,
    0x00, 0x0E, 0x8F, 0x77, 0x00, 0x7E, 0x84, 0x00, 0x8F, 0x11, 0x02, 0x1F, 0xFF, 0xF1, 0x84, 0x11, 0x02, 0x1F, 0xFF, 0xF1,
    0x8E, 0x11, 0x84, 0x00, 0x00, 0x92, 0x8F, 0x22, 0x00, 0x90, 0xD1, 0x00, 0x00, 0xE7, 0x90, 0x77, 0x00, 0xE0, 0x83, 0x00,
    0x00, 0x81, 0x8E, 0x11, 0x02, 0x1F, 0xFF, 0xF1, 0x84, 0x11, 0x02, 0x1F, 0xFF, 0xF1, 0x8D, 0x11, 0x00, 0x18, 0x83, 0x00,
    0x00, 0x09, 0x90, 0x22, 0x00, 0x29, 0xD0, 0x00, 0x00, 0x0E, 0x91, 0x77, 0x00, 0xE0, 0x83, 0x00, 0x00, 0x01, 0x8E, 0x11,
    0x02, 0x1F, 0xFF, 0xF1, 0x84, 0x11, 0x02, 0x1F, 0xFF, 0xF1, 0x8D, 0x11, 0x00, 0x10, 0x83, 0x00, 0x00, 0x09, 0x91, 0x22,
    0x00, 0x90, 0xCF, 0x00, 0x00, 0xE7, 0x91, 0x77, 0x00, 0x7E, 0x83, 0x00, 0x00, 0x08, 0x8E, 0x11, 0x02, 0x1F, 0xFF, 0xF1,
    0x84, 0x11, 0x02, 0x1F, 0xFF, 0xF1, 0x8D, 0x11, 0x00, 0x80, 0x83, 0x00, 0x00, 0x92, 0x91, 0x22, 0x00, 0x29, 0xCE, 0x00,
    0x00, 0x0E, 0x93, 0x77, 0x83, 0x00, 0x00, 0x08, 0x8E, 0x11, 0x02, 0x1F, 0xFF, 0xF1, 0x84, 0x11, 0x02, 0x1F, 0xFF, 0xF1,
    0x8D, 0x11, 0x00, 0x80, 0x83, 0x00, 0x93, 0x22, 0x00, 0x90, 0xCC, 0x00, 0x00, 0x0E, 0x94, 0x77, 0x00, 0xE0, 0x83, 0x00,
    0x00, 0x81, 0x8D, 0x11, 0x02, 0x1F, 0xFF, 0xF1, 0x84, 0x11, 0x02, 0x1F, 0xFF, 0xF1, 0x8C, 0x11, 0x00, 0x18, 0x83, 0x00,
    0x00, 0x09, 0x94, 0x22, 0x00, 0x90, 0xCB, 0x00, 0x00, 0xE7, 0x94, 0x77, 0x00, 0x70, 0x83, 0x00, 0x00, 0x81, 0x8D, 0x11,
    0x02, 0x1F, 0xFF, 0xF1, 0x84, 0x11, 0x02, 0x1F, 0xFF, 0xF1, 0x8C, 0x11, 0x00, 0x18, 0x83, 0x00, 0x00, 0x02, 0x94, 0x22,
    0x00, 0x29, 0xCB, 0x00, 0x95, 0x77, 0x00, 0x7E, 0x83, 0x00, 0x00, 0x01, 0x8D, 0x11, 0x0A, 0x1F, 0xFF, 0xF1, 0x11, 0x11,
    0x1F, 0xFF, 0xF1, 0x1F, 0xFF, 0xF1, 0x8C, 0x11, 0x00, 0x10, 0x83, 0x00, 0x00, 0x92, 0x95, 0x22, 0xCA, 0x00, 0x00, 0x0E,
    0x96, 0x77, 0x83, 0x00, 0x00, 0x08, 0x8D, 0x11, 0x04, 0x1F, 0xFF, 0xF1, 0x11, 0x11, 0x82, 0xFF, 0x02, 0x1F, 0xFF, 0xF1,
    0x8C, 0x11, 0x00, 0x80, 0x83, 0x00, 0x96, 0x22, 0x00, 0x90, 0xC9, 0x00, 0x00, 0xE7, 0x96, 0x77, 0x00, 0xE0, 0x82, 0x00,
    0x00, 0x08, 0x8D, 0x11, 0x04, 0x1F, 0xFF, 0xF1, 0x11, 0x1F, 0x84, 0xFF, 0x00, 0xF1, 0x8C, 0x11, 0x00, 0x80, 0x82, 0x00,
    0x00, 0x09, 0x96, 0x22, 0x00, 0x29, 0xC8, 0x00, 0x00, 0x0E, 0x97, 0x77, 0x00, 0x7E, 0x83, 0x00, 0x00, 0x81, 0x8C, 0x11,
    0x03, 0x1F, 0xFF, 0xF1, 0x11, 0x85, 0xFF, 0x00, 0xF1, 0x8B, 0x11, 0x00, 0x18, 0x83, 0x00, 0x00, 0x92, 0x97, 0x22, 0x00,
    0x90, 0xC7, 0x00, 0x00, 0xE7, 0x97, 0x77, 0x00, 0x7E, 0x83, 0x00, 0x00, 0x81, 0x8C, 0x11, 0x03, 0x1F, 0xFF, 0xF1, 0x11,
    0x85, 0xFF, 0x00, 0xF1, 0x8B, 0x11, 0x00, 0x18, 0x83, 0x00, 0x00, 0x92, 0x97, 0x22, 0x00, 0x29, 0xC6, 0x00, 0x00, 0x0E,
    0x99, 0x77, 0x00, 0xE0, 0x82, 0x00, 0x00, 0x01, 0x8C, 0x11, 0x03, 0x1F, 0xFF, 0xF1, 0x11, 0x85, 0xFF, 0x8C, 0x11, 0x00,
    0x10, 0x82, 0x00, 0x00, 0x09, 0x99, 0x22, 0x00, 0x90, 0xC5, 0x00, 0x00, 0xE7, 0x99, 0x77, 0x00, 0xE0, 0x82, 0x00, 0x00,
    0x08, 0x89, 0x11, 0x06, 0xFF, 0xFF, 0x11, 0x1F, 0xFF, 0xF1, 0x11, 0x84, 0xFF, 0x8D, 0x11, 0x00, 0x80, 0x82, 0x00, 0x00,
    0x09, 0x99, 0x22, 0x00, 0x29, 0xC4, 0x00, 0x00, 0x0E, 0x9A, 0x77, 0x00, 0x7E, 0x83, 0x00, 0x88, 0x11, 0x08, 0x1F, 0xFF,
    0xFF, 0xF1, 0x1F, 0xFF, 0xF1, 0x11, 0x1F, 0x82, 0xFF, 0x00, 0xF1, 0x8D, 0x11, 0x83, 0x00, 0x00, 0x92, 0x9A, 0x22, 0x00,
    0x90, 0xC3, 0x00, 0x00, 0xE7, 0x9A, 0x77, 0x00, 0x7E, 0x83, 0x00, 0x00, 0x81, 0x87, 0x11, 0x83, 0xFF, 0x04, 0x1F, 0xFF,
    0xF1, 0x11, 0x11, 0x82, 0xFF, 0x00, 0xF1, 0x8C, 0x11, 0x00, 0x18, 0x83, 0x00, 0x00, 0x92, 0x9A, 0x22, 0x00, 0x29, 0xC3,
    0x00, 0x9C, 0x77, 0x00, 0xE0, 0x82, 0x00, 0x00, 0x81, 0x86, 0x11, 0x00, 0x1F, 0x83, 0xFF, 0x01, 0xF1, 0xFF, 0x82, 0x11,
    0x02, 0x1F, 0xFF, 0xF1, 0x8D, 0x11, 0x00, 0x18, 0x82, 0x00, 0x00, 0x09, 0x9C, 0x22, 0xC2, 0x00, 0x00, 0x0E, 0x9C, 0x77,
    0x00, 0xE0, 0x82, 0x00, 0x00, 0x08, 0x86, 0x11, 0x00, 0x1F, 0x83, 0xFF, 0x00, 0xF1, 0x94, 0x11, 0x00, 0x80, 0x82, 0x00,
    0x00, 0x09, 0x9C, 0x22, 0x00, 0x90, 0xC1, 0x00, 0x00, 0xE7, 0x9C, 0x77, 0x00, 0x7E, 0x82, 0x00, 0x00, 0x08, 0x86, 0x11,
    0x00, 0x1F, 0x83, 0xFF, 0x00, 0xF1, 0x94, 0x11, 0x00, 0x80, 0x82, 0x00, 0x00, 0x92, 0x9C, 0x22, 0x00, 0x29, 0xC0, 0x00,
    0x00, 0x0E, 0x9E, 0x77, 0x83, 0x00, 0x86, 0x11, 0x00, 0x1F, 0x83, 0xFF, 0x00, 0xF1, 0x94, 0x11, 0x83, 0x00, 0x9E, 0x22,
    0x00, 0x90, 0xBF, 0x00, 0x00, 0xE7, 0x9E, 0x77, 0x00, 0xE0, 0x82, 0x00, 0x00, 0x81, 0x86, 0x11, 0x83, 0xFF, 0x94, 0x11,
    0x00, 0x18, 0x82, 0x00, 0x00, 0x09, 0x9E, 0x22, 0x00, 0x29, 0xBF, 0x00, 0x00, 0xE7, 0x9E, 0x77, 0x00, 0x70, 0x82, 0x00,
    0x00, 0x01, 0x86, 0x11, 0x00, 0x1F, 0x82, 0xFF, 0x94, 0x11, 0x00, 0x10, 0x82, 0x00, 0x00, 0x02, 0x9E, 0x22, 0x00, 0x29,
    0xBE, 0x00, 0x00, 0x0E, 0x9F, 0x77, 0x00, 0x7E, 0x82, 0x00, 0x00, 0x08, 0x87, 0x11, 0x01, 0xFF, 0xFF, 0x95, 0x11, 0x00,
    0x80, 0x82, 0x00, 0x00, 0x92, 0x9F, 0x22, 0x00, 0x90, 0xBD, 0x00, 0x00, 0xE7, 0xA0, 0x77, 0x82, 0x00, 0x00, 0x08, 0x9F,
    0x11, 0x00, 0x80, 0x82, 0x00, 0xA0, 0x22, 0x00, 0x29, 0xBD, 0x00, 0x91, 0x77, 0x01, 0x7F, 0xF7, 0x8D, 0x77, 0x00, 0xE0,
    0x82, 0x00, 0x00, 0x81, 0x89, 0x11, 0x82, 0x88, 0x83, 0x00, 0x82, 0x88, 0x89, 0x11, 0x00, 0x18, 0x82, 0x00, 0x00, 0x09,
    0x8A, 0x22, 0x07, 0xFF, 0x22, 0x22, 0x2F, 0xF2, 0x22, 0x22, 0xFF, 0x8E, 0x22, 0xBC, 0x00, 0x00, 0x0E, 0x91, 0x77, 0x01,
    0xFF, 0xFF, 0x8D, 0x77, 0x00, 0x70, 0x82, 0x00, 0x00, 0x81, 0x86, 0x11, 0x01, 0x88, 0x80, 0x8B, 0x00, 0x01, 0x08, 0x88,
    0x86, 0x11, 0x00, 0x18, 0x82, 0x00, 0x00, 0x02, 0x89, 0x22, 0x09, 0x2F, 0xFF, 0xF2, 0x22, 0xFF, 0xFF, 0x22, 0x2F, 0xFF,
    0xF2, 0x8D, 0x22, 0x00, 0x90, 0xBB, 0x00, 0x00, 0xE7, 0x91, 0x77, 0x01, 0xFF, 0xFF, 0x8D, 0x77, 0x00, 0x7E, 0x82, 0x00,
    0x00, 0x01, 0x84, 0x11, 0x01, 0x88, 0x80, 0x8F, 0x00, 0x01, 0x08, 0x88, 0x84, 0x11, 0x00, 0x10, 0x82, 0x00, 0x00, 0x92,
    0x89, 0x22, 0x09, 0x2F, 0xFF, 0xF2, 0x22, 0xFF, 0xFF, 0x22, 0x2F, 0xFF, 0xF2, 0x8D, 0x22, 0x00, 0x29, 0xBB, 0x00, 0x92,
    0x77, 0x01, 0xFF, 0xFF, 0x8E, 0x77, 0x03, 0xE0, 0x00, 0x00, 0x08, 0x82, 0x11, 0x01, 0x18, 0x80, 0x93, 0x00, 0x01, 0x08,
    0x81, 0x82, 0x11, 0x03, 0x80, 0x00, 0x00, 0x09, 0x8A, 0x22, 0x09, 0x2F, 0xFF, 0xF2, 0x22, 0xFF, 0xFF, 0x22, 0x2F, 0xFF,
    0xF2, 0x8E, 0x22, 0xBA, 0x00, 0x00, 0x0E, 0x92, 0x77, 0x01, 0xFF, 0xFF, 0x8E, 0x77, 0x00, 0xE0, 0x82, 0x00, 0x02, 0x11,
    0x11, 0x88, 0x97, 0x00, 0x02, 0x88, 0x11, 0x11, 0x82, 0x00, 0x00, 0x09, 0x8A, 0x22, 0x09, 0x2F, 0xFF, 0xF2, 0x22, 0xFF,
    0xFF, 0x22, 0x2F, 0xFF, 0xF2, 0x8E, 0x22, 0x00, 0x90, 0xB9, 0x00, 0x00, 0xE7, 0x8D, 0x77, 0x00, 0xFF, 0x83, 0x77, 0x01,
    0xFF, 0xFF, 0x83, 0x77, 0x00, 0xFF, 0x89, 0x77, 0x00, 0x7E, 0x82, 0x00, 0x01, 0x88, 0x80, 0x99, 0x00, 0x01, 0x08, 0x88,
    0x82, 0x00, 0x00, 0x92, 0x89, 0x22, 0x8B, 0xFF, 0x8D, 0x22, 0x00, 0x29, 0xB9, 0x00, 0x00, 0xE7, 0x8C, 0x77, 0x02, 0x7F,
    0xFF, 0xF7, 0x82, 0x77, 0x01, 0xFF, 0xFF, 0x82, 0x77, 0x02, 0x7F, 0xFF, 0xF7, 0x88, 0x77, 0x00, 0x7E, 0xA3, 0x00, 0x00,
    0x92, 0x88, 0x22, 0x00, 0x2F, 0x8B, 0xFF, 0x00, 0xF2, 0x8C, 0x22, 0x00, 0x29, 0xB8, 0x00, 0x00, 0x0E, 0x8D, 0x77, 0x02,
    0x7F, 0xFF, 0xFF, 0x82, 0x77, 0x01, 0xFF, 0xFF, 0x82, 0x77, 0x02, 0xFF, 0xFF, 0xF7, 0x89, 0x77, 0x00, 0xE0, 0xA1, 0x00,
    0x00, 0x09, 0x89, 0x22, 0x00, 0x2F, 0x8B, 0xFF, 0x00, 0xF2, 0x8D, 0x22, 0x00, 0x90, 0xB7, 0x00, 0x00, 0x07, 0x8E, 0x77,
    0x0B, 0xFF, 0xFF, 0xF7, 0x77, 0x77, 0xFF, 0xFF, 0x77, 0x77, 0x7F, 0xFF, 0xFF, 0x8A, 0x77, 0x00, 0xE0, 0xA1, 0x00, 0x00,
    0x09, 0x89, 0x22, 0x00, 0x2F, 0x8B, 0xFF, 0x00, 0xF2, 0x8D, 0x22, 0x00, 0x20, 0xB7, 0x00, 0x00, 0xE7, 0x8E, 0x77, 0x0B,
    0x7F, 0xFF, 0xFF, 0x77, 0x77, 0x7F, 0xF7, 0x77, 0x77, 0xFF, 0xFF, 0xF7, 0x89, 0x77, 0x01, 0x7E, 0xE0, 0xA1, 0x00, 0x01,
    0x09, 0x92, 0x86, 0x22, 0x00, 0x2F, 0x82, 0xFF, 0x00, 0xF2, 0x87, 0x22, 0x00, 0x2F, 0x82, 0xFF, 0x00, 0xF2, 0x8B, 0x22,
    0x00, 0x29, 0xB6, 0x00, 0x00, 0x0E, 0x90, 0x77, 0x02, 0xFF, 0xFF, 0xF7, 0x83, 0x77, 0x02, 0x7F, 0xFF, 0xFF, 0x89, 0x77,
    0x01, 0x7E, 0xE0, 0xA3, 0x00, 0x01, 0x09, 0x92, 0x85, 0x22, 0x83, 0xFF, 0x00, 0xF2, 0x87, 0x22, 0x00, 0x2F, 0x83, 0xFF,
    0x8C, 0x22, 0x00, 0x90, 0xB5, 0x00, 0x00, 0x0E, 0x90, 0x77, 0x02, 0x7F, 0xFF, 0xF7, 0x83, 0x77, 0x02, 0x7F, 0xFF, 0xF7,
    0x89, 0x77, 0x00, 0xE0, 0xA5, 0x00, 0x00, 0x09, 0x85, 0x22, 0x83, 0xFF, 0x00, 0xF2, 0x87, 0x22, 0x00, 0x2F, 0x83, 0xFF,
    0x8C, 0x22, 0x00, 0x90, 0xB5, 0x00, 0x00, 0xE7, 0x91, 0x77, 0x00, 0xFF, 0x85, 0x77, 0x00, 0xFF, 0x89, 0x77, 0x00, 0xE0,
    0xA7, 0x00, 0x00, 0x09, 0x84, 0x22, 0x00, 0x2F, 0x82, 0xFF, 0x00, 0xF2, 0x87, 0x22, 0x00, 0x2F, 0x82, 0xFF, 0x00, 0xF2,
    0x8C, 0x22, 0x00, 0x29, 0xB5, 0x00, 0x00, 0xE7, 0x94, 0x77, 0x01, 0xFF, 0xFF, 0x8B, 0x77, 0x00, 0x7E, 0xA9, 0x00, 0x00,
    0x92, 0x85, 0x22, 0x06, 0x2F, 0xFF, 0xF2, 0x22, 0x22, 0x2F, 0xF2, 0x82, 0x22, 0x03, 0xFF, 0x2F, 0xFF, 0xF2, 0x8E, 0x22,
    0x00, 0x29, 0xB4, 0x00, 0x00, 0x0E, 0x94, 0x77, 0x03, 0x7F, 0xFF, 0xFF, 0xF7, 0x89, 0x77, 0x01, 0x7E, 0xE0, 0xA9, 0x00,
    0x01, 0x09, 0x92, 0x84, 0x22, 0x09, 0x2F, 0xFF, 0xF2, 0x22, 0x22, 0xFF, 0xFF, 0x22, 0x22, 0x2F, 0x82, 0xFF, 0x00, 0xF2,
    0x8F, 0x22, 0x00, 0x90, 0xB3, 0x00, 0x00, 0x07, 0x94, 0x77, 0x83, 0xFF, 0x89, 0x77, 0x00, 0xE0, 0xAB, 0x00, 0x00, 0x09,
    0x84, 0x22, 0x09, 0x2F, 0xFF, 0xF2, 0x22, 0x22, 0xFF, 0xFF, 0xF2, 0x22, 0x2F, 0x82, 0xFF, 0x00, 0xF2, 0x8F, 0x22, 0x00,
    0x20, 0xB3, 0x00, 0x00, 0xE7, 0x8D, 0x77, 0x00, 0x7F, 0x82, 0xFF, 0x02, 0xF7, 0x77, 0x7F, 0x83, 0xFF, 0x02, 0xF7, 0x77,
    0x7F, 0x82, 0xFF, 0x03, 0xF7, 0x77, 0x77, 0x7E, 0xAD, 0x00, 0x03, 0x92, 0x22, 0x22, 0x2F, 0x82, 0xFF, 0x02, 0xF2, 0x22,
    0x2F, 0x82, 0xFF, 0x03, 0x22, 0xFF, 0xFF, 0x2F, 0x82, 0xFF, 0x00, 0xF2, 0x8D, 0x22, 0x00, 0x29, 0xB3, 0x00, 0x8E, 0x77,
    0x84, 0xFF, 0x01, 0x77, 0x7F, 0x83, 0xFF, 0x01, 0xF7, 0x77, 0x84, 0xFF, 0x02, 0x77, 0x77, 0xE0, 0xAD, 0x00, 0x02, 0x09,
    0x22, 0x22, 0x83, 0xFF, 0x01, 0xF2, 0x22, 0x86, 0xFF, 0x00, 0x2F, 0x83, 0xFF, 0x8E, 0x22, 0xB2, 0x00, 0x00, 0x0E, 0x8E,
    0x77, 0x84, 0xFF, 0x01, 0x77, 0x7F, 0x83, 0xFF, 0x01, 0xF7, 0x77, 0x84, 0xFF, 0x01, 0x77, 0xE0, 0xAF, 0x00, 0x01, 0x09,
    0x22, 0x83, 0xFF, 0x04, 0xF2, 0x22, 0xFF, 0xFF, 0x2F, 0x82, 0xFF, 0x01, 0xF2, 0x2F, 0x83, 0xFF, 0x8E, 0x22, 0x00, 0x90,
    0xB1, 0x00, 0x00, 0x0E, 0x8E, 0x77, 0x00, 0x7F, 0x82, 0xFF, 0x02, 0xF7, 0x77, 0x7F, 0x83, 0xFF, 0x02, 0xF7, 0x77, 0x7F,
    0x82, 0xFF, 0x01, 0xF7, 0x7E, 0xB1, 0x00, 0x01, 0x92, 0x2F, 0x82, 0xFF, 0x04, 0xF2, 0x2F, 0xFF, 0xF2, 0x2F, 0x82, 0xFF,
    0x01, 0x22, 0x2F, 0x82, 0xFF, 0x00, 0xF2, 0x8E, 0x22, 0x00, 0x90, 0xB1, 0x00, 0x00, 0xE7, 0x95, 0x77, 0x83, 0xFF, 0x86,
    0x77, 0x00, 0xE0, 0xB1, 0x00, 0x09, 0x09, 0x22, 0x22, 0x2F, 0xFF, 0xF2, 0xFF, 0xFF, 0xF2, 0x22, 0x82, 0xFF, 0x03, 0x22,
    0x2F, 0xFF, 0xF2, 0x90, 0x22, 0x00, 0x29, 0xB1, 0x00, 0x00, 0xE7, 0x95, 0x77, 0x00, 0x7F, 0x82, 0xFF, 0x85, 0x77, 0x00,
    0x7E, 0xB3, 0x00, 0x0F, 0x92, 0x22, 0x2F, 0xFF, 0xF2, 0xFF, 0xFF, 0x22, 0x22, 0x2F, 0xFF, 0xF2, 0x22, 0x2F, 0xFF, 0xF2,
    0x90, 0x22, 0x00, 0x29, 0xB0, 0x00, 0x00, 0x0E, 0x97, 0x77, 0x01, 0xFF, 0xFF, 0x86, 0x77, 0x00, 0xE0, 0xB3, 0x00, 0x06,
    0x09, 0x22, 0x2F, 0xFF, 0xF2, 0x2F, 0xF2, 0x82, 0x22, 0x05, 0xFF, 0x22, 0x22, 0x2F, 0xFF, 0xF2, 0x91, 0x22, 0x00, 0x90,
    0xAF, 0x00, 0x00, 0x0E, 0x94, 0x77, 0x00, 0xFF, 0x85, 0x77, 0x00, 0xFF, 0x82, 0x77, 0x00, 0x7E, 0xB4, 0x00, 0x00, 0x0F,
    0x82, 0xFF, 0x00, 0xF2, 0x87, 0x22, 0x00, 0x2F, 0x82, 0xFF, 0x00, 0xF2, 0x8F, 0x22, 0x00, 0x90, 0xAF, 0x00, 0x00, 0x07,
    0x93, 0x77, 0x02, 0x7F, 0xFF, 0xF7, 0x83, 0x77, 0x05, 0x7F, 0xFF, 0xF7, 0x77, 0x77, 0xE0, 0xB4, 0x00, 0x83, 0xFF, 0x00,
    0xF2, 0x87, 0x22, 0x00, 0x2F, 0x83, 0xFF, 0x8F, 0x22, 0x00, 0x20, 0xAF, 0x00, 0x00, 0xE7, 0x93, 0x77, 0x02, 0xFF, 0xFF,
    0xF7, 0x83, 0x77, 0x04, 0x7F, 0xFF, 0xFF, 0x77, 0x7E, 0xB5, 0x00, 0x83, 0xFF, 0x00, 0xF2, 0x87, 0x22, 0x00, 0x2F, 0x83,
    0xFF, 0x8F, 0x22, 0x00, 0x29, 0xAF, 0x00, 0x00, 0xE7, 0x92, 0x77, 0x0C, 0x7F, 0xFF, 0xFF, 0x77, 0x77, 0x7F, 0xF7, 0x77,
    0x77, 0xFF, 0xFF, 0xF7, 0x70, 0xB5, 0x00, 0x00, 0x0F, 0x82, 0xFF, 0x00, 0xF2, 0x87, 0x22, 0x00, 0x2F, 0x82, 0xFF, 0x00,
    0xF2, 0x8F, 0x22, 0x00, 0x29, 0xAE, 0x00, 0x00, 0x0E, 0x93, 0x77, 0x0C, 0xFF, 0xFF, 0xF7, 0x77, 0x77, 0xFF, 0xFF, 0x77,
    0x77, 0x7F, 0xFF, 0xFF, 0xE0, 0xB7, 0x00, 0x00, 0x0F, 0x8B, 0xFF, 0x00, 0xF2, 0x92, 0x22, 0x00, 0x90, 0xAD, 0x00, 0x00,
    0x0E, 0x92, 0x77, 0x02, 0x7F, 0xFF, 0xFF, 0x82, 0x77, 0x01, 0xFF, 0xFF, 0x82, 0x77, 0x02, 0xFF, 0xFF, 0xF0, 0xB7, 0x00,
    0x00, 0x0F, 0x8B, 0xFF, 0x00, 0xF2, 0x92, 0x22, 0x00, 0x90, 0xAD, 0x00, 0x00, 0x07, 0x92, 0x77, 0x02, 0x7F, 0xFF, 0xF7,
    0x82, 0x77, 0x01, 0xFF, 0xFF, 0x82, 0x77, 0x02, 0x7F, 0xFF, 0xF0, 0xB7, 0x00, 0x00, 0x0F, 0x8B, 0xFF, 0x00, 0xF2, 0x92,
    0x22, 0x00, 0x20, 0xAD, 0x00, 0x00, 0xE7, 0x93, 0x77, 0x00, 0xFF, 0x83, 0x77, 0x01, 0xFF, 0xFF, 0x82, 0x77, 0x01, 0x7E,
    0xFF, 0xB9, 0x00, 0x8B, 0xFF, 0x93, 0x22, 0x00, 0x29, 0xAD, 0x00, 0x00, 0xE7, 0x98, 0x77, 0x01, 0xFF, 0xFF, 0x82, 0x77,
    0x00, 0x7E, 0xBB, 0x00, 0x09, 0x9F, 0xFF, 0xF2, 0x22, 0xFF, 0xFF, 0x22, 0x2F, 0xFF, 0xF2, 0x94, 0x22, 0x00, 0x29, 0xAD,
    0x00, 0x99, 0x77, 0x01, 0xFF, 0xFF, 0x82, 0x77, 0x00, 0xE0, 0xBB, 0x00, 0x09, 0x0F, 0xFF, 0xF2, 0x22, 0xFF, 0xFF, 0x22,
    0x2F, 0xFF, 0xF2, 0x95, 0x22, 0xAC, 0x00, 0x00, 0x0E, 0x99, 0x77, 0x04, 0xFF, 0xFF, 0x77, 0x77, 0x7E, 0xBC, 0x00, 0x09,
    0x0F, 0xFF, 0xF2, 0x22, 0xFF, 0xFF, 0x22, 0x2F, 0xFF, 0xF2, 0x95, 0x22, 0x00, 0x90, 0xAB, 0x00, 0x00, 0x0E, 0x99, 0x77,
    0x04, 0xFF, 0xFF, 0x77, 0x77, 0x70, 0xBC, 0x00, 0x09, 0x0F, 0xFF, 0xF2, 0x22, 0xFF, 0xFF, 0x22, 0x2F, 0xFF, 0xF2, 0x95,
    0x22, 0x00, 0x90, 0xAB, 0x00, 0x00, 0x07, 0x99, 0x77, 0x04, 0x7F, 0xF7, 0x77, 0x77, 0xE0, 0xBD, 0x00, 0x07, 0xFF, 0x22,
    0x22, 0x2F, 0xF2, 0x22, 0x22, 0xFF, 0x96, 0x22, 0x00, 0x20, 0xAB, 0x00, 0x00, 0xE7, 0x9C, 0x77, 0x00, 0x7E, 0xBF, 0x00,
    0x00, 0x92, 0x9C, 0x22, 0x00, 0x29, 0xAB, 0x00, 0x00, 0xE7, 0x9C, 0x77, 0x00, 0x7E, 0xBF, 0x00, 0x00, 0x92, 0x9C, 0x22,
    0x00, 0x29, 0xAB, 0x00, 0x9D, 0x77, 0x00, 0xE0, 0xBF, 0x00, 0x00, 0x09, 0x9D, 0x22, 0xAB, 0x00, 0x01, 0x0E, 0xE7, 0x9B,
    0x77, 0x00, 0xE0, 0xBF, 0x00, 0x00, 0x09, 0x9B, 0x22, 0x01, 0x29, 0x90, 0xAD, 0x00, 0x00, 0xEE, 0x99, 0x77, 0x00, 0x7E,
    0xC1, 0x00, 0x00, 0x92, 0x99, 0x22, 0x00, 0x99, 0xB0, 0x00, 0x01, 0x0E, 0xEE, 0x97, 0x77, 0x00, 0x70, 0xC1, 0x00, 0x00,
    0x02, 0x97, 0x22, 0x01, 0x99, 0x90, 0xB3, 0x00, 0x01, 0x0E, 0xE7, 0x95, 0x77, 0x00, 0xE0, 0xC1, 0x00, 0x00, 0x09, 0x95,
    0x22, 0x01, 0x29, 0x90, 0xB7, 0x00, 0x01, 0xEE, 0xE7, 0x93, 0x77, 0xC3, 0x00, 0x93, 0x22, 0x01, 0x29, 0x99, 0xBB, 0x00,
    0x00, 0xEE, 0x91, 0x77, 0x00, 0x7E, 0xC3, 0x00, 0x00, 0x92, 0x91, 0x22, 0x00, 0x99, 0xBE, 0x00, 0x01, 0x0E, 0xEE, 0x8F,
    0x77, 0x00, 0x7E, 0xC3, 0x00, 0x00, 0x92, 0x8F, 0x22, 0x01, 0x99, 0x90, 0xC1, 0x00, 0x01, 0x0E, 0xE7, 0x8D, 0x77, 0x00,
    0xE0, 0xC3, 0x00, 0x00, 0x09, 0x8D, 0x22, 0x01, 0x29, 0x90, 0xC5, 0x00, 0x01, 0xEE, 0xE7, 0x8B, 0x77, 0x00, 0xE0, 0xC3,
    0x00, 0x00, 0x09, 0x8B, 0x22, 0x01, 0x29, 0x99, 0xC9, 0x00, 0x00, 0xEE, 0x8A, 0x77, 0xC5, 0x00, 0x8A, 0x22, 0x00, 0x99,
    0xCC, 0x00, 0x01, 0x0E, 0xEE, 0x87, 0x77, 0x00, 0x7E, 0xC5, 0x00, 0x00, 0x92, 0x87, 0x22, 0x01, 0x99, 0x90, 0xCF, 0x00,
    0x01, 0x0E, 0xE7, 0x85, 0x77, 0x00, 0x7E, 0xC5, 0x00, 0x00, 0x92, 0x85, 0x22, 0x01, 0x29, 0x90, 0xD3, 0x00, 0x01, 0xEE,
    0xE7, 0x83, 0x77, 0x00, 0x70, 0xC5, 0x00, 0x00, 0x02, 0x83, 0x22, 0x01, 0x29, 0x99, 0xBE, 0x00, 0x02, 0x0D, 0xDD, 0xD0,
    0x95, 0x00, 0x00, 0xEE, 0x82, 0x77, 0x00, 0xE0, 0xC5, 0x00, 0x00, 0x09, 0x82, 0x22, 0x00, 0x99, 0x95, 0x00, 0x02, 0x0A,
    0xAA, 0xA0, 0xA7, 0x00, 0x05, 0xD6, 0x66, 0x66, 0x6D, 0xDD, 0xD0, 0x93, 0x00, 0x03, 0x0E, 0xEE, 0x77, 0xE0, 0xC5, 0x00,
    0x03, 0x09, 0x22, 0x99, 0x90, 0x93, 0x00, 0x05, 0x0A, 0xAA, 0xA3, 0x33, 0x33, 0x3A, 0xA7, 0x00, 0x00, 0xD6, 0x84, 0x66,
    0x01, 0x6D, 0xDD, 0x93, 0x00, 0x00, 0x0E, 0xC7, 0x00, 0x00, 0x90, 0x93, 0x00, 0x01, 0xAA, 0xA3, 0x84, 0x33, 0x00, 0x3A,
    0xA7, 0x00, 0x00, 0xD6, 0x87, 0x66, 0x01, 0xDD, 0xDD, 0xEB, 0x00, 0x01, 0xAA, 0xAA, 0x87, 0x33, 0x00, 0x3A, 0xA7, 0x00,
    0x8B, 0x66, 0x01, 0xDD, 0xDD, 0xE5, 0x00, 0x01, 0xAA, 0xAA, 0x8B, 0x33, 0xA7, 0x00, 0x8E, 0x66, 0x01, 0xDD, 0xD0, 0xDF,
    0x00, 0x01, 0x0A, 0xAA, 0x8E, 0x33, 0xA7, 0x00, 0x90, 0x66, 0x02, 0x6D, 0xDD, 0xD0, 0xD9, 0x00, 0x02, 0x0A, 0xAA, 0xA3,
    0x90, 0x33, 0xA7, 0x00, 0x93, 0x66, 0x02, 0x6D, 0xDD, 0xD0, 0xD3, 0x00, 0x02, 0x0A, 0xAA, 0xA3, 0x93, 0x33, 0xA6, 0x00,
    0x00, 0x0D, 0x96, 0x66, 0x01, 0x6D, 0xDD, 0xCF, 0x00, 0x01, 0xAA, 0xA3, 0x96, 0x33, 0x00, 0xA0, 0xA5, 0x00, 0x00, 0x0D,
    0x99, 0x66, 0x01, 0xDD, 0xDD, 0xC9, 0x00, 0x01, 0xAA, 0xAA, 0x99, 0x33, 0x00, 0xA0, 0xA5, 0x00, 0x00, 0x0D, 0x9B, 0x66,
    0xC9, 0x00, 0x9B, 0x33, 0x00, 0xA0, 0xA5, 0x00, 0x00, 0x0D, 0x9B, 0x66, 0xC9, 0x00, 0x9B, 0x33, 0x00, 0xA0, 0xA5, 0x00,
    0x00, 0x0D, 0x9B, 0x66, 0xC9, 0x00, 0x9B, 0x33, 0x00, 0xA0, 0xA5, 0x00, 0x00, 0x06, 0x9A, 0x66, 0x00, 0x6D, 0xC9, 0x00,
    0x00, 0xA3, 0x9A, 0x33, 0x00, 0x30, 0xA5, 0x00, 0x00, 0x06, 0x9A, 0x66, 0x00, 0x6D, 0xC9, 0x00, 0x00, 0xA3, 0x9A, 0x33,
    0x00, 0x30, 0xA5, 0x00, 0x00, 0x06, 0x9A, 0x66, 0x00, 0x6D, 0xC9, 0x00, 0x00, 0xA3, 0x9A, 0x33, 0x00, 0x30, 0xA5, 0x00,
    0x00, 0x06, 0x9A, 0x66, 0x00, 0x6D, 0xC9, 0x00, 0x00, 0xA3, 0x9A, 0x33, 0x00, 0x30, 0xA5, 0x00, 0x00, 0x06, 0x9A, 0x66,
    0x00, 0x6D, 0xC9, 0x00, 0x00, 0xA3, 0x9A, 0x33, 0x00, 0x30, 0xA5, 0x00, 0x00, 0x06, 0x9A, 0x66, 0x00, 0x6D, 0xC9, 0x00,
    0x00, 0xA3, 0x9A, 0x33, 0x00, 0x30, 0xA5, 0x00, 0x00, 0x06, 0x9A, 0x66, 0x00, 0x60, 0xC9, 0x00, 0x00, 0x03, 0x9A, 0x33,
    0x00, 0x30, 0xA5, 0x00, 0x00, 0x06, 0x9A, 0x66, 0x00, 0x60, 0xC9, 0x00, 0x00, 0x03, 0x9A, 0x33, 0x00, 0x30, 0xA5, 0x00,
    0x00, 0x06, 0x9A, 0x66, 0x00, 0x60, 0xC9, 0x00, 0x00, 0x03, 0x9A, 0x33, 0x00, 0x30, 0xA5, 0x00, 0x00, 0x06, 0x9A, 0x66,
    0x00, 0x60, 0xC9, 0x00, 0x00, 0x03, 0x9A, 0x33, 0x00, 0x30, 0xA5, 0x00, 0x00, 0x06, 0x9A, 0x66, 0x00, 0x60, 0xC9, 0x00,
    0x00, 0x03, 0x9A, 0x33, 0x00, 0x30, 0xA5, 0x00, 0x00, 0x06, 0x9A, 0x66, 0x00, 0x60, 0xC9, 0x00, 0x00, 0x03, 0x9A, 0x33,
    0x00, 0x30, 0xA5, 0x00, 0x00, 0x06, 0x9A, 0x66, 0x00, 0x60, 0xC9, 0x00, 0x00, 0x03, 0x82, 0x33, 0x00, 0xFF, 0x96, 0x33,
    0x00, 0x30, 0xA5, 0x00, 0x00, 0x06, 0x9A, 0x66, 0x00, 0x60, 0xC9, 0x00, 0x05, 0x03, 0x33, 0x33, 0x3F, 0xFF, 0xF3, 0x95,
    0x33, 0x00, 0x30, 0xA5, 0x00, 0x00, 0x06, 0x9A, 0x66, 0x00, 0x6D, 0xC9, 0x00, 0x02, 0xA3, 0x33, 0x3F, 0x82, 0xFF, 0x00,
    0xF3, 0x94, 0x33, 0x00, 0x30, 0xA5, 0x00, 0x00, 0x06, 0x90, 0x66, 0x01, 0x6F, 0xF6, 0x83, 0x66, 0x04, 0x6F, 0xF6, 0x66,
    0x66, 0x6D, 0xC9, 0x00, 0x01, 0xA3, 0x33, 0x84, 0xFF, 0x94, 0x33, 0x00, 0x30, 0xA5, 0x00, 0x00, 0x06, 0x8F, 0x66, 0x82,
    0xFF, 0x03, 0xF6, 0x6F, 0xF6, 0x66, 0x82, 0xFF, 0x01, 0x66, 0x6D, 0xC9, 0x00, 0x00, 0xAF, 0x82, 0xFF, 0x00, 0x3F, 0x82,
    0xFF, 0x93, 0x33, 0x00, 0x30, 0xA5, 0x00, 0x00, 0x06, 0x8D, 0x66, 0x8C, 0xFF, 0x00, 0xFD, 0xC9, 0x00, 0x82, 0xFF, 0x05,
    0xF3, 0x33, 0x3F, 0xFF, 0xFF, 0xF3, 0x92, 0x33, 0x00, 0x30, 0xA5, 0x00, 0x00, 0x06, 0x8B, 0x66, 0x00, 0x6F, 0x8F, 0xFF,
    0x00, 0xF0, 0xC7, 0x00, 0x02, 0xFF, 0xFF, 0xF3, 0x82, 0x33, 0x02, 0xFF, 0xFF, 0xF3, 0x92, 0x33, 0x00, 0x30, 0xA5, 0x00,
    0x00, 0x06, 0x8B, 0x66, 0x84, 0xFF, 0x01, 0x66, 0x6F, 0x84, 0xFF, 0x00, 0x66, 0x84, 0xFF, 0xC7, 0x00, 0x01, 0xFF, 0xFF,
    0x83, 0x33, 0x02, 0x3F, 0xFF, 0xF3, 0x92, 0x33, 0x00, 0x30, 0xA5, 0x00, 0x00, 0x0D, 0x8B, 0x66, 0x82, 0xFF, 0x00, 0xF6,
    0x82, 0x66, 0x00, 0x6F, 0x82, 0xFF, 0x82, 0x66, 0x00, 0x6F, 0x82, 0xFF, 0xC7, 0x00, 0x01, 0xFF, 0xFF, 0x83, 0x33, 0x02,
    0x3F, 0xFF, 0xF3, 0x92, 0x33, 0x00, 0xA0, 0xA5, 0x00, 0x00, 0x0D, 0x8B, 0x66, 0x01, 0xFF, 0xFF, 0x85, 0x66, 0x01, 0xFF,
    0xFF, 0x85, 0x66, 0x01, 0xFF, 0xFF, 0xC7, 0x00, 0x01, 0xFF, 0xFF, 0x83, 0x33, 0x02, 0x3F, 0xFF, 0xF3, 0x92, 0x33, 0x00,
    0xA0, 0xA5, 0x00, 0x00, 0x0D, 0x8B, 0x66, 0x01, 0xFF, 0xFF, 0x85, 0x66, 0x01, 0xFF, 0xFF, 0x85, 0x66, 0x01, 0xFF, 0xFF,
    0xC7, 0x00, 0x01, 0xFF, 0xFF, 0x83, 0x33, 0x02, 0x3F, 0xFF, 0xF3, 0x92, 0x33, 0x00, 0xA0, 0xA5, 0x00, 0x00, 0x0D, 0x8B,
    0x66, 0x01, 0xFF, 0xFF, 0x85, 0x66, 0x01, 0xFF, 0xFF, 0x85, 0x66, 0x01, 0xFF, 0xFF, 0xC6, 0x00, 0x02, 0x0A, 0xFF, 0xFF,
    0x83, 0x33, 0x02, 0x3F, 0xFF, 0xF3, 0x92, 0x33, 0x00, 0xA0, 0xA5, 0x00, 0x00, 0x0D, 0x8B, 0x66, 0x01, 0xFF, 0xFF, 0x85,
    0x66, 0x01, 0xFF, 0xFF, 0x85, 0x66, 0x01, 0xFF, 0xFF, 0xC6, 0x00, 0x02, 0x0A, 0xFF, 0xFF, 0x83, 0x33, 0x02, 0x3F, 0xFF,
    0xF3, 0x92, 0x33, 0x00, 0xA0, 0xA6, 0x00, 0x8B, 0x66, 0x01, 0xFF, 0xFF, 0x85, 0x66, 0x01, 0xFF, 0xFF, 0x85, 0x66, 0x01,
    0xFF, 0xFF, 0xC6, 0x00, 0x02, 0x0A, 0xFF, 0xFF, 0x83, 0x33, 0x02, 0x3F, 0xFF, 0xF3, 0x83, 0x33, 0x01, 0x3F, 0xF3, 0x8C,
    0x33, 0xA7, 0x00, 0x8B, 0x66, 0x01, 0xFF, 0xFF, 0x85, 0x66, 0x01, 0xFF, 0xFF, 0x85, 0x66, 0x01, 0xFF, 0xFF, 0xC6, 0x00,
    0x02, 0x03, 0xFF, 0xFF, 0x83, 0x33, 0x02, 0x3F, 0xFF, 0xF3, 0x83, 0x33, 0x01, 0xFF, 0xFF, 0x8C, 0x33, 0xA7, 0x00, 0x8B,
    0x66, 0x01, 0xFF, 0xFF, 0x85, 0x66, 0x01, 0xFF, 0xFF, 0x85, 0x66, 0x01, 0xFF, 0xFF, 0xC6, 0x00, 0x02, 0xA3, 0xFF, 0xFF,
    0x83, 0x33, 0x02, 0x3F, 0xFF, 0xF3, 0x83, 0x33, 0x01, 0xFF, 0xFF, 0x8C, 0x33, 0xA7, 0x00, 0x8B, 0x66, 0x01, 0xFF, 0xFF,
    0x85, 0x66, 0x01, 0xFF, 0xFF, 0x85, 0x66, 0x01, 0xFF, 0xFF, 0xC6, 0x00, 0x02, 0xA3, 0xFF, 0xFF, 0x83, 0x33, 0x02, 0x3F,
    0xFF, 0xF3, 0x83, 0x33, 0x01, 0xFF, 0xFF, 0x8C, 0x33, 0xA7, 0x00, 0x00, 0xD6, 0x8A, 0x66, 0x01, 0xFF, 0xFF, 0x85, 0x66,
    0x01, 0xFF, 0xFF, 0x85, 0x66, 0x01, 0xFF, 0xFF, 0xC6, 0x00, 0x02, 0xA3, 0xFF, 0xFF, 0x83, 0x33, 0x02, 0x3F, 0xFF, 0xF3,
    0x83, 0x33, 0x01, 0xFF, 0xFF, 0x8B, 0x33, 0x00, 0x3A, 0xA7, 0x00, 0x00, 0xD6, 0x8A, 0x66, 0x01, 0xFF, 0xFF, 0x85, 0x66,
    0x01, 0xFF, 0xFF, 0x85, 0x66, 0x01, 0xFF, 0xFF, 0xC6, 0x00, 0x02, 0x33, 0xFF, 0xFF, 0x83, 0x33, 0x02, 0x3F, 0xFF, 0xF3,
    0x83, 0x33, 0x01, 0xFF, 0xFF, 0x8B, 0x33, 0x00, 0x3A, 0xA7, 0x00, 0x00, 0xD6, 0x8A, 0x66, 0x01, 0xFF, 0xFF, 0x85, 0x66,
    0x01, 0xFF, 0xFF, 0x85, 0x66, 0x01, 0xFF, 0xFF, 0xC5, 0x00, 0x00, 0x0A, 0x82, 0xFF, 0x83, 0x33, 0x08, 0x3F, 0xFF, 0xF3,
    0x33, 0x33, 0xFF, 0x33, 0xFF, 0xFF, 0x8B, 0x33, 0x00, 0x3A, 0xA7, 0x00, 0x00, 0x06, 0x8A, 0x66, 0x01, 0xFF, 0xFF, 0x85,
    0x66, 0x01, 0xFF, 0xFF, 0x85, 0x66, 0x01, 0xFF, 0xFF, 0xC5, 0x00, 0x00, 0x0F, 0x82, 0xFF, 0x83, 0x33, 0x08, 0x3F, 0xFF,
    0xF3, 0x33, 0x3F, 0xFF, 0xF3, 0xFF, 0xFF, 0x8B, 0x33, 0x00, 0x30, 0xA7, 0x00, 0x00, 0x06, 0x8A, 0x66, 0x01, 0xFF, 0xFF,
    0x85, 0x66, 0x01, 0xFF, 0xFF, 0x85, 0x66, 0x01, 0xFF, 0xFF, 0xC5, 0x00, 0x00, 0x0F, 0x82, 0xFF, 0x83, 0x33, 0x08, 0x3F,
    0xFF, 0xF3, 0x33, 0x3F, 0xFF, 0xF3, 0xFF, 0xFF, 0x8B, 0x33, 0x00, 0x30, 0xA7, 0x00, 0x00, 0x0D, 0x8A, 0x66, 0x01, 0xFF,
    0xFF, 0x85, 0x66, 0x01, 0xFF, 0xFF, 0x85, 0x66, 0x01, 0xFF, 0xFF, 0xC5, 0x00, 0x00, 0xAF, 0x82, 0xFF, 0x83, 0x33, 0x08,
    0x3F, 0xFF, 0xF3, 0x33, 0x3F, 0xFF, 0xF3, 0xFF, 0xFF, 0x8B, 0x33, 0x00, 0xA0, 0xA7, 0x00, 0x00, 0x0D, 0x8A, 0x66, 0x01,
    0xFF, 0xFF, 0x85, 0x66, 0x01, 0xFF, 0xFF, 0x85, 0x66, 0x01, 0xFF, 0xFF, 0xC5, 0x00, 0x00, 0xAF, 0x83, 0xFF, 0x0B, 0x33,
    0x33, 0x3F, 0xFF, 0xFF, 0xF3, 0x33, 0x3F, 0xFF, 0xF3, 0xFF, 0xFF, 0x8B, 0x33, 0x00, 0xA0, 0xA7, 0x00, 0x00, 0x0D, 0x8A,
    0x66, 0x01, 0xFF, 0xFF, 0x85, 0x66, 0x01, 0xFF, 0xFF, 0x85, 0x66, 0x01, 0xFF, 0xFF, 0xC5, 0x00, 0x00, 0x3F, 0x84, 0xFF,
    0x00, 0x33, 0x82, 0xFF, 0x06, 0x33, 0x33, 0x3F, 0xFF, 0xF3, 0xFF, 0xFF, 0x8B, 0x33, 0x00, 0xA0, 0xA7, 0x00, 0x00, 0x0D,
    0x8A, 0x66, 0x01, 0xFF, 0xFF, 0x82, 0x66, 0x0D, 0x6F, 0xF6, 0x66, 0xFF, 0xFF, 0x66, 0x6F, 0xFF, 0xF6, 0x66, 0x66, 0xFF,
    0xFF, 0xD0, 0xC3, 0x00, 0x01, 0x0A, 0x33, 0x87, 0xFF, 0x07, 0x33, 0x33, 0xFF, 0x3F, 0xFF, 0xF3, 0xFF, 0xFF, 0x8B, 0x33,
    0x00, 0xA0, 0xA8, 0x00, 0x8A, 0x66, 0x86, 0xFF, 0x03, 0xF6, 0xFF, 0xFF, 0x6F, 0x86, 0xFF, 0x00, 0xD0, 0xC3, 0x00, 0x05,
    0x0A, 0x33, 0x3F, 0xFF, 0xFF, 0x3F, 0x83, 0xFF, 0x01, 0xF3, 0x3F, 0x82, 0xFF, 0x02, 0xF3, 0xFF, 0xFF, 0x8B, 0x33, 0xA9,
    0x00, 0x00, 0xD6, 0x89, 0x66, 0x91, 0xFF, 0x00, 0x6D, 0xC3, 0x00, 0x06, 0xA3, 0x33, 0x33, 0xFF, 0xFF, 0xF3, 0x3F, 0x83,
    0xFF, 0x00, 0x3F, 0x82, 0xFF, 0x02, 0xF3, 0xFF, 0xFF, 0x8A, 0x33, 0x00, 0x3A, 0xA9, 0x00, 0x00, 0xD6, 0x89, 0x66, 0x91,
    0xFF, 0x00, 0x6D, 0xC3, 0x00, 0x03, 0xA3, 0x33, 0x33, 0x3F, 0x86, 0xFF, 0x00, 0x3F, 0x82, 0xFF, 0x02, 0xF3, 0xFF, 0xFF,
    0x8A, 0x33, 0x00, 0x3A, 0xA9, 0x00, 0x00, 0xD6, 0x89, 0x66, 0x06, 0x6F, 0xFF, 0xFF, 0xF6, 0x66, 0x66, 0x6F, 0x83, 0xFF,
    0x00, 0xF6, 0x82, 0x66, 0x03, 0x6F, 0xFF, 0xF6, 0x66, 0xC3, 0x00, 0x83, 0x33, 0x85, 0xFF, 0x01, 0xF3, 0x3F, 0x82, 0xFF,
    0x02, 0xF3, 0xFF, 0xFF, 0x8A, 0x33, 0x00, 0x3A, 0xA9, 0x00, 0x00, 0x06, 0x90, 0x66, 0x02, 0x6F, 0xFF, 0xFF, 0x88, 0x66,
    0x00, 0xD0, 0xC1, 0x00, 0x00, 0x0A, 0x83, 0x33, 0x00, 0x3F, 0x83, 0xFF, 0x02, 0xF3, 0x33, 0x3F, 0x82, 0xFF, 0x02, 0xF3,
    0xFF, 0xFF, 0x8A, 0x33, 0x00, 0x30, 0xA9, 0x00, 0x00, 0x0D, 0x91, 0x66, 0x01, 0xFF, 0xFF, 0x88, 0x66, 0x00, 0x60, 0xC1,
    0x00, 0x00, 0x03, 0x85, 0x33, 0x05, 0xFF, 0xFF, 0xF3, 0x33, 0x33, 0x3F, 0x82, 0xFF, 0x02, 0xF3, 0xFF, 0xFF, 0x8A, 0x33,
    0x00, 0xA0, 0xA9, 0x00, 0x00, 0x0D, 0x91, 0x66, 0x01, 0x6F, 0xF6, 0x88, 0x66, 0x00, 0x6D, 0xC1, 0x00, 0x00, 0xA3, 0x85,
    0x33, 0x05, 0x3F, 0xFF, 0xF3, 0x33, 0x33, 0x3F, 0x82, 0xFF, 0x02, 0xF3, 0xFF, 0xFF, 0x8A, 0x33, 0x00, 0xA0, 0xA9, 0x00,
    0x00, 0x0D, 0x9D, 0x66, 0x00, 0xD0, 0xBF, 0x00, 0x00, 0x0A, 0x84, 0x33, 0x85, 0xFF, 0x01, 0xF3, 0x3F, 0x82, 0xFF, 0x02,
    0xF3, 0xFF, 0xFF, 0x8A, 0x33, 0x00, 0xA0, 0xAA, 0x00, 0x9D, 0x66, 0x00, 0xD0, 0xBF, 0x00, 0x00, 0x0A, 0x83, 0x33, 0x00,
    0x3F, 0x86, 0xFF, 0x06, 0x33, 0xFF, 0x33, 0xFF, 0x33, 0x3F, 0xF3, 0x8A, 0x33, 0xAB, 0x00, 0x00, 0xD6, 0x9C, 0x66, 0x00,
    0x6D, 0xBF, 0x00, 0x00, 0xA3, 0x83, 0x33, 0x00, 0x3F, 0x86, 0xFF, 0x90, 0x33, 0x00, 0x3A, 0xAB, 0x00, 0x00, 0xD6, 0x9C,
    0x66, 0x00, 0x6D, 0xBF, 0x00, 0x00, 0xA3, 0x84, 0x33, 0x85, 0xFF, 0x00, 0xF3, 0x90, 0x33, 0x00, 0x3A, 0xAB, 0x00, 0x00,
    0x06, 0x9D, 0x66, 0x00, 0xD0, 0xBD, 0x00, 0x00, 0x0A, 0x9D, 0x33, 0x00, 0x30, 0xAB, 0x00, 0x00, 0x0D, 0x9D, 0x66, 0x00,
    0x60, 0xBD, 0x00, 0x00, 0x03, 0x9D, 0x33, 0x00, 0xA0, 0xAB, 0x00, 0x00, 0x0D, 0x9D, 0x66, 0x00, 0x6D, 0xBD, 0x00, 0x00,
    0xA3, 0x9D, 0x33, 0x00, 0xA0, 0xAC, 0x00, 0x9E, 0x66, 0x00, 0xD0, 0xBB, 0x00, 0x00, 0x0A, 0x9E, 0x33, 0xAD, 0x00, 0x00,
    0xD6, 0x9D, 0x66, 0x00, 0x6D, 0xBB, 0x00, 0x00, 0xA3, 0x9D, 0x33, 0x00, 0x3A, 0xAD, 0x00, 0x00, 0xD6, 0x9D, 0x66, 0x00,
    0xDD, 0xBB, 0x00, 0x00, 0xAA, 0x9D, 0x33, 0x00, 0x3A, 0xAD, 0x00, 0x00, 0x06, 0x9C, 0x66, 0x00, 0x6D, 0xBD, 0x00, 0x00,
    0xA3, 0x9C, 0x33, 0x00, 0x30, 0xAD, 0x00, 0x00, 0x0D, 0x9C, 0x66, 0x00, 0xD0, 0xBD, 0x00, 0x00, 0x0A, 0x9C, 0x33, 0x00,
    0xA0, 0xAD, 0x00, 0x00, 0x0D, 0x9B, 0x66, 0x00, 0xDD, 0xBF, 0x00, 0x00, 0xAA, 0x9B, 0x33, 0x00, 0xA0, 0xAE, 0x00, 0x00,
    0xD6, 0x99, 0x66, 0x00, 0x6D, 0xC1, 0x00, 0x00, 0xA3, 0x99, 0x33, 0x00, 0x3A, 0xAF, 0x00, 0x00, 0xD6, 0x99, 0x66, 0x00,
    0xD0, 0x83, 0x00, 0x00, 0xCC, 0xB7, 0x00, 0x00, 0xBB, 0x83, 0x00, 0x00, 0x0A, 0x99, 0x33, 0x00, 0x3A, 0xAF, 0x00, 0x00,
    0x06, 0x98, 0x66, 0x00, 0xD0, 0x83, 0x00, 0x02, 0x0C, 0x55, 0xC0, 0xB5, 0x00, 0x02, 0x0B, 0x44, 0xB0, 0x83, 0x00, 0x00,
    0x0A, 0x98, 0x33, 0x00, 0x30, 0xAF, 0x00, 0x00, 0x0D, 0x97, 0x66, 0x00, 0x6D, 0x84, 0x00, 0x02, 0xC5, 0x55, 0x5C, 0xB5,
    0x00, 0x02, 0xB4, 0x44, 0x4B, 0x84, 0x00, 0x00, 0xA3, 0x97, 0x33, 0x00, 0xA0, 0xAF, 0x00, 0x00, 0x0D, 0x96, 0x66, 0x01,
    0x6D, 0xD0, 0x83, 0x00, 0x00, 0x0C, 0x82, 0x55, 0x00, 0xC0, 0xB3, 0x00, 0x00, 0x0B, 0x82, 0x44, 0x00, 0xB0, 0x83, 0x00,
    0x01, 0x0A, 0xA3, 0x96, 0x33, 0x00, 0xA0, 0xB0, 0x00, 0x00, 0xD6, 0x95, 0x66, 0x00, 0xD0, 0x84, 0x00, 0x00, 0xC5, 0x82,
    0x55, 0x00, 0x5C, 0xB3, 0x00, 0x00, 0xB4, 0x82, 0x44, 0x00, 0x4B, 0x84, 0x00, 0x00, 0x0A, 0x95, 0x33, 0x00, 0x3A, 0xB1,
    0x00, 0x00, 0xD6, 0x94, 0x66, 0x00, 0x6D, 0x84, 0x00, 0x00, 0xCC, 0x84, 0x55, 0x00, 0xC0, 0xB1, 0x00, 0x00, 0x0B, 0x84,
    0x44, 0x00, 0xBB, 0x84, 0x00, 0x00, 0xA3, 0x94, 0x33, 0x00, 0x3A, 0xB1, 0x00, 0x00, 0x0D, 0x93, 0x66, 0x01, 0x6D, 0xD0,
    0x83, 0x00, 0x00, 0x0C, 0x85, 0x55, 0x00, 0x5C, 0xB1, 0x00, 0x00, 0xB4, 0x85, 0x44, 0x00, 0xB0, 0x83, 0x00, 0x01, 0x0A,
    0xA3, 0x93, 0x33, 0x00, 0xA0, 0xB1, 0x00, 0x00, 0x0D, 0x93, 0x66, 0x00, 0xD0, 0x84, 0x00, 0x00, 0xC5, 0x86, 0x55, 0x00,
    0xC0, 0xAF, 0x00, 0x00, 0x0B, 0x86, 0x44, 0x00, 0x4B, 0x84, 0x00, 0x00, 0x0A, 0x93, 0x33, 0x00, 0xA0, 0xB2, 0x00, 0x92,
    0x66, 0x00, 0x6D, 0x84, 0x00, 0x00, 0x0C, 0x88, 0x55, 0x00, 0xC0, 0xAD, 0x00, 0x00, 0x0B, 0x88, 0x44, 0x00, 0xB0, 0x84,
    0x00, 0x00, 0xA3, 0x92, 0x33, 0xB3, 0x00, 0x00, 0xD6, 0x90, 0x66, 0x00, 0x6D, 0x85, 0x00, 0x00, 0xC5, 0x88, 0x55, 0x00,
    0x5C, 0xAD, 0x00, 0x00, 0xB4, 0x88, 0x44, 0x00, 0x4B, 0x85, 0x00, 0x00, 0xA3, 0x90, 0x33, 0x00, 0x3A, 0xB3, 0x00, 0x00,
    0x06, 0x90, 0x66, 0x00, 0xD0, 0x84, 0x00, 0x00, 0x0C, 0x8A, 0x55, 0x00, 0xC0, 0xAB, 0x00, 0x00, 0x0B, 0x8A, 0x44, 0x00,
    0xB0, 0x84, 0x00, 0x00, 0x0A, 0x90, 0x33, 0x00, 0x30, 0xB3, 0x00, 0x00, 0x0D, 0x8F, 0x66, 0x00, 0xDD, 0x85, 0x00, 0x00,
    0xC5, 0x8A, 0x55, 0x01, 0x5C, 0xC0, 0xA9, 0x00, 0x01, 0x0B, 0xB4, 0x8A, 0x44, 0x00, 0x4B, 0x85, 0x00, 0x00, 0xAA, 0x8F,
    0x33, 0x00, 0xA0, 0xB4, 0x00, 0x00, 0xD6, 0x8D, 0x66, 0x00, 0x6D, 0x85, 0x00, 0x00, 0xCC, 0x8C, 0x55, 0x00, 0x5C, 0xA9,
    0x00, 0x00, 0xB4, 0x8C, 0x44, 0x00, 0xBB, 0x85, 0x00, 0x00, 0xA3, 0x8D, 0x33, 0x00, 0x3A, 0xB5, 0x00, 0x00, 0xD6, 0x8D,
    0x66, 0x00, 0xD0, 0x84, 0x00, 0x00, 0x0C, 0x8E, 0x55, 0x00, 0xC0, 0xA7, 0x00, 0x00, 0x0B, 0x8E, 0x44, 0x00, 0xB0, 0x84,
    0x00, 0x00, 0x0A, 0x8D, 0x33, 0x00, 0x3A, 0xB5, 0x00, 0x00, 0x0D, 0x8C, 0x66, 0x00, 0xD0, 0x85, 0x00, 0x00, 0xC5, 0x8F,
    0x55, 0x00, 0xC0, 0xA5, 0x00, 0x00, 0x0B, 0x8F, 0x44, 0x00, 0x4B, 0x85, 0x00, 0x00, 0x0A, 0x8C, 0x33, 0x00, 0xA0, 0xB5,
    0x00, 0x00, 0x0D, 0x8B, 0x66, 0x00, 0x6D, 0x85, 0x00, 0x00, 0x0C, 0x90, 0x55, 0x01, 0x5C, 0xC0, 0xA3, 0x00, 0x01, 0x0B,
    0xB4, 0x90, 0x44, 0x00, 0xB0, 0x85, 0x00, 0x00, 0xA3, 0x8B, 0x33, 0x00, 0xA0, 0xB6, 0x00, 0x00, 0xD6, 0x8A, 0x66, 0x00,
    0xD0, 0x85, 0x00, 0x00, 0xC5, 0x91, 0x55, 0x01, 0x5C, 0xC0, 0xA1, 0x00, 0x01, 0x0B, 0xB4, 0x91, 0x44, 0x00, 0x4B, 0x85,
    0x00, 0x00, 0x0A, 0x8A, 0x33, 0x00, 0x3A, 0xB7, 0x00, 0x00, 0x06, 0x89, 0x66, 0x00, 0xD0, 0x85, 0x00, 0x00, 0x0C, 0x89,
    0x55, 0x90, 0xFF, 0x9B, 0x00, 0x00, 0xB4, 0x93, 0x44, 0x00, 0xB0, 0x85, 0x00, 0x00, 0x0A, 0x89, 0x33, 0x00, 0x30, 0xB7,
    0x00, 0x00, 0x0D, 0x88, 0x66, 0x00, 0x6D, 0x86, 0x00, 0x00, 0xC5, 0x88, 0x55, 0x00, 0x5F, 0x90, 0xFF, 0x00, 0xF0, 0x99,
    0x00, 0x00, 0xB4, 0x94, 0x44, 0x00, 0x4B, 0x86, 0x00, 0x00, 0xA3, 0x88, 0x33, 0x00, 0xA0, 0xB8, 0x00, 0x00, 0xD6, 0x86,
    0x66, 0x01, 0x6D, 0xD0, 0x85, 0x00, 0x00, 0xC5, 0x89, 0x55, 0x00, 0x5F, 0x90, 0xFF, 0x00, 0xF0, 0x94, 0x00, 0x8D, 0xFF,
    0x8D, 0x44, 0x00, 0x4B, 0x85, 0x00, 0x01, 0x0A, 0xA3, 0x86, 0x33, 0x00, 0x3A, 0xB9, 0x00, 0x00, 0xD6, 0x86, 0x66, 0x00,
    0xD0, 0x85, 0x00, 0x00, 0x0C, 0x8A, 0x55, 0x00, 0x5F, 0x90, 0xFF, 0x00, 0xF0, 0x93, 0x00, 0x00, 0x0F, 0x8D, 0xFF, 0x02,
    0xF4, 0x44, 0xFF, 0x8B, 0x44, 0x00, 0xB0, 0x85, 0x00, 0x00, 0x0A, 0x86, 0x33, 0x00, 0x3A, 0xB9, 0x00, 0x00, 0x0D, 0x85,
    0x66, 0x00, 0x6D, 0x86, 0x00, 0x00, 0xC5, 0x8A, 0x55, 0x02, 0x5F, 0xFF, 0xF5, 0x89, 0x55, 0x05, 0xFF, 0x55, 0x55, 0xCF,
    0xFF, 0xF0, 0x93, 0x00, 0x00, 0x0F, 0x8D, 0xFF, 0x03, 0xF4, 0x4F, 0xFF, 0xF4, 0x8A, 0x44, 0x00, 0x4B, 0x86, 0x00, 0x00,
    0xA3, 0x85, 0x33, 0x00, 0xA0, 0xBA, 0x00, 0x84, 0x66, 0x00, 0x6D, 0x86, 0x00, 0x00, 0x0C, 0x8B, 0x55, 0x02, 0x5F, 0xFF,
    0xF5, 0x88, 0x55, 0x06, 0x5F, 0xFF, 0xFF, 0x55, 0x5F, 0xFF, 0xF0, 0x93, 0x00, 0x00, 0x0F, 0x8D, 0xFF, 0x03, 0xF4, 0xFF,
    0xFF, 0xF4, 0x8B, 0x44, 0x00, 0xB0, 0x86, 0x00, 0x00, 0xA3, 0x84, 0x33, 0xBB, 0x00, 0x00, 0xD6, 0x83, 0x66, 0x00, 0xD0,
    0x86, 0x00, 0x00, 0xC5, 0x8B, 0x55, 0x02, 0x5F, 0xFF, 0xF5, 0x88, 0x55, 0x82, 0xFF, 0x05, 0x55, 0x5F, 0xFF, 0xF5, 0xCC,
    0xC0, 0x8F, 0x00, 0x04, 0x0B, 0xBB, 0x4F, 0xFF, 0xF4, 0x89, 0x44, 0x00, 0x4F, 0x83, 0xFF, 0x00, 0xF4, 0x8B, 0x44, 0x00,
    0x4B, 0x86, 0x00, 0x00, 0x0A, 0x83, 0x33, 0x00, 0x3A, 0xBB, 0x00, 0x00, 0x0D, 0x82, 0x66, 0x00, 0x6D, 0x86, 0x00, 0x00,
    0x0C, 0x8C, 0x55, 0x02, 0x5F, 0xFF, 0xF5, 0x88, 0x55, 0x82, 0xFF, 0x07, 0x55, 0x5F, 0xFF, 0xF5, 0x55, 0x55, 0xCC, 0xC0,
    0x8B, 0x00, 0x06, 0x0B, 0xBB, 0x44, 0x44, 0x4F, 0xFF, 0xF4, 0x82, 0x44, 0x01, 0x4F, 0xF4, 0x84, 0x44, 0x00, 0x4F, 0x83,
    0xFF, 0x00, 0xF4, 0x8C, 0x44, 0x00, 0xB0, 0x86, 0x00, 0x00, 0xA3, 0x82, 0x33, 0x00, 0xA0, 0xBC, 0x00, 0x02, 0x66, 0x66,
    0x6D, 0x86, 0x00, 0x01, 0x0C, 0xC5, 0x8C, 0x55, 0x02, 0x5F, 0xFF, 0xF5, 0x88, 0x55, 0x06, 0x5F, 0xFF, 0xFF, 0x55, 0x5F,
    0xFF, 0xF5, 0x84, 0x55, 0x82, 0xCC, 0x83, 0x00, 0x82, 0xBB, 0x84, 0x44, 0x02, 0x4F, 0xFF, 0xF4, 0x82, 0x44, 0x01, 0xFF,
    0xFF, 0x84, 0x44, 0x00, 0x4F, 0x83, 0xFF, 0x00, 0xF4, 0x8C, 0x44, 0x01, 0x4B, 0xB0, 0x86, 0x00, 0x02, 0xA3, 0x33, 0x33,
    0xBD, 0x00, 0x02, 0xD6, 0x66, 0xD0, 0x86, 0x00, 0x00, 0xC5, 0x8D, 0x55, 0x02, 0x5F, 0xFF, 0xF5, 0x88, 0x55, 0x06, 0x5F,
    0xFF, 0xF5, 0x55, 0x5F, 0xFF, 0xF5, 0x87, 0x55, 0x83, 0x00, 0x87, 0x44, 0x02, 0x4F, 0xFF, 0xF4, 0x82, 0x44, 0x82, 0xFF,
    0x83, 0x44, 0x05, 0x4F, 0xFF, 0xFF, 0x4F, 0xFF, 0xF4, 0x8D, 0x44, 0x00, 0x4B, 0x86, 0x00, 0x02, 0x0A, 0x33, 0x3A, 0xBD,
    0x00, 0x01, 0x0D, 0xDD, 0x86, 0x00, 0x00, 0x0C, 0x8E, 0x55, 0x02, 0x5F, 0xFF, 0xF5, 0x88, 0x55, 0x06, 0x5F, 0xF5, 0x55,
    0x55, 0x5F, 0xFF, 0xF5, 0x87, 0x55, 0x83, 0x00, 0x87, 0x44, 0x02, 0x4F, 0xFF, 0xF4, 0x82, 0x44, 0x82, 0xFF, 0x00, 0xF4,
    0x82, 0x44, 0x05, 0x4F, 0xFF, 0xF4, 0x4F, 0xFF, 0xF4, 0x8E, 0x44, 0x00, 0xB0, 0x86, 0x00, 0x01, 0xAA, 0xA0, 0xC6, 0x00,
    0x00, 0xC5, 0x8E, 0x55, 0x02, 0x5F, 0xFF, 0xF5, 0x88, 0x55, 0x06, 0xFF, 0xFF, 0x55, 0x55, 0x5F, 0xFF, 0xF5, 0x87, 0x55,
    0x83, 0x00, 0x87, 0x44, 0x02, 0x4F, 0xFF, 0xF4, 0x82, 0x44, 0x83, 0xFF, 0x08, 0xF4, 0x44, 0x44, 0x4F, 0xFF, 0xF4, 0x4F,
    0xFF, 0xF4, 0x8E, 0x44, 0x00, 0x4B, 0xCE, 0x00, 0x00, 0x0C, 0x8F, 0x55, 0x02, 0x5F, 0xFF, 0xF5, 0x88, 0x55, 0x06, 0xFF,
    0xFF, 0x55, 0x55, 0x5F, 0xFF, 0xF5, 0x87, 0x55, 0x83, 0x00, 0x87, 0x44, 0x02, 0x4F, 0xFF, 0xF4, 0x82, 0x44, 0x84, 0xFF,
    0x07, 0x44, 0x44, 0x4F, 0xFF, 0xF4, 0x4F, 0xFF, 0xF4, 0x8F, 0x44, 0x00, 0xB0, 0xCD, 0x00, 0x00, 0xC5, 0x8F, 0x55, 0x02,
    0x5F, 0xFF, 0xF5, 0x83, 0x55, 0x00, 0xFF, 0x82, 0x55, 0x07, 0x5F, 0xFF, 0xFF, 0xF5, 0x55, 0x5F, 0xFF, 0xF5, 0x87, 0x55,
    0x83, 0x00, 0x87, 0x44, 0x02, 0x4F, 0xFF, 0xF4, 0x82, 0x44, 0x02, 0xFF, 0xFF, 0x4F, 0x82, 0xFF, 0x06, 0x44, 0x4F, 0xFF,
    0xF4, 0x4F, 0xFF, 0xF4, 0x8F, 0x44, 0x00, 0x4B, 0xCC, 0x00, 0x00, 0x0C, 0x90, 0x55, 0x02, 0x5F, 0xFF, 0xF5, 0x82, 0x55,
    0x04, 0x5F, 0xFF, 0xF5, 0x55, 0x55, 0x82, 0xFF, 0x04, 0xF5, 0x55, 0x5F, 0xFF, 0xF5, 0x87, 0x55, 0x83, 0x00, 0x87, 0x44,
    0x02, 0x4F, 0xFF, 0xF4, 0x82, 0x44, 0x0C, 0xFF, 0xFF, 0x44, 0x4F, 0xFF, 0xFF, 0xF4, 0x4F, 0xFF, 0xF4, 0x4F, 0xFF, 0xF4,
    0x90, 0x44, 0x00, 0xB0, 0xCA, 0x00, 0x01, 0x0C, 0xC5, 0x90, 0x55, 0x02, 0x5F, 0xFF, 0xF5, 0x82, 0x55, 0x04, 0x5F, 0xFF,
    0xFF, 0x55, 0x5F, 0x83, 0xFF, 0x03, 0x55, 0x5F, 0xFF, 0xF5, 0x87, 0x55, 0x83, 0x00, 0x87, 0x44, 0x02, 0x4F, 0xFF, 0xF4,
    0x82, 0x44, 0x0C, 0xFF, 0xFF, 0x44, 0x4F, 0xFF, 0xFF, 0xF4, 0x4F, 0xFF, 0xF4, 0x4F, 0xFF, 0xF4, 0x90, 0x44, 0x01, 0x4B,
    0xB0, 0xC9, 0x00, 0x00, 0xC5, 0x91, 0x55, 0x02, 0x5F, 0xFF, 0xF5, 0x82, 0x55, 0x82, 0xFF, 0x09, 0xF5, 0x5F, 0xFF, 0xF5,
    0x5F, 0xFF, 0x55, 0x5F, 0xFF, 0xF5, 0x87, 0x55, 0x83, 0x00, 0x87, 0x44, 0x02, 0x4F, 0xFF, 0xF4, 0x82, 0x44, 0x02, 0xFF,
    0xFF, 0x44, 0x82, 0xFF, 0x06, 0x44, 0x4F, 0xFF, 0xF4, 0x4F, 0xFF, 0xF4, 0x91, 0x44, 0x00, 0x4B, 0xC8, 0x00, 0x00, 0x0C,
    0x92, 0x55, 0x05, 0x5F, 0xFF, 0xF5, 0x55, 0x55, 0x5F, 0x85, 0xFF, 0x06, 0x55, 0x5F, 0xFF, 0xF5, 0x5F, 0xFF, 0xF5, 0x86,
    0x55, 0x00, 0x5C, 0x83, 0x00, 0x00, 0xB4, 0x86, 0x44, 0x02, 0x4F, 0xFF, 0xF4, 0x82, 0x44, 0x84, 0xFF, 0x07, 0x44, 0x44,
    0x4F, 0xFF, 0xF4, 0x4F, 0xFF, 0xF4, 0x92, 0x44, 0x00, 0xB0, 0xC7, 0x00, 0x00, 0xC5, 0x92, 0x55, 0x07, 0x5F, 0xFF, 0xF5,
    0x55, 0x55, 0xFF, 0xFF, 0xF5, 0x83, 0xFF, 0x06, 0x55, 0x55, 0xFF, 0xF5, 0x5F, 0xFF, 0xF5, 0x86, 0x55, 0x00, 0x5C, 0x83,
    0x00, 0x00, 0xB4, 0x86, 0x44, 0x02, 0x4F, 0xFF, 0xF4, 0x82, 0x44, 0x83, 0xFF, 0x08, 0xF4, 0x44, 0x44, 0x4F, 0xFF, 0xF4,
    0x4F, 0xFF, 0xF4, 0x92, 0x44, 0x00, 0x4B, 0xC6, 0x00, 0x00, 0x0C, 0x93, 0x55, 0x12, 0x5F, 0xFF, 0xF5, 0x55, 0x5F, 0xFF,
    0xFF, 0x55, 0x5F, 0xFF, 0xFF, 0xF5, 0x55, 0x55, 0xFF, 0xFF, 0x5F, 0xFF, 0xF5, 0x86, 0x55, 0x00, 0x5C, 0x83, 0x00, 0x00,
    0xB4, 0x86, 0x44, 0x02, 0x4F, 0xFF, 0xF4, 0x82, 0x44, 0x82, 0xFF, 0x00, 0xF4, 0x82, 0x44, 0x05, 0x4F, 0xFF, 0xF4, 0x4F,
    0xFF, 0xF4, 0x93, 0x44, 0x00, 0xB0, 0xC5, 0x00, 0x00, 0x0C, 0x93, 0x55, 0x0A, 0x5F, 0xFF, 0xF5, 0x55, 0xFF, 0xFF, 0xF5,
    0x55, 0x55, 0xFF, 0xFF, 0x82, 0x55, 0x04, 0x5F, 0xFF, 0x5F, 0xFF, 0xF5, 0x86, 0x55, 0x00, 0x5C, 0x83, 0x00, 0x00, 0xB4,
    0x86, 0x44, 0x02, 0x4F, 0xFF, 0xF4, 0x82, 0x44, 0x82, 0xFF, 0x83, 0x44, 0x05, 0x4F, 0xFF, 0xF4, 0x4F, 0xFF, 0xF4, 0x93,
    0x44, 0x00, 0xB0, 0xC6, 0x00, 0x00, 0xC5, 0x92, 0x55, 0x05, 0x5F, 0xFF, 0xF5, 0x5F, 0xFF, 0xFF, 0x82, 0x55, 0x01, 0x5F,
    0xF5, 0x82, 0x55, 0x00, 0x5F, 0x82, 0xFF, 0x00, 0xF5, 0x86, 0x55, 0x00, 0x5C, 0x83, 0x00, 0x00, 0xB4, 0x86, 0x44, 0x02,
    0x4F, 0xFF, 0xF4, 0x82, 0x44, 0x01, 0xFF, 0xFF, 0x84, 0x44, 0x00, 0x4F, 0x83, 0xFF, 0x00, 0xF4, 0x92, 0x44, 0x00, 0x4B,
    0xC7, 0x00, 0x00, 0x0C, 0x92, 0x55, 0x05, 0x5F, 0xFF, 0xF5, 0xFF, 0xFF, 0xF5, 0x88, 0x55, 0x82, 0xFF, 0x00, 0xF5, 0x86,
    0x55, 0x00, 0x5C, 0x83, 0x00, 0x00, 0xB4, 0x86, 0x44, 0x02, 0x4F, 0xFF, 0xF4, 0x82, 0x44, 0x01, 0x4F, 0xF4, 0x84, 0x44,
    0x00, 0x4F, 0x83, 0xFF, 0x00, 0xF4, 0x92, 0x44, 0x00, 0xB0, 0xC8, 0x00, 0x00, 0xC5, 0x91, 0x55, 0x00, 0x5F, 0x83, 0xFF,
    0x89, 0x55, 0x82, 0xFF, 0x00, 0xF5, 0x86, 0x55, 0x00, 0x5C, 0x83, 0x00, 0x00, 0xB4, 0x86, 0x44, 0x02, 0x4F, 0xFF, 0xF4,
    0x89, 0x44, 0x00, 0x4F, 0x83, 0xFF, 0x00, 0xF4, 0x91, 0x44, 0x00, 0x4B, 0xC9, 0x00, 0x00, 0x0C, 0x91, 0x55, 0x00, 0x5F,
    0x82, 0xFF, 0x00, 0xF5, 0x89, 0x55, 0x82, 0xFF, 0x00, 0xF5, 0x86, 0x55, 0x00, 0x5C, 0x83, 0x00, 0x00, 0xB4, 0x86, 0x44,
    0x00, 0x4F, 0x90, 0xFF, 0x00, 0xF4, 0x91, 0x44, 0x00, 0xB0, 0xCA, 0x00, 0x91, 0x55, 0x03, 0x5F, 0xFF, 0xF5, 0xFF, 0x8A,
    0x55, 0x03, 0x5F, 0xFF, 0xFF, 0xF5, 0x86, 0x55, 0x00, 0x5C, 0x83, 0x00, 0x00, 0xB4, 0x86, 0x44, 0x00, 0x4F, 0x8D, 0xFF,
    0x03, 0xF4, 0x4F, 0xFF, 0xF4, 0x91, 0x44, 0xCB, 0x00, 0x00, 0xC5, 0x90, 0x55, 0x00, 0x5F, 0x90, 0xFF, 0x00, 0xF5, 0x86,
    0x55, 0x00, 0x5C, 0x83, 0x00, 0x00, 0xB4, 0x86, 0x44, 0x00, 0x4F, 0x8D, 0xFF, 0x02, 0xF4, 0x44, 0xFF, 0x91, 0x44, 0x00,
    0x4B, 0xCB, 0x00, 0x00, 0x0C, 0x90, 0x55, 0x00, 0x5F, 0x90, 0xFF, 0x00, 0xF5, 0x86, 0x55, 0x00, 0x50, 0x83, 0x00, 0x00,
    0x04, 0x87, 0x44, 0x8D, 0xFF, 0x94, 0x44, 0x00, 0xB0, 0xCC, 0x00, 0x00, 0x0C, 0x8F, 0x55, 0x00, 0x5F, 0x90, 0xFF, 0x00,
    0xF5, 0x86, 0x55, 0x00, 0x50, 0x83, 0x00, 0x00, 0x04, 0xA9, 0x44, 0x00, 0xB0, 0xCE, 0x00, 0x00, 0xC5, 0x8F, 0x55, 0x90,
    0xFF, 0x87, 0x55, 0x00, 0x50, 0x83, 0x00, 0x00, 0x04, 0xA8, 0x44, 0x00, 0x4B, 0xCF, 0x00, 0x00, 0x0C, 0xA8, 0x55, 0x00,
    0x50, 0x83, 0x00, 0x00, 0x04, 0xA8, 0x44, 0x00, 0xB0, 0xD0, 0x00, 0x00, 0xC5, 0xA7, 0x55, 0x00, 0x50, 0x83, 0x00, 0x00,
    0x04, 0xA7, 0x44, 0x00, 0x4B, 0xD1, 0x00, 0x00, 0x0C, 0xA7, 0x55, 0x00, 0x50, 0x83, 0x00, 0x00, 0x04, 0xA7, 0x44, 0x00,
    0xB0, 0xD2, 0x00, 0x00, 0xC5, 0xA6, 0x55, 0x00, 0x50, 0x83, 0x00, 0x00, 0x04, 0xA6, 0x44, 0x00, 0x4B, 0xD3, 0x00, 0x00,
    0x0C, 0xA6, 0x55, 0x00, 0x50, 0x83, 0x00, 0x00, 0x04, 0xA6, 0x44, 0x00, 0xB0, 0xD4, 0x00, 0x00, 0xC5, 0xA5, 0x55, 0x00,
    0x50, 0x83, 0x00, 0x00, 0x04, 0xA5, 0x44, 0x00, 0x4B, 0xD6, 0x00, 0x00, 0xC5, 0xA4, 0x55, 0x00, 0xC0, 0x83, 0x00, 0x00,
    0x0B, 0xA4, 0x44, 0x00, 0x4B, 0xD7, 0x00, 0x00, 0x0C, 0xA4, 0x55, 0x00, 0xC0, 0x83, 0x00, 0x00, 0x0B, 0xA4, 0x44, 0x00,
    0xB0, 0xD8, 0x00, 0x00, 0xC5, 0xA3, 0x55, 0x00, 0xC0, 0x83, 0x00, 0x00, 0x0B, 0xA3, 0x44, 0x00, 0x4B, 0xD9, 0x00, 0x01,
    0x0C, 0xC5, 0xA2, 0x55, 0x00, 0xC0, 0x83, 0x00, 0x00, 0x0B, 0xA2, 0x44, 0x01, 0x4B, 0xB0, 0xDA, 0x00, 0x00, 0x0C, 0xA2,
    0x55, 0x00, 0xC0, 0x83, 0x00, 0x00, 0x0B, 0xA2, 0x44, 0x00, 0xB0, 0xDC, 0x00, 0x00, 0xC5, 0xA1, 0x55, 0x00, 0xC0, 0x83,
    0x00, 0x00, 0x0B, 0xA1, 0x44, 0x00, 0x4B, 0xDE, 0x00, 0x00, 0xC5, 0xA0, 0x55, 0x00, 0xC0, 0x83, 0x00, 0x00, 0x0B, 0xA0,
    0x44, 0x00, 0x4B, 0xDF, 0x00, 0x00, 0x0C, 0xA0, 0x55, 0x00, 0xC0, 0x83, 0x00, 0x00, 0x0B, 0xA0, 0x44, 0x00, 0xB0, 0xE0,
    0x00, 0x00, 0x0C, 0x9F, 0x55, 0x00, 0xC0, 0x83, 0x00, 0x00, 0x0B, 0x9F, 0x44, 0x00, 0xB0, 0xE2, 0x00, 0x00, 0xCC, 0x9E,
    0x55, 0x00, 0xC0, 0x83, 0x00, 0x00, 0x0B, 0x9E, 0x44, 0x00, 0xBB, 0xE4, 0x00, 0x00, 0xC5, 0x9D, 0x55, 0x85, 0x00, 0x9D,
    0x44, 0x00, 0x4B, 0xE6, 0x00, 0x00, 0xC5, 0x9C, 0x55, 0x85, 0x00, 0x9C, 0x44, 0x00, 0x4B, 0xE7, 0x00, 0x01, 0x0C, 0xC5,
    0x9B, 0x55, 0x85, 0x00, 0x9B, 0x44, 0x01, 0x4B, 0xB0, 0xE8, 0x00, 0x01, 0x0C, 0xC5, 0x9A, 0x55, 0x85, 0x00, 0x9A, 0x44,
    0x01, 0x4B, 0xB0, 0xEA, 0x00, 0x00, 0x0C, 0x9A, 0x55, 0x85, 0x00, 0x9A, 0x44, 0x00, 0xB0, 0xEC, 0x00, 0x00, 0x0C, 0x99,
    0x55, 0x85, 0x00, 0x99, 0x44, 0x00, 0xB0, 0xEE, 0x00, 0x01, 0x0C, 0xC5, 0x97, 0x55, 0x85, 0x00, 0x97, 0x44, 0x01, 0x4B,
    0xB0, 0xF0, 0x00, 0x01, 0x0C, 0xC5, 0x96, 0x55, 0x85, 0x00, 0x96, 0x44, 0x01, 0x4B, 0xB0, 0xF2, 0x00, 0x01, 0x0C, 0xC5,
    0x95, 0x55, 0x85, 0x00, 0x95, 0x44, 0x01, 0x4B, 0xB0, 0xF5, 0x00, 0x00, 0xCC, 0x93, 0x55, 0x00, 0x5C, 0x85, 0x00, 0x00,
    0xB4, 0x93, 0x44, 0x00, 0xBB, 0xF8, 0x00, 0x00, 0xCC, 0x92, 0x55, 0x00, 0x5C, 0x85, 0x00, 0x00, 0xB4, 0x92, 0x44, 0x00,
    0xBB, 0xFA, 0x00, 0x01, 0x0C, 0xC5, 0x90, 0x55, 0x00, 0x5C, 0x85, 0x00, 0x00, 0xB4, 0x90, 0x44, 0x01, 0x4B, 0xB0, 0xFD,
    0x00, 0x00, 0xCC, 0x8F, 0x55, 0x00, 0x5C, 0x85, 0x00, 0x00, 0xB4, 0x8F, 0x44, 0x00, 0xBB, 0xFF, 0x00, 0x02, 0x00, 0x0C,
    0xC5, 0x8D, 0x55, 0x00, 0x5C, 0x85, 0x00, 0x00, 0xB4, 0x8D, 0x44, 0x01, 0x4B, 0xB0, 0xFF, 0x00, 0x83, 0x00, 0x01, 0xCC,
    0xC5, 0x8B, 0x55, 0x00, 0x5C, 0x85, 0x00, 0x00, 0xB4, 0x8B, 0x44, 0x01, 0x4B, 0xBB, 0xFF, 0x00, 0x87, 0x00, 0x01, 0xCC,
    0xC5, 0x89, 0x55, 0x00, 0x5C, 0x85, 0x00, 0x00, 0xB4, 0x89, 0x44, 0x01, 0x4B, 0xBB, 0xFF, 0x00, 0x8B, 0x00, 0x01, 0xCC,
    0xCC, 0x87, 0x55, 0x00, 0x5C, 0x85, 0x00, 0x00, 0xB4, 0x87, 0x44, 0x01, 0xBB, 0xBB, 0xFF, 0x00, 0x90, 0x00, 0x01, 0xCC,
    0xC5, 0x84, 0x55, 0x00, 0x5C, 0x85, 0x00, 0x00, 0xB4, 0x84, 0x44, 0x01, 0x4B, 0xBB, 0xFF, 0x00, 0x96, 0x00, 0x04, 0x0C,
    0xCC, 0xCC, 0x55, 0x5C, 0x85, 0x00, 0x04, 0xB4, 0x44, 0xBB, 0xBB, 0xB0, 0xFF, 0x00, 0xFF, 0x00, 0xFF, 0x00, 0xFF, 0x00,
    0xFF, 0x00, 0xFF, 0x00, 0xFF, 0x00, 0xFF, 0x00, 0xFF, 0x00, 0xFF, 0x00, 0xFF, 0x00, 0xFF, 0x00, 0xFF, 0x00, 0xFF, 0x00,
    0xFF, 0x00, 0xFF, 0x00, 0xFF, 0x00, 0xFF, 0x00, 0xFF, 0x00, 0xFF, 0x00, 0xFF, 0x00, 0xFF, 0x00, 0xFF, 0x00, 0xFF, 0x00,
    0xFF, 0x00, 0xFF, 0x00, 0xFF, 0x00, 0xFF, 0x00, 0xFF, 0x00, 0xFF, 0x00, 0xFF, 0x00, 0xFF, 0x00, 0xFF, 0x00, 0xFF, 0x00,
    0xFF, 0x00, 0xFF, 0x00, 0xFF, 0x00, 0xFF, 0x00, 0xFF, 0x00, 0xFF, 0x00, 0xFF, 0x00, 0xFF, 0x00, 0xFF, 0x00, 0xFF, 0x00,
    0xFF, 0x00, 0xFF, 0x00, 0xFF, 0x00, 0xFF, 0x00, 0xFF, 0x00, 0xFF, 0x00, 0xFF, 0x00, 0xFF, 0x00, 0xB2, 0x00,
};

static const uint8_t kLauncherFrame09[] = {
    0xFF, 0x00, 0xFF, 0x00, 0xFF, 0x00, 0xFF, 0x00, 0xFF, 0x00, 0xFF, 0x00, 0xFF, 0x00, 0xFF, 0x00, 0xFF, 0x00, 0xFF, 0x00,
    0xFF, 0x00, 0xFF, 0x00, 0xFF, 0x00, 0xFF, 0x00, 0xFF, 0x00, 0xFF, 0x00, 0xFF, 0x00, 0xFF, 0x00, 0xFF, 0x00, 0xFF, 0x00,
    0xFF, 0x00, 0xFF, 0x00, 0xFF, 0x00, 0xFF, 0x00, 0xFF, 0x00, 0xFF, 0x00, 0xFF, 0x00, 0xFF, 0x00, 0xFF, 0x00, 0xFF, 0x00,
    0xFF, 0x00, 0xFF, 0x00, 0xFF, 0x00, 0xFF, 0x00, 0xFF, 0x00, 0xFF, 0x00, 0xFF, 0x00, 0xFF, 0x00, 0xFF, 0x00, 0xFF, 0x00,
    0xFF, 0x00, 0xFF, 0x00, 0xFF, 0x00, 0x8C, 0x00, 0x82, 0x88, 0x89, 0x11, 0x82, 0x88, 0xFF, 0x00, 0x95, 0x00, 0x02, 0x08,
    0x88, 0x81, 0x91, 0x11, 0x02, 0x18, 0x88, 0x80, 0xFF, 0x00, 0x8F, 0x00, 0x01, 0x88, 0x81, 0x97, 0x11, 0x01, 0x18, 0x88,
    0xFF, 0x00, 0x8A, 0x00, 0x01, 0x08, 0x88, 0x9D, 0x11, 0x01, 0x88, 0x80, 0xFF, 0x00, 0x85, 0x00, 0x01, 0x08, 0x88, 0xA1,
    0x11, 0x01, 0x88, 0x80, 0xFF, 0x00, 0x82, 0x00, 0x00, 0x88, 0xA5, 0x11, 0x00, 0x88, 0xFF, 0x00, 0x01, 0x08, 0x81, 0xA7,
    0x11, 0x01, 0x18, 0x80, 0xFC, 0x00, 0x00, 0x88, 0xAB, 0x11, 0x00, 0x88, 0xF9, 0x00, 0x01, 0x08, 0x81, 0xAD, 0x11, 0x01,
    0x18, 0x80, 0xF6, 0x00, 0x00, 0x88, 0xB1, 0x11, 0x00, 0x88, 0xF4, 0x00, 0x00, 0x88, 0xB3, 0x11, 0x00, 0x88, 0xF3, 0x00,
    0x00, 0x81, 0xB3, 0x11, 0x00, 0x18, 0xF3, 0x00, 0x00, 0x81, 0xB3, 0x11, 0x00, 0x18, 0xF3, 0x00, 0x00, 0x01, 0xB3, 0x11,
    0x00, 0x10, 0xF3, 0x00, 0x00, 0x08, 0xB3, 0x11, 0x00, 0x80, 0xF3, 0x00, 0x00, 0x08, 0xB3, 0x11, 0x00, 0x80, 0xEC, 0x00,
    0x01, 0x0E, 0xEE, 0x85, 0x00, 0x00, 0x81, 0xB1, 0x11, 0x00, 0x18, 0x85, 0x00, 0x01, 0x99, 0x90, 0xE5, 0x00, 0x02, 0xE7,
    0x77, 0xE0, 0x84, 0x00, 0x00, 0x81, 0xB1, 0x11, 0x00, 0x18, 0x84, 0x00, 0x02, 0x09, 0x22, 0x29, 0xE4, 0x00, 0x03, 0xE7,
    0x77, 0x77, 0xE0, 0x84, 0x00, 0x00, 0x01, 0xB1, 0x11, 0x00, 0x10, 0x84, 0x00, 0x03, 0x09, 0x22, 0x22, 0x29, 0xE2, 0x00,
    0x00, 0xEE, 0x82, 0x77, 0x00, 0x7E, 0x84, 0x00, 0x00, 0x08, 0xB1, 0x11, 0x00, 0x80, 0x84, 0x00, 0x00, 0x92, 0x82, 0x22,
    0x00, 0x99, 0xE0, 0x00, 0x00, 0x0E, 0x83, 0x77, 0x00, 0x7E, 0x85, 0x00, 0x9C, 0x11, 0x01, 0x1F, 0xF1, 0x92, 0x11, 0x85,
    0x00, 0x00, 0x92, 0x83, 0x22, 0x00, 0x90, 0xDE, 0x00, 0x00, 0x0E, 0x85, 0x77, 0x00, 0xE0, 0x84, 0x00, 0x00, 0x81, 0x99,
    0x11, 0x83, 0xFF, 0x91, 0x11, 0x00, 0x18, 0x84, 0x00, 0x00, 0x09, 0x85, 0x22, 0x00, 0x90, 0xDD, 0x00, 0x00, 0xE7, 0x85,
    0x77, 0x00, 0xE0, 0x84, 0x00, 0x00, 0x81, 0x96, 0x11, 0x86, 0xFF, 0x91, 0x11, 0x00, 0x18, 0x84, 0x00, 0x00, 0x09, 0x85,
    0x22, 0x00, 0x29, 0xDC, 0x00, 0x00, 0xE7, 0x86, 0x77, 0x00, 0x7E, 0x84, 0x00, 0x00, 0x08, 0x92, 0x11, 0x00, 0x1F, 0x89,
    0xFF, 0x91, 0x11, 0x00, 0x80, 0x84, 0x00, 0x00, 0x92, 0x86, 0x22, 0x00, 0x29, 0xDA, 0x00, 0x00, 0x0E, 0x87, 0x77, 0x00,
    0x7E, 0x84, 0x00, 0x00, 0x08, 0x92, 0x11, 0x87, 0xFF, 0x02, 0xF1, 0xFF, 0xFF, 0x91, 0x11, 0x00, 0x80, 0x84, 0x00, 0x00,
    0x92, 0x87, 0x22, 0x00, 0x90, 0xD8, 0x00, 0x00, 0x0E, 0x89, 0x77, 0x00, 0xE0, 0x84, 0x00, 0x92, 0x11, 0x84, 0xFF, 0x00,
    0xF1, 0x82, 0x11, 0x01, 0xFF, 0xFF, 0x91, 0x11, 0x84, 0x00, 0x00, 0x09, 0x89, 0x22, 0x00, 0x90, 0xD7, 0x00, 0x00, 0xE7,
    0x89, 0x77, 0x00, 0x70, 0x84, 0x00, 0x00, 0x81, 0x91, 0x11, 0x02, 0xFF, 0xFF, 0xF1, 0x85, 0x11, 0x01, 0xFF, 0xFF, 0x90,
    0x11, 0x00, 0x18, 0x84, 0x00, 0x00, 0x02, 0x89, 0x22, 0x00, 0x29, 0xD6, 0x00, 0x00, 0xEE, 0x8A, 0x77, 0x00, 0x7E, 0x84,
    0x00, 0x00, 0x01, 0x91, 0x11, 0x01, 0xFF, 0xFF, 0x86, 0x11, 0x01, 0xFF, 0xFF, 0x90, 0x11, 0x00, 0x10, 0x84, 0x00, 0x00,
    0x92, 0x8A, 0x22, 0x00, 0x99, 0xD4, 0x00, 0x00, 0x0E, 0x8C, 0x77, 0x84, 0x00, 0x00, 0x08, 0x91, 0x11, 0x01, 0xFF, 0xFF,
    0x86, 0x11, 0x01, 0xFF, 0xFF, 0x90, 0x11, 0x00, 0x80, 0x84, 0x00, 0x8C, 0x22, 0x00, 0x90, 0xD3, 0x00, 0x00, 0xE7, 0x8C,
    0x77, 0x00, 0xE0, 0x83, 0x00, 0x00, 0x08, 0x91, 0x11, 0x01, 0xFF, 0xFF, 0x86, 0x11, 0x01, 0xFF, 0xFF, 0x90, 0x11, 0x00,
    0x80, 0x83, 0x00, 0x00, 0x09, 0x8C, 0x22, 0x00, 0x29, 0xD2, 0x00, 0x00, 0x0E, 0x8D, 0x77, 0x00, 0x70, 0x84, 0x00, 0x00,
    0x81, 0x90, 0x11, 0x01, 0xFF, 0xFF, 0x86, 0x11, 0x01, 0xFF, 0xFF, 0x8F, 0x11, 0x00, 0x18, 0x84, 0x00, 0x00, 0x02, 0x8D,
    0x22, 0x00, 0x90, 0xD0, 0x00, 0x01, 0x0E, 0xE7, 0x8D, 0x77, 0x00, 0x7E, 0x84, 0x00, 0x00, 0x81, 0x90, 0x11, 0x01, 0xFF,
    0xFF, 0x86, 0x11, 0x01, 0xFF, 0xFF, 0x8F, 0x11, 0x00, 0x18, 0x84, 0x00, 0x00, 0x92, 0x8D, 0x22, 0x01, 0x29, 0x90, 0xCF,
    0x00, 0x00, 0xE7, 0x8F, 0x77, 0x84, 0x00, 0x00, 0x01, 0x90, 0x11, 0x01, 0xFF, 0xFF, 0x86, 0x11, 0x01, 0xFF, 0xFF, 0x8F,
    0x11, 0x00, 0x10, 0x84, 0x00, 0x8F, 0x22, 0x00, 0x29, 0xCE, 0x00, 0x00, 0x0E, 0x90, 0x77, 0x00, 0xE0, 0x83, 0x00, 0x00,
    0x08, 0x90, 0x11, 0x01, 0xFF, 0xFF, 0x86, 0x11, 0x01, 0xFF, 0xFF, 0x8F, 0x11, 0x00, 0x80, 0x83, 0x00, 0x00, 0x09, 0x90,
    0x22, 0x00, 0x90, 0xCD, 0x00, 0x00, 0xE7, 0x90, 0x77, 0x00, 0x7E, 0x84, 0x00, 0x90, 0x11, 0x01, 0xFF, 0xFF, 0x86, 0x11,
    0x01, 0xFF, 0xFF, 0x8F, 0x11, 0x84, 0x00, 0x00, 0x92, 0x90, 0x22, 0x00, 0x29, 0xCC, 0x00, 0x00, 0x0E, 0x91, 0x77, 0x00,
    0x7E, 0x84, 0x00, 0x00, 0x81, 0x8F, 0x11, 0x01, 0xFF, 0xFF, 0x86, 0x11, 0x01, 0xFF, 0xFF, 0x8E, 0x11, 0x00, 0x18, 0x84,
    0x00, 0x00, 0x92, 0x91, 0x22, 0x00, 0x90, 0xCB, 0x00, 0x00, 0xE7, 0x92, 0x77, 0x00, 0xE0, 0x83, 0x00, 0x00, 0x81, 0x8F,
    0x11, 0x01, 0xFF, 0xFF, 0x86, 0x11, 0x01, 0xFF, 0xFF, 0x8E, 0x11, 0x00, 0x18, 0x83, 0x00, 0x00, 0x09, 0x92, 0x22, 0x00,
    0x29, 0xCA, 0x00, 0x00, 0x0E, 0x93, 0x77, 0x00, 0xE0, 0x83, 0x00, 0x00, 0x08, 0x8F, 0x11, 0x01, 0xFF, 0xFF, 0x86, 0x11,
    0x01, 0xFF, 0xFF, 0x8E, 0x11, 0x00, 0x80, 0x83, 0x00, 0x00, 0x09, 0x93, 0x22, 0x00, 0x90, 0xC9, 0x00, 0x00, 0xE7, 0x93,
    0x77, 0x00, 0x7E, 0x83, 0x00, 0x00, 0x08, 0x8F, 0x11, 0x01, 0xFF, 0xFF, 0x86, 0x11, 0x01, 0xFF, 0xFF, 0x8E, 0x11, 0x00,
    0x80, 0x83, 0x00, 0x00, 0x92, 0x93, 0x22, 0x00, 0x29, 0xC8, 0x00, 0x00, 0x0E, 0x94, 0x77, 0x00, 0x7E, 0x84, 0x00, 0x8F,
    0x11, 0x01, 0xFF, 0xFF, 0x82, 0x11, 0x05, 0x1F, 0xFF, 0xF1, 0x11, 0xFF, 0xFF, 0x8E, 0x11, 0x84, 0x00, 0x00, 0x92, 0x94,
    0x22, 0x00, 0x90, 0xC7, 0x00, 0x00, 0xE7, 0x95, 0x77, 0x00, 0xE0, 0x83, 0x00, 0x00, 0x81, 0x8E, 0x11, 0x01, 0xFF, 0xFF,
    0x82, 0x11, 0x82, 0xFF, 0x02, 0x11, 0xFF, 0xFF, 0x8D, 0x11, 0x00, 0x18, 0x83, 0x00, 0x00, 0x09, 0x95, 0x22, 0x00, 0x29,
    0xC6, 0x00, 0x00, 0x0E, 0x96, 0x77, 0x00, 0xE0, 0x83, 0x00, 0x00, 0x01, 0x8E, 0x11, 0x04, 0xFF, 0xFF, 0x11, 0x11, 0x1F,
    0x82, 0xFF, 0x02, 0xF1, 0xFF, 0xFF, 0x8D, 0x11, 0x00, 0x10, 0x83, 0x00, 0x00, 0x09, 0x96, 0x22, 0x00, 0x90, 0xC5, 0x00,
    0x00, 0xE7, 0x96, 0x77, 0x00, 0x7E, 0x83, 0x00, 0x00, 0x08, 0x8E, 0x11, 0x03, 0xFF, 0xFF, 0x11, 0x11, 0x86, 0xFF, 0x8D,
    0x11, 0x00, 0x80, 0x83, 0x00, 0x00, 0x92, 0x96, 0x22, 0x00, 0x29, 0xC4, 0x00, 0x00, 0x0E, 0x98, 0x77, 0x83, 0x00, 0x00,
    0x08, 0x8E, 0x11, 0x03, 0xFF, 0xFF, 0x11, 0x11, 0x84, 0xFF, 0x01, 0x1F, 0xF1, 0x8D, 0x11, 0x00, 0x80, 0x83, 0x00, 0x98,
    0x22, 0x00, 0x90, 0xC3, 0x00, 0x00, 0xE7, 0x98, 0x77, 0x00, 0xE0, 0x83, 0x00, 0x00, 0x81, 0x8A, 0x11, 0x06, 0xFF, 0xFF,
    0x11, 0xFF, 0xFF, 0x11, 0x11, 0x84, 0xFF, 0x8E, 0x11, 0x00, 0x18, 0x83, 0x00, 0x00, 0x09, 0x98, 0x22, 0x00, 0x29, 0xC2,
    0x00, 0x00, 0x0E, 0x99, 0x77, 0x00, 0x70, 0x83, 0x00, 0x00, 0x81, 0x89, 0x11, 0x07, 0x1F, 0xFF, 0xFF, 0xF1, 0xFF, 0xFF,
    0x11, 0x11, 0x84, 0xFF, 0x8E, 0x11, 0x00, 0x18, 0x83, 0x00, 0x00, 0x02, 0x99, 0x22, 0x00, 0x90, 0xC1, 0x00, 0x00, 0xE7,
    0x99, 0x77, 0x00, 0x7E, 0x83, 0x00, 0x00, 0x01, 0x89, 0x11, 0x85, 0xFF, 0x02, 0x11, 0x11, 0x1F, 0x82, 0xFF, 0x00, 0xF1,
    0x8E, 0x11, 0x00, 0x10, 0x83, 0x00, 0x00, 0x92, 0x99, 0x22, 0x00, 0x29, 0xC0, 0x00, 0x00, 0x0E, 0x9B, 0x77, 0x83, 0x00,
    0x00, 0x08, 0x88, 0x11, 0x00, 0x1F, 0x84, 0xFF, 0x00, 0xF1, 0x82, 0x11, 0x82, 0xFF, 0x00, 0xF1, 0x8E, 0x11, 0x00, 0x80,
    0x83, 0x00, 0x9B, 0x22, 0x00, 0x90, 0xBF, 0x00, 0x00, 0xE7, 0x9B, 0x77, 0x00, 0xE0, 0x82, 0x00, 0x00, 0x08, 0x88, 0x11,
    0x00, 0x1F, 0x83, 0xFF, 0x00, 0xF1, 0x83, 0x11, 0x02, 0x1F, 0xFF, 0xF1, 0x8F, 0x11, 0x00, 0x80, 0x82, 0x00, 0x00, 0x09,
    0x9B, 0x22, 0x00, 0x29, 0xBE, 0x00, 0x00, 0x0E, 0x9C, 0x77, 0x00, 0x7E, 0x83, 0x00, 0x00, 0x81, 0x87, 0x11, 0x00, 0x1F,
    0x83, 0xFF, 0x00, 0xF1, 0x95, 0x11, 0x00, 0x18, 0x83, 0x00, 0x00, 0x92, 0x9C, 0x22, 0x00, 0x90, 0xBD, 0x00, 0x00, 0x0E,
    0x9C, 0x77, 0x00, 0x7E, 0x83, 0x00, 0x00, 0x81, 0x87, 0x11, 0x00, 0x1F, 0x83, 0xFF, 0x00, 0xF1, 0x95, 0x11, 0x00, 0x18,
    0x83, 0x00, 0x00, 0x92, 0x9C, 0x22, 0x00, 0x90, 0xBD, 0x00, 0x00, 0xE7, 0x9D, 0x77, 0x00, 0xE0, 0x82, 0x00, 0x00, 0x01,
    0x88, 0x11, 0x83, 0xFF, 0x96, 0x11, 0x00, 0x10, 0x82, 0x00, 0x00, 0x09, 0x9D, 0x22, 0x00, 0x29, 0xBC, 0x00, 0x00, 0x0E,
    0x9E, 0x77, 0x00, 0xE0, 0x82, 0x00, 0x00, 0x08, 0x88, 0x11, 0x00, 0x1F, 0x82, 0xFF, 0x96, 0x11, 0x00, 0x80, 0x82, 0x00,
    0x00, 0x09, 0x9E, 0x22, 0x00, 0x90, 0xBB, 0x00, 0x00, 0xE7, 0x9E, 0x77, 0x00, 0x7E, 0x83, 0x00, 0x89, 0x11, 0x01, 0xFF,
    0xFF, 0x97, 0x11, 0x83, 0x00, 0x00, 0x92, 0x9E, 0x22, 0x00, 0x29, 0xBA, 0x00, 0x00, 0x0E, 0x9F, 0x77, 0x00, 0x7E, 0x83,
    0x00, 0x00, 0x81, 0xA1, 0x11, 0x00, 0x18, 0x83, 0x00, 0x00, 0x92, 0x9F, 0x22, 0x00, 0x90, 0xB9, 0x00, 0x00, 0x0E, 0xA0,
    0x77, 0x00, 0xE0, 0x82, 0x00, 0x00, 0x81, 0xA1, 0x11, 0x00, 0x18, 0x82, 0x00, 0x00, 0x09, 0xA0, 0x22, 0x00, 0x90, 0xB9,
    0x00, 0x00, 0xE7, 0xA0, 0x77, 0x00, 0xE0, 0x82, 0x00, 0x00, 0x08, 0xA1, 0x11, 0x00, 0x80, 0x82, 0x00, 0x00, 0x09, 0xA0,
    0x22, 0x00, 0x29, 0xB8, 0x00, 0x00, 0x0E, 0xA1, 0x77, 0x00, 0x7E, 0x82, 0x00, 0x00, 0x08, 0xA1, 0x11, 0x00, 0x80, 0x82,
    0x00, 0x00, 0x92, 0xA1, 0x22, 0x00, 0x90, 0xB7, 0x00, 0x00, 0x07, 0x90, 0x77, 0x01, 0x7F, 0xF7, 0x8F, 0x77, 0x83, 0x00,
    0xA1, 0x11, 0x83, 0x00, 0x8C, 0x22, 0x07, 0xFF, 0x22, 0x22, 0x2F, 0xF2, 0x22, 0x22, 0xFF, 0x8D, 0x22, 0x00, 0x20, 0xB7,
    0x00, 0x00, 0xE7, 0x90, 0x77, 0x01, 0xFF, 0xFF, 0x8F, 0x77, 0x00, 0xE0, 0x82, 0x00, 0x00, 0x81, 0x9F, 0x11, 0x00, 0x18,
    0x82, 0x00, 0x00, 0x09, 0x8B, 0x22, 0x09, 0x2F, 0xFF, 0xF2, 0x22, 0xFF, 0xFF, 0x22, 0x2F, 0xFF, 0xF2, 0x8C, 0x22, 0x00,
    0x29, 0xB6, 0x00, 0x00, 0x0E, 0x91, 0x77, 0x01, 0xFF, 0xFF, 0x8F, 0x77, 0x00, 0x70, 0x82, 0x00, 0x00, 0x01, 0x9F, 0x11,
    0x00, 0x10, 0x82, 0x00, 0x00, 0x02, 0x8B, 0x22, 0x09, 0x2F, 0xFF, 0xF2, 0x22, 0xFF, 0xFF, 0x22, 0x2F, 0xFF, 0xF2, 0x8D,
    0x22, 0x00, 0x90, 0xB5, 0x00, 0x00, 0x07, 0x91, 0x77, 0x01, 0xFF, 0xFF, 0x8F, 0x77, 0x00, 0x7E, 0x82, 0x00, 0x00, 0x08,
    0x8A, 0x11, 0x82, 0x88, 0x83, 0x00, 0x82, 0x88, 0x8A, 0x11, 0x00, 0x80, 0x82, 0x00, 0x00, 0x92, 0x8B, 0x22, 0x09, 0x2F,
    0xFF, 0xF2, 0x22, 0xFF, 0xFF, 0x22, 0x2F, 0xFF, 0xF2, 0x8D, 0x22, 0x00, 0x20, 0xB5, 0x00, 0x00, 0xE7, 0x8B, 0x77, 0x01,
    0x7F, 0xF7, 0x83, 0x77, 0x01, 0xFF, 0xFF, 0x83, 0x77, 0x01, 0x7F, 0xF7, 0x8A, 0x77, 0x82, 0x00, 0x00, 0x08, 0x87, 0x11,
    0x01, 0x88, 0x80, 0x8B, 0x00, 0x01, 0x08, 0x88, 0x87, 0x11, 0x00, 0x80, 0x82, 0x00, 0x8A, 0x22, 0x00, 0x2F, 0x8B, 0xFF,
    0x00, 0xF2, 0x8B, 0x22, 0x00, 0x29, 0xB4, 0x00, 0x00, 0x0E, 0x8C, 0x77, 0x01, 0xFF, 0xFF, 0x83, 0x77, 0x01, 0xFF, 0xFF,
    0x83, 0x77, 0x01, 0xFF, 0xFF, 0x8A, 0x77, 0x00, 0xE0, 0x82, 0x00, 0x00, 0x81, 0x84, 0x11, 0x00, 0x88, 0x91, 0x00, 0x00,
    0x88, 0x84, 0x11, 0x00, 0x18, 0x82, 0x00, 0x00, 0x09, 0x8A, 0x22, 0x8D, 0xFF, 0x8C, 0x22, 0x00, 0x90, 0xB3, 0x00, 0x00,
    0x07, 0x8C, 0x77, 0x02, 0xFF, 0xFF, 0xF7, 0x82, 0x77, 0x01, 0xFF, 0xFF, 0x82, 0x77, 0x02, 0x7F, 0xFF, 0xFF, 0x8A, 0x77,
    0x00, 0x70, 0x82, 0x00, 0x00, 0x81, 0x82, 0x11, 0x01, 0x88, 0x80, 0x93, 0x00, 0x01, 0x08, 0x88, 0x82, 0x11, 0x00, 0x18,
    0x82, 0x00, 0x00, 0x02, 0x8A, 0x22, 0x8D, 0xFF, 0x8C, 0x22, 0x00, 0x20, 0xB3, 0x00, 0x00, 0xE7, 0x8C, 0x77, 0x02, 0x7F,
    0xFF, 0xFF, 0x82, 0x77, 0x01, 0xFF, 0xFF, 0x82, 0x77, 0x02, 0xFF, 0xFF, 0xF7, 0x8A, 0x77, 0x00, 0x7E, 0x82, 0x00, 0x03,
    0x01, 0x11, 0x18, 0x88, 0x97, 0x00, 0x03, 0x88, 0x81, 0x11, 0x10, 0x82, 0x00, 0x00, 0x92, 0x8A, 0x22, 0x8D, 0xFF, 0x8C,
    0x22, 0x00, 0x29, 0xB2, 0x00, 0x00, 0x0E, 0x8E, 0x77, 0x0B, 0xFF, 0xFF, 0xF7, 0x77, 0x77, 0xFF, 0xFF, 0x77, 0x77, 0x7F,
    0xFF, 0xFF, 0x8C, 0x77, 0x05, 0xE0, 0x00, 0x00, 0x08, 0x18, 0x80, 0x99, 0x00, 0x05, 0x08, 0x81, 0x80, 0x00, 0x00, 0x09,
    0x8B, 0x22, 0x01, 0xFF, 0xFF, 0x89, 0x22, 0x01, 0xFF, 0xFF, 0x8D, 0x22, 0x00, 0x90, 0xB1, 0x00, 0x00, 0x0E, 0x8E, 0x77,
    0x0B, 0x7F, 0xFF, 0xFF, 0x77, 0x77, 0x7F, 0xF7, 0x77, 0x77, 0xFF, 0xFF, 0xF7, 0x8C, 0x77, 0x00, 0xE0, 0xA3, 0x00, 0x00,
    0x09, 0x89, 0x22, 0x00, 0x2F, 0x82, 0xFF, 0x89, 0x22, 0x82, 0xFF, 0x00, 0xF2, 0x8B, 0x22, 0x00, 0x90, 0xB1, 0x00, 0x00,
    0xE7, 0x8F, 0x77, 0x02, 0xFF, 0xFF, 0xF7, 0x83, 0x77, 0x02, 0x7F, 0xFF, 0xFF, 0x8D, 0x77, 0x00, 0x7E, 0xA3, 0x00, 0x00,
    0x92, 0x89, 0x22, 0x83, 0xFF, 0x89, 0x22, 0x83, 0xFF, 0x8B, 0x22, 0x00, 0x29, 0xB1, 0x00, 0x90, 0x77, 0x02, 0x7F, 0xFF,
    0xF7, 0x83, 0x77, 0x02, 0x7F, 0xFF, 0xF7, 0x8D, 0x77, 0x00, 0x7E, 0xA3, 0x00, 0x00, 0x92, 0x89, 0x22, 0x83, 0xFF, 0x89,
    0x22, 0x83, 0xFF, 0x8C, 0x22, 0xB0, 0x00, 0x00, 0x0E, 0x91, 0x77, 0x00, 0xFF, 0x85, 0x77, 0x00, 0xFF, 0x8E, 0x77, 0x00,
    0x7E, 0xA3, 0x00, 0x00, 0x92, 0x89, 0x22, 0x00, 0x2F, 0x82, 0xFF, 0x82, 0x22, 0x01, 0x2F, 0xF2, 0x82, 0x22, 0x01, 0xFF,
    0x22, 0x82, 0xFF, 0x00, 0xF2, 0x8C, 0x22, 0x00, 0x90, 0xAF, 0x00, 0x00, 0xE7, 0x94, 0x77, 0x01, 0xFF, 0xFF, 0x90, 0x77,
    0x00, 0x7E, 0xA5, 0x00, 0x00, 0x92, 0x8A, 0x22, 0x01, 0xFF, 0xFF, 0x82, 0x22, 0x08, 0xFF, 0xFF, 0x22, 0x22, 0x2F, 0xFF,
    0xF2, 0xFF, 0xFF, 0x8E, 0x22, 0x00, 0x29, 0xAF, 0x00, 0x00, 0xE7, 0x93, 0x77, 0x03, 0x7F, 0xFF, 0xFF, 0xF7, 0x8E, 0x77,
    0x01, 0x7E, 0xE0, 0xA5, 0x00, 0x01, 0x09, 0x92, 0x89, 0x22, 0x01, 0xFF, 0xFF, 0x82, 0x22, 0x08, 0xFF, 0xFF, 0xF2, 0x22,
    0x2F, 0xFF, 0xF2, 0xFF, 0xFF, 0x8E, 0x22, 0x00, 0x29, 0xAE, 0x00, 0x00, 0x0E, 0x94, 0x77, 0x83, 0xFF, 0x8E, 0x77, 0x00,
    0xE0, 0xA7, 0x00, 0x00, 0x09, 0x89, 0x22, 0x01, 0xFF, 0xFF, 0x82, 0x22, 0x08, 0xFF, 0xFF, 0xF2, 0x22, 0x2F, 0xFF, 0x22,
    0xFF, 0xFF, 0x8F, 0x22, 0x00, 0x90, 0xAD, 0x00, 0x00, 0x0E, 0x8D, 0x77, 0x00, 0x7F, 0x82, 0xFF, 0x02, 0xF7, 0x77, 0x7F,
    0x83, 0xFF, 0x02, 0xF7, 0x77, 0x7F, 0x82, 0xFF, 0x00, 0xF7, 0x86, 0x77, 0x00, 0xE0, 0xA9, 0x00, 0x00, 0x09, 0x86, 0x22,
    0x00, 0x2F, 0x82, 0xFF, 0x02, 0x22, 0x22, 0x2F, 0x82, 0xFF, 0x03, 0x22, 0xFF, 0xFF, 0x22, 0x82, 0xFF, 0x00, 0xF2, 0x8D,
    0x22, 0x00, 0x90, 0xAD, 0x00, 0x00, 0xE7, 0x8D, 0x77, 0x84, 0xFF, 0x01, 0x77, 0x7F, 0x83, 0xFF, 0x01, 0xF7, 0x77, 0x84,
    0xFF, 0x85, 0x77, 0x00, 0x7E, 0xAB, 0x00, 0x00, 0x92, 0x85, 0x22, 0x83, 0xFF, 0x02, 0x22, 0x22, 0x2F, 0x82, 0xFF, 0x03,
    0x22, 0xFF, 0xF2, 0x22, 0x83, 0xFF, 0x8D, 0x22, 0x00, 0x29, 0xAD, 0x00, 0x00, 0xE7, 0x8D, 0x77, 0x84, 0xFF, 0x01, 0x77,
    0x7F, 0x83, 0xFF, 0x01, 0xF7, 0x77, 0x84, 0xFF, 0x84, 0x77, 0x01, 0x7E, 0xE0, 0xAB, 0x00, 0x01, 0x09, 0x92, 0x84, 0x22,
    0x83, 0xFF, 0x04, 0x22, 0x22, 0xFF, 0xFF, 0x2F, 0x82, 0xFF, 0x01, 0xF2, 0x22, 0x83, 0xFF, 0x8D, 0x22, 0x00, 0x29, 0xAC,
    0x00, 0x00, 0x0E, 0x8E, 0x77, 0x00, 0x7F, 0x82, 0xFF, 0x02, 0xF7, 0x77, 0x7F, 0x83, 0xFF, 0x02, 0xF7, 0x77, 0x7F, 0x82,
    0xFF, 0x00, 0xF7, 0x84, 0x77, 0x00, 0xE0, 0xAD, 0x00, 0x00, 0x09, 0x84, 0x22, 0x00, 0x2F, 0x82, 0xFF, 0x04, 0x22, 0x22,
    0xFF, 0xF2, 0x22, 0x82, 0xFF, 0x01, 0x22, 0x22, 0x82, 0xFF, 0x00, 0xF2, 0x8E, 0x22, 0x00, 0x90, 0xAB, 0x00, 0x00, 0x0E,
    0x95, 0x77, 0x83, 0xFF, 0x8A, 0x77, 0x00, 0x7E, 0xAF, 0x00, 0x00, 0x92, 0x85, 0x22, 0x06, 0xFF, 0xFF, 0x22, 0x2F, 0xFF,
    0xF2, 0x22, 0x82, 0xFF, 0x03, 0x22, 0x22, 0xFF, 0xFF, 0x90, 0x22, 0x00, 0x90, 0xAB, 0x00, 0x00, 0xE7, 0x95, 0x77, 0x00,
    0x7F, 0x82, 0xFF, 0x8A, 0x77, 0x00, 0xE0, 0xAF, 0x00, 0x00, 0x09, 0x85, 0x22, 0x0D, 0xFF, 0xFF, 0x22, 0xFF, 0xFF, 0x22,
    0x22, 0x2F, 0xFF, 0xF2, 0x22, 0x22, 0xFF, 0xFF, 0x90, 0x22, 0x00, 0x29, 0xAB, 0x00, 0x00, 0xE7, 0x96, 0x77, 0x01, 0xFF,
    0xFF, 0x8A, 0x77, 0x00, 0x7E, 0xB1, 0x00, 0x00, 0x92, 0x84, 0x22, 0x0D, 0xFF, 0xFF, 0x22, 0xFF, 0xFF, 0x22, 0x22, 0x2F,
    0xFF, 0xF2, 0x22, 0x22, 0xFF, 0xFF, 0x90, 0x22, 0x00, 0x29, 0xAB, 0x00, 0x94, 0x77, 0x00, 0xFF, 0x85, 0x77, 0x00, 0xFF,
    0x86, 0x77, 0x00, 0x7E, 0xB3, 0x00, 0x03, 0x92, 0x22, 0x22, 0x2F, 0x82, 0xFF, 0x02, 0x22, 0x2F, 0xF2, 0x82, 0x22, 0x00,
    0xFF, 0x82, 0x22, 0x82, 0xFF, 0x00, 0xF2, 0x8F, 0x22, 0xAA, 0x00, 0x00, 0x0E, 0x93, 0x77, 0x02, 0x7F, 0xFF, 0xF7, 0x83,
    0x77, 0x02, 0x7F, 0xFF, 0xF7, 0x85, 0x77, 0x00, 0xE0, 0xB3, 0x00, 0x02, 0x09, 0x22, 0x22, 0x83, 0xFF, 0x89, 0x22, 0x83,
    0xFF, 0x8F, 0x22, 0x00, 0x90, 0xA9, 0x00, 0x00, 0x07, 0x93, 0x77, 0x02, 0xFF, 0xFF, 0xF7, 0x83, 0x77, 0x02, 0x7F, 0xFF,
    0xFF, 0x84, 0x77, 0x00, 0x7E, 0xB5, 0x00, 0x01, 0x92, 0x22, 0x83, 0xFF, 0x89, 0x22, 0x83, 0xFF, 0x8F, 0x22, 0x00, 0x20,
    0xA9, 0x00, 0x00, 0xE7, 0x92, 0x77, 0x0B, 0x7F, 0xFF, 0xFF, 0x77, 0x77, 0x7F, 0xF7, 0x77, 0x77, 0xFF, 0xFF, 0xF7, 0x83,
    0x77, 0x00, 0xE0, 0xB5, 0x00, 0x02, 0x09, 0x22, 0x2F, 0x82, 0xFF, 0x89, 0x22, 0x82, 0xFF, 0x00, 0xF2, 0x8F, 0x22, 0x00,
    0x29, 0xA9, 0x00, 0x00, 0xE7, 0x92, 0x77, 0x0B, 0xFF, 0xFF, 0xF7, 0x77, 0x77, 0xFF, 0xFF, 0x77, 0x77, 0x7F, 0xFF, 0xFF,
    0x82, 0x77, 0x00, 0x7E, 0xB7, 0x00, 0x04, 0x92, 0x22, 0x22, 0xFF, 0xFF, 0x89, 0x22, 0x01, 0xFF, 0xFF, 0x91, 0x22, 0x00,
    0x29, 0xA8, 0x00, 0x00, 0x0E, 0x92, 0x77, 0x02, 0x7F, 0xFF, 0xFF, 0x82, 0x77, 0x01, 0xFF, 0xFF, 0x82, 0x77, 0x05, 0xFF,
    0xFF, 0xF7, 0x77, 0x77, 0x70, 0xB7, 0x00, 0x02, 0x02, 0x22, 0x22, 0x8D, 0xFF, 0x92, 0x22, 0x00, 0x90, 0xA7, 0x00, 0x00,
    0x0E, 0x92, 0x77, 0x02, 0xFF, 0xFF, 0xF7, 0x82, 0x77, 0x01, 0xFF, 0xFF, 0x82, 0x77, 0x05, 0x7F, 0xFF, 0xFF, 0x77, 0x77,
    0xE0, 0xB7, 0x00, 0x02, 0x09, 0x22, 0x22, 0x8D, 0xFF, 0x92, 0x22, 0x00, 0x90, 0xA7, 0x00, 0x00, 0x07, 0x92, 0x77, 0x01,
    0xFF, 0xFF, 0x83, 0x77, 0x01, 0xFF, 0xFF, 0x83, 0x77, 0x03, 0xFF, 0xFF, 0x77, 0x7E, 0xB9, 0x00, 0x01, 0x92, 0x22, 0x8D,
    0xFF, 0x92, 0x22, 0x00, 0x20, 0xA7, 0x00, 0x00, 0xE7, 0x92, 0x77, 0x01, 0x7F, 0xF7, 0x83, 0x77, 0x01, 0xFF, 0xFF, 0x83,
    0x77, 0x03, 0x7F, 0xF7, 0x77, 0xE0, 0xB9, 0x00, 0x02, 0x09, 0x22, 0x2F, 0x8B, 0xFF, 0x00, 0xF2, 0x92, 0x22, 0x00, 0x29,
    0xA7, 0x00, 0x00, 0xE7, 0x98, 0x77, 0x01, 0xFF, 0xFF, 0x85, 0x77, 0x00, 0x7E, 0xBB, 0x00, 0x0C, 0x92, 0x22, 0x22, 0x2F,
    0xFF, 0xF2, 0x22, 0xFF, 0xFF, 0x22, 0x2F, 0xFF, 0xF2, 0x94, 0x22, 0x00, 0x29, 0xA7, 0x00, 0x99, 0x77, 0x01, 0xFF, 0xFF,
    0x85, 0x77, 0x00, 0xE0, 0xBB, 0x00, 0x0C, 0x09, 0x22, 0x22, 0x2F, 0xFF, 0xF2, 0x22, 0xFF, 0xFF, 0x22, 0x2F, 0xFF, 0xF2,
    0x95, 0x22, 0xA6, 0x00, 0x00, 0x0E, 0x99, 0x77, 0x01, 0xFF, 0xFF, 0x85, 0x77, 0x00, 0xE0, 0xBB, 0x00, 0x0C, 0x09, 0x22,
    0x22, 0x2F, 0xFF, 0xF2, 0x22, 0xFF, 0xFF, 0x22, 0x2F, 0xFF, 0xF2, 0x95, 0x22, 0x00, 0x90, 0xA5, 0x00, 0x00, 0x0E, 0x99,
    0x77, 0x01, 0x7F, 0xF7, 0x84, 0x77, 0x00, 0x7E, 0xBD, 0x00, 0x0A, 0x92, 0x22, 0x22, 0xFF, 0x22, 0x22, 0x2F, 0xF2, 0x22,
    0x22, 0xFF, 0x96, 0x22, 0x00, 0x90, 0xA5, 0x00, 0x00, 0x07, 0xA0, 0x77, 0x00, 0xE0, 0xBD, 0x00, 0x00, 0x09, 0xA0, 0x22,
    0x00, 0x20, 0xA5, 0x00, 0x00, 0xE7, 0xA0, 0x77, 0xBF, 0x00, 0xA0, 0x22, 0x00, 0x29, 0xA5, 0x00, 0x00, 0xE7, 0x9F, 0x77,
    0x00, 0x7E, 0xBF, 0x00, 0x00, 0x92, 0x9F, 0x22, 0x00, 0x29, 0xA5, 0x00, 0xA0, 0x77, 0x00, 0xE0, 0xBF, 0x00, 0x00, 0x09,
    0xA0, 0x22, 0xA4, 0x00, 0x00, 0x0E, 0xA0, 0x77, 0x00, 0xE0, 0xBF, 0x00, 0x00, 0x09, 0xA0, 0x22, 0x00, 0x90, 0xA3, 0x00,
    0x00, 0x0E, 0x9F, 0x77, 0x00, 0x7E, 0xC1, 0x00, 0x00, 0x92, 0x9F, 0x22, 0x00, 0x90, 0xA4, 0x00, 0x00, 0xEE, 0x9E, 0x77,
    0x00, 0x70, 0xC1, 0x00, 0x00, 0x02, 0x9E, 0x22, 0x00, 0x99, 0xA6, 0x00, 0x01, 0x0E, 0xEE, 0x9C, 0x77, 0x00, 0xE0, 0xC1,
    0x00, 0x00, 0x09, 0x9C, 0x22, 0x01, 0x99, 0x90, 0xA9, 0x00, 0x01, 0x0E, 0xE7, 0x99, 0x77, 0x00, 0x7E, 0xC3, 0x00, 0x00,
    0x92, 0x99, 0x22, 0x01, 0x29, 0x90, 0xAD, 0x00, 0x00, 0xEE, 0x98, 0x77, 0x00, 0x7E, 0xC3, 0x00, 0x00, 0x92, 0x98, 0x22,
    0x00, 0x99, 0xB0, 0x00, 0x01, 0x0E, 0xEE, 0x96, 0x77, 0x00, 0xE0, 0xC3, 0x00, 0x00, 0x09, 0x96, 0x22, 0x01, 0x99, 0x90,
    0xB3, 0x00, 0x01, 0x0E, 0xE7, 0x94, 0x77, 0x00, 0xE0, 0xC3, 0x00, 0x00, 0x09, 0x94, 0x22, 0x01, 0x29, 0x90, 0xB7, 0x00,
    0x01, 0xEE, 0xE7, 0x92, 0x77, 0xC5, 0x00, 0x92, 0x22, 0x01, 0x29, 0x99, 0xBB, 0x00, 0x00, 0xEE, 0x90, 0x77, 0x00, 0x7E,
    0xC5, 0x00, 0x00, 0x92, 0x90, 0x22, 0x00, 0x99, 0xBE, 0x00, 0x01, 0x0E, 0xEE, 0x8E, 0x77, 0x00, 0x70, 0xC5, 0x00, 0x00,
    0x02, 0x8E, 0x22, 0x01, 0x99, 0x90, 0xC1, 0x00, 0x01, 0x0E, 0xE7, 0x8C, 0x77, 0x00, 0xE0, 0xC5, 0x00, 0x00, 0x09, 0x8C,
    0x22, 0x01, 0x29, 0x90, 0xC5, 0x00, 0x01, 0xEE, 0xE7, 0x8A, 0x77, 0x00, 0xE0, 0xC5, 0x00, 0x00, 0x09, 0x8A, 0x22, 0x01,
    0x29, 0x99, 0xC9, 0x00, 0x00, 0xEE, 0x88, 0x77, 0x00, 0x7E, 0xC7, 0x00, 0x00, 0x92, 0x88, 0x22, 0x00, 0x99, 0xCC, 0x00,
    0x01, 0x0E, 0xEE, 0x86, 0x77, 0x00, 0x7E, 0xC7, 0x00, 0x00, 0x92, 0x86, 0x22, 0x01, 0x99, 0x90, 0xCF, 0x00, 0x01, 0x0E,
    0xE7, 0x84, 0x77, 0x00, 0x7E, 0xC7, 0x00, 0x00, 0x92, 0x84, 0x22, 0x01, 0x29, 0x90, 0xB9, 0x00, 0x02, 0x66, 0xDD, 0xD0,
    0x96, 0x00, 0x01, 0xEE, 0xE7, 0x82, 0x77, 0x00, 0xE0, 0xC7, 0x00, 0x00, 0x09, 0x82, 0x22, 0x01, 0x29, 0x99, 0x96, 0x00,
    0x02, 0x0A, 0xAA, 0x33, 0xA0, 0x00, 0x00, 0x0D, 0x82, 0x66, 0x02, 0x6D, 0xDD, 0xD0, 0x95, 0x00, 0x03, 0xEE, 0x77, 0x77,
    0xE0, 0xC7, 0x00, 0x03, 0x09, 0x22, 0x22, 0x99, 0x95, 0x00, 0x02, 0x0A, 0xAA, 0xA3, 0x82, 0x33, 0x00, 0xA0, 0x9F, 0x00,
    0x00, 0x0D, 0x85, 0x66, 0x02, 0x6D, 0xDD, 0xD0, 0x93, 0x00, 0x02, 0x0E, 0xEE, 0xE0, 0xC7, 0x00, 0x02, 0x09, 0x99, 0x90,
    0x93, 0x00, 0x02, 0x0A, 0xAA, 0xA3, 0x85, 0x33, 0x00, 0xA0, 0x9F, 0x00, 0x00, 0x0D, 0x88, 0x66, 0x01, 0x6D, 0xDD, 0xF1,
    0x00, 0x01, 0xAA, 0xA3, 0x88, 0x33, 0x00, 0xA0, 0x9F, 0x00, 0x00, 0x0D, 0x8B, 0x66, 0x01, 0xDD, 0xDD, 0xEB, 0x00, 0x01,
    0xAA, 0xAA, 0x8B, 0x33, 0x00, 0xA0, 0x9F, 0x00, 0x00, 0x06, 0x8E, 0x66, 0x01, 0xDD, 0xDD, 0xE5, 0x00, 0x01, 0xAA, 0xAA,
    0x8E, 0x33, 0x00, 0x30, 0x9F, 0x00, 0x00, 0x06, 0x91, 0x66, 0x01, 0xDD, 0xD0, 0xDF, 0x00, 0x01, 0x0A, 0xAA, 0x91, 0x33,
    0x00, 0x30, 0x9F, 0x00, 0x00, 0x06, 0x93, 0x66, 0x02, 0x6D, 0xDD, 0xD0, 0xD9, 0x00, 0x02, 0x0A, 0xAA, 0xA3, 0x93, 0x33,
    0x00, 0x30, 0x9F, 0x00, 0x00, 0xD6, 0x96, 0x66, 0x02, 0x6D, 0xDD, 0xD0, 0xD3, 0x00, 0x02, 0x0A, 0xAA, 0xA3, 0x96, 0x33,
    0x00, 0x3A, 0x9F, 0x00, 0x00, 0xD6, 0x99, 0x66, 0x01, 0x6D, 0xDD, 0xCF, 0x00, 0x01, 0xAA, 0xA3, 0x99, 0x33, 0x00, 0x3A,
    0x9F, 0x00, 0x00, 0xD6, 0x9C, 0x66, 0x01, 0xDD, 0xD0, 0xC9, 0x00, 0x01, 0x0A, 0xAA, 0x9C, 0x33, 0x00, 0x3A, 0x9F, 0x00,
    0x00, 0xD6, 0x9D, 0x66, 0xCB, 0x00, 0x9D, 0x33, 0x00, 0x3A, 0x9F, 0x00, 0x00, 0xD6, 0x9D, 0x66, 0xCB, 0x00, 0x9D, 0x33,
    0x00, 0x3A, 0x9F, 0x00, 0x00, 0xD6, 0x9D, 0x66, 0xCB, 0x00, 0x9D, 0x33, 0x00, 0x3A, 0x9F, 0x00, 0x9D, 0x66, 0x00, 0x6D,
    0xCB, 0x00, 0x00, 0xA3, 0x9D, 0x33, 0x9F, 0x00, 0x9D, 0x66, 0x00, 0x6D, 0xCB, 0x00, 0x00, 0xA3, 0x9D, 0x33, 0x9F, 0x00,
    0x9D, 0x66, 0x00, 0x6D, 0xCB, 0x00, 0x00, 0xA3, 0x9D, 0x33, 0x9F, 0x00, 0x9D, 0x66, 0x00, 0x6D, 0xCB, 0x00, 0x00, 0xA3,
    0x9D, 0x33, 0x9F, 0x00, 0x9D, 0x66, 0x00, 0x6D, 0xCB, 0x00, 0x00, 0xA3, 0x9D, 0x33, 0x9F, 0x00, 0x9D, 0x66, 0x00, 0x6D,
    0xCB, 0x00, 0x00, 0xA3, 0x9D, 0x33, 0x9F, 0x00, 0x9D, 0x66, 0x00, 0x60, 0xCB, 0x00, 0x00, 0x03, 0x9D, 0x33, 0x9F, 0x00,
    0x9D, 0x66, 0x00, 0x60, 0xCB, 0x00, 0x00, 0x03, 0x9D, 0x33, 0x9F, 0x00, 0x9D, 0x66, 0x00, 0x60, 0xCB, 0x00, 0x00, 0x03,
    0x9D, 0x33, 0x9F, 0x00, 0x9D, 0x66, 0x00, 0x60, 0xCB, 0x00, 0x00, 0x03, 0x9D, 0x33, 0x9F, 0x00, 0x9D, 0x66, 0x00, 0x60,
    0xCB, 0x00, 0x00, 0x03, 0x9D, 0x33, 0x9F, 0x00, 0x9D, 0x66, 0x00, 0x60, 0xCB, 0x00, 0x00, 0x03, 0x9D, 0x33, 0x9F, 0x00,
    0x9D, 0x66, 0x00, 0x60, 0xCB, 0x00, 0x00, 0x03, 0x9D, 0x33, 0x9F, 0x00, 0x9D, 0x66, 0x00, 0x60, 0xCB, 0x00, 0x00, 0x03,
    0x9D, 0x33, 0x9F, 0x00, 0x9D, 0x66, 0x00, 0x6D, 0xCB, 0x00, 0x00, 0xA3, 0x84, 0x33, 0x00, 0xFF, 0x97, 0x33, 0x9F, 0x00,
    0x9D, 0x66, 0x00, 0x6D, 0xCB, 0x00, 0x00, 0xA3, 0x83, 0x33, 0x02, 0x3F, 0xFF, 0xFF, 0x96, 0x33, 0x9F, 0x00, 0x91, 0x66,
    0x00, 0xFF, 0x84, 0x66, 0x00, 0xFF, 0x84, 0x66, 0x00, 0x6D, 0xCB, 0x00, 0x00, 0xA3, 0x82, 0x33, 0x00, 0x3F, 0x83, 0xFF,
    0x95, 0x33, 0x9F, 0x00, 0x8F, 0x66, 0x00, 0x6F, 0x82, 0xFF, 0x06, 0x66, 0xFF, 0x66, 0x6F, 0xFF, 0xFF, 0xF6, 0x82, 0x66,
    0x00, 0x6D, 0xCB, 0x00, 0x02, 0xA3, 0x33, 0x33, 0x86, 0xFF, 0x00, 0xF3, 0x93, 0x33, 0x9F, 0x00, 0x8D, 0x66, 0x00, 0x6F,
    0x8C, 0xFF, 0x02, 0x66, 0x66, 0x6D, 0xCB, 0x00, 0x02, 0xA3, 0x33, 0x3F, 0x82, 0xFF, 0x00, 0x33, 0x83, 0xFF, 0x93, 0x33,
    0x9F, 0x00, 0x8C, 0x66, 0x90, 0xFF, 0x00, 0x6D, 0xCB, 0x00, 0x04, 0xA3, 0x33, 0x3F, 0xFF, 0xFF, 0x82, 0x33, 0x82, 0xFF,
    0x93, 0x33, 0x9F, 0x00, 0x00, 0xD6, 0x8A, 0x66, 0x00, 0x6F, 0x83, 0xFF, 0x01, 0xF6, 0x66, 0x84, 0xFF, 0x01, 0xF6, 0x6F,
    0x83, 0xFF, 0x00, 0xF6, 0xCB, 0x00, 0x04, 0x33, 0x33, 0x3F, 0xFF, 0xF3, 0x83, 0x33, 0x01, 0xFF, 0xFF, 0x92, 0x33, 0x00,
    0x3A, 0x9F, 0x00, 0x00, 0xD6, 0x8A, 0x66, 0x00, 0x6F, 0x82, 0xFF, 0x83, 0x66, 0x82, 0xFF, 0x00, 0xF6, 0x82, 0x66, 0x82,
    0xFF, 0x00, 0xF6, 0xCB, 0x00, 0x04, 0x33, 0x33, 0x3F, 0xFF, 0xF3, 0x83, 0x33, 0x01, 0xFF, 0xFF, 0x92, 0x33, 0x00, 0x3A,
    0x9F, 0x00, 0x00, 0xD6, 0x8A, 0x66, 0x02, 0x6F, 0xFF, 0xF6, 0x84, 0x66, 0x02, 0x6F, 0xFF, 0xF6, 0x84, 0x66, 0x02, 0x6F,
    0xFF, 0xF6, 0xCB, 0x00, 0x04, 0x33, 0x33, 0x3F, 0xFF, 0xF3, 0x83, 0x33, 0x01, 0xFF, 0xFF, 0x92, 0x33, 0x00, 0x3A, 0x9F,
    0x00, 0x00, 0xD6, 0x8A, 0x66, 0x02, 0x6F, 0xFF, 0xF6, 0x84, 0x66, 0x02, 0x6F, 0xFF, 0xF6, 0x84, 0x66, 0x03, 0x6F, 0xFF,
    0xF6, 0xD0, 0xC9, 0x00, 0x05, 0x0A, 0x33, 0x33, 0x3F, 0xFF, 0xF3, 0x83, 0x33, 0x01, 0xFF, 0xFF, 0x92, 0x33, 0x00, 0x3A,
    0x9F, 0x00, 0x00, 0xD6, 0x8A, 0x66, 0x02, 0x6F, 0xFF, 0xF6, 0x84, 0x66, 0x02, 0x6F, 0xFF, 0xF6, 0x84, 0x66, 0x03, 0x6F,
    0xFF, 0xF6, 0xD0, 0xC9, 0x00, 0x05, 0x0A, 0x33, 0x33, 0x3F, 0xFF, 0xF3, 0x83, 0x33, 0x01, 0xFF, 0xFF, 0x92, 0x33, 0x00,
    0x3A, 0x9F, 0x00, 0x00, 0xD6, 0x8A, 0x66, 0x02, 0x6F, 0xFF, 0xF6, 0x84, 0x66, 0x02, 0x6F, 0xFF, 0xF6, 0x84, 0x66, 0x03,
    0x6F, 0xFF, 0xF6, 0xD0, 0xC9, 0x00, 0x05, 0x0A, 0x33, 0x33, 0x3F, 0xFF, 0xF3, 0x83, 0x33, 0x01, 0xFF, 0xFF, 0x92, 0x33,
    0x00, 0x3A, 0x9F, 0x00, 0x00, 0x06, 0x8A, 0x66, 0x02, 0x6F, 0xFF, 0xF6, 0x84, 0x66, 0x02, 0x6F, 0xFF, 0xF6, 0x84, 0x66,
    0x03, 0x6F, 0xFF, 0xF6, 0x60, 0xC9, 0x00, 0x05, 0x03, 0x33, 0x33, 0x3F, 0xFF, 0xF3, 0x83, 0x33, 0x01, 0xFF, 0xFF, 0x92,
    0x33, 0x00, 0x30, 0x9F, 0x00, 0x00, 0x06, 0x8A, 0x66, 0x02, 0x6F, 0xFF, 0xF6, 0x84, 0x66, 0x02, 0x6F, 0xFF, 0xF6, 0x84,
    0x66, 0x03, 0x6F, 0xFF, 0xF6, 0x60, 0xC9, 0x00, 0x05, 0x03, 0x33, 0x33, 0x3F, 0xFF, 0xF3, 0x83, 0x33, 0x01, 0xFF, 0xFF,
    0x84, 0x33, 0x00, 0xFF, 0x8C, 0x33, 0x00, 0x30, 0x9F, 0x00, 0x00, 0x06, 0x8A, 0x66, 0x02, 0x6F, 0xFF, 0xF6, 0x84, 0x66,
    0x02, 0x6F, 0xFF, 0xF6, 0x84, 0x66, 0x03, 0x6F, 0xFF, 0xF6, 0x6D, 0xC9, 0x00, 0x05, 0xA3, 0x33, 0x33, 0x3F, 0xFF, 0xF3,
    0x83, 0x33, 0x01, 0xFF, 0xFF, 0x83, 0x33, 0x02, 0x3F, 0xFF, 0xF3, 0x8B, 0x33, 0x00, 0x30, 0x9F, 0x00, 0x00, 0x0D, 0x8A,
    0x66, 0x02, 0x6F, 0xFF, 0xF6, 0x84, 0x66, 0x02, 0x6F, 0xFF, 0xF6, 0x84, 0x66, 0x03, 0x6F, 0xFF, 0xF6, 0x6D, 0xC9, 0x00,
    0x05, 0xA3, 0x33, 0x33, 0x3F, 0xFF, 0xF3, 0x83, 0x33, 0x01, 0xFF, 0xFF, 0x83, 0x33, 0x02, 0x3F, 0xFF, 0xF3, 0x8B, 0x33,
    0x00, 0xA0, 0x9F, 0x00, 0x00, 0x0D, 0x8A, 0x66, 0x02, 0x6F, 0xFF, 0xF6, 0x84, 0x66, 0x02, 0x6F, 0xFF, 0xF6, 0x84, 0x66,
    0x03, 0x6F, 0xFF, 0xF6, 0x66, 0xC9, 0x00, 0x82, 0x33, 0x02, 0x3F, 0xFF, 0xF3, 0x83, 0x33, 0x01, 0xFF, 0xFF, 0x83, 0x33,
    0x02, 0x3F, 0xFF, 0xF3, 0x8B, 0x33, 0x00, 0xA0, 0x9F, 0x00, 0x00, 0x0D, 0x8A, 0x66, 0x02, 0x6F, 0xFF, 0xF6, 0x84, 0x66,
    0x02, 0x6F, 0xFF, 0xF6, 0x84, 0x66, 0x04, 0x6F, 0xFF, 0xF6, 0x66, 0xD0, 0xC7, 0x00, 0x00, 0x0A, 0x82, 0x33, 0x02, 0x3F,
    0xFF, 0xF3, 0x83, 0x33, 0x01, 0xFF, 0xFF, 0x83, 0x33, 0x02, 0x3F, 0xFF, 0xF3, 0x8B, 0x33, 0x00, 0xA0, 0x9F, 0x00, 0x00,
    0x0D, 0x8A, 0x66, 0x02, 0x6F, 0xFF, 0xF6, 0x84, 0x66, 0x02, 0x6F, 0xFF, 0xF6, 0x84, 0x66, 0x04, 0x6F, 0xFF, 0xF6, 0x66,
    0xD0, 0xC7, 0x00, 0x00, 0x0A, 0x82, 0x33, 0x02, 0x3F, 0xFF, 0xF3, 0x83, 0x33, 0x01, 0xFF, 0xFF, 0x83, 0x33, 0x02, 0x3F,
    0xFF, 0xF3, 0x8B, 0x33, 0x00, 0xA0, 0xA0, 0x00, 0x8A, 0x66, 0x02, 0x6F, 0xFF, 0xF6, 0x84, 0x66, 0x02, 0x6F, 0xFF, 0xF6,
    0x84, 0x66, 0x04, 0x6F, 0xFF, 0xF6, 0x66, 0xD0, 0xC7, 0x00, 0x00, 0x0A, 0x82, 0x33, 0x02, 0x3F, 0xFF, 0xF3, 0x83, 0x33,
    0x01, 0xFF, 0xFF, 0x83, 0x33, 0x02, 0x3F, 0xFF, 0xF3, 0x8B, 0x33, 0xA1, 0x00, 0x8A, 0x66, 0x02, 0x6F, 0xFF, 0xF6, 0x84,
    0x66, 0x02, 0x6F, 0xFF, 0xF6, 0x84, 0x66, 0x04, 0x6F, 0xFF, 0xF6, 0x66, 0x6D, 0xC7, 0x00, 0x06, 0xA3, 0x33, 0x33, 0xFF,
    0x3F, 0xFF, 0xF3, 0x83, 0x33, 0x01, 0xFF, 0xFF, 0x82, 0x33, 0x03, 0xFF, 0x3F, 0xFF, 0xF3, 0x8B, 0x33, 0xA1, 0x00, 0x00,
    0xD6, 0x89, 0x66, 0x02, 0x6F, 0xFF, 0xF6, 0x84, 0x66, 0x02, 0x6F, 0xFF, 0xF6, 0x84, 0x66, 0x04, 0x6F, 0xFF, 0xF6, 0x66,
    0x6D, 0xC7, 0x00, 0x02, 0xA3, 0x33, 0x3F, 0x82, 0xFF, 0x00, 0xF3, 0x83, 0x33, 0x04, 0xFF, 0xFF, 0x33, 0x33, 0x3F, 0x82,
    0xFF, 0x00, 0xF3, 0x8A, 0x33, 0x00, 0x3A, 0xA1, 0x00, 0x00, 0xD6, 0x89, 0x66, 0x02, 0x6F, 0xFF, 0xF6, 0x84, 0x66, 0x02,
    0x6F, 0xFF, 0xF6, 0x84, 0x66, 0x04, 0x6F, 0xFF, 0xF6, 0x66, 0x6D, 0xC7, 0x00, 0x02, 0xA3, 0x33, 0x3F, 0x82, 0xFF, 0x00,
    0xF3, 0x83, 0x33, 0x04, 0xFF, 0xFF, 0x33, 0x33, 0x3F, 0x82, 0xFF, 0x00, 0xF3, 0x8A, 0x33, 0x00, 0x3A, 0xA1, 0x00, 0x00,
    0xD6, 0x89, 0x66, 0x02, 0x6F, 0xFF, 0xF6, 0x84, 0x66, 0x02, 0x6F, 0xFF, 0xF6, 0x84, 0x66, 0x05, 0x6F, 0xFF, 0xF6, 0x66,
    0x66, 0xD0, 0xC5, 0x00, 0x03, 0x0A, 0x33, 0x33, 0x3F, 0x83, 0xFF, 0x02, 0xF3, 0x33, 0x33, 0x82, 0xFF, 0x02, 0x33, 0x33,
    0x3F, 0x82, 0xFF, 0x00, 0xF3, 0x8A, 0x33, 0x00, 0x3A, 0xA1, 0x00, 0x00, 0x06, 0x89, 0x66, 0x02, 0x6F, 0xFF, 0xF6, 0x84,
    0x66, 0x02, 0x6F, 0xFF, 0xF6, 0x84, 0x66, 0x05, 0x6F, 0xFF, 0xF6, 0x66, 0x66, 0xD0, 0xC5, 0x00, 0x03, 0x0A, 0x33, 0x33,
    0x3F, 0x84, 0xFF, 0x00, 0x33, 0x82, 0xFF, 0x03, 0xF3, 0x33, 0x33, 0x3F, 0x82, 0xFF, 0x00, 0xF3, 0x8A, 0x33, 0x00, 0x30,
    0xA1, 0x00, 0x00, 0x06, 0x89, 0x66, 0x02, 0x6F, 0xFF, 0xF6, 0x82, 0x66, 0x0F, 0xFF, 0x66, 0x6F, 0xFF, 0xF6, 0x66, 0xFF,
    0xF6, 0x66, 0x66, 0x6F, 0xFF, 0xF6, 0x66, 0x66, 0x60, 0xC5, 0x00, 0x00, 0x03, 0x82, 0x33, 0x02, 0xFF, 0xFF, 0xF3, 0x84,
    0xFF, 0x04, 0xF3, 0x33, 0x3F, 0xF3, 0x3F, 0x82, 0xFF, 0x00, 0xF3, 0x8A, 0x33, 0x00, 0x30, 0xA1, 0x00, 0x00, 0x0D, 0x89,
    0x66, 0x03, 0x6F, 0xFF, 0xF6, 0x66, 0x82, 0xFF, 0x04, 0xF6, 0x6F, 0xFF, 0xF6, 0x6F, 0x83, 0xFF, 0x05, 0x6F, 0xFF, 0xF6,
    0x66, 0x66, 0x6D, 0xC5, 0x00, 0x00, 0xA3, 0x82, 0x33, 0x03, 0x3F, 0xFF, 0xFF, 0x3F, 0x82, 0xFF, 0x05, 0xF3, 0x33, 0x33,
    0xFF, 0xFF, 0x3F, 0x82, 0xFF, 0x00, 0xF3, 0x8A, 0x33, 0x00, 0xA0, 0xA1, 0x00, 0x00, 0x0D, 0x89, 0x66, 0x00, 0x6F, 0x90,
    0xFF, 0x00, 0xF6, 0x82, 0x66, 0xC5, 0x00, 0x84, 0x33, 0x0B, 0xFF, 0xFF, 0xF3, 0x3F, 0xFF, 0xFF, 0x33, 0xFF, 0x33, 0xFF,
    0xFF, 0x3F, 0x82, 0xFF, 0x00, 0xF3, 0x8A, 0x33, 0x00, 0xA0, 0xA1, 0x00, 0x00, 0x0D, 0x89, 0x66, 0x00, 0x6F, 0x90, 0xFF,
    0x00, 0xF6, 0x82, 0x66, 0x00, 0xD0, 0xC3, 0x00, 0x00, 0x0A, 0x84, 0x33, 0x0B, 0x3F, 0xFF, 0xFF, 0x33, 0xFF, 0x33, 0xFF,
    0xFF, 0xF3, 0xFF, 0xFF, 0x3F, 0x82, 0xFF, 0x00, 0xF3, 0x8A, 0x33, 0x00, 0xA0, 0xA2, 0x00, 0x89, 0x66, 0x00, 0x6F, 0x83,
    0xFF, 0x01, 0xF6, 0x66, 0x84, 0xFF, 0x02, 0x66, 0x66, 0x6F, 0x82, 0xFF, 0x00, 0xF6, 0x82, 0x66, 0x00, 0xD0, 0xC3, 0x00,
    0x00, 0x0A, 0x85, 0x33, 0x86, 0xFF, 0x03, 0xF3, 0xFF, 0xFF, 0x3F, 0x82, 0xFF, 0x00, 0xF3, 0x8A, 0x33, 0xA3, 0x00, 0x00,
    0xD6, 0x89, 0x66, 0x01, 0xFF, 0xFF, 0x83, 0x66, 0x00, 0x6F, 0x82, 0xFF, 0x00, 0xF6, 0x84, 0x66, 0x00, 0xFF, 0x83, 0x66,
    0x00, 0x6D, 0xC3, 0x00, 0x00, 0xA3, 0x85, 0x33, 0x00, 0x3F, 0x85, 0xFF, 0x03, 0x33, 0xFF, 0xFF, 0x3F, 0x82, 0xFF, 0x00,
    0xF3, 0x89, 0x33, 0x00, 0x3A, 0xA3, 0x00, 0x00, 0xD6, 0x90, 0x66, 0x02, 0x6F, 0xFF, 0xF6, 0x8A, 0x66, 0x00, 0x6D, 0xC3,
    0x00, 0x00, 0xA3, 0x86, 0x33, 0x84, 0xFF, 0x04, 0x33, 0x33, 0xFF, 0xFF, 0x3F, 0x82, 0xFF, 0x00, 0xF3, 0x89, 0x33, 0x00,
    0x3A, 0xA3, 0x00, 0x00, 0xD6, 0x90, 0x66, 0x02, 0x6F, 0xFF, 0xF6, 0x8B, 0x66, 0x00, 0xD0, 0xC1, 0x00, 0x00, 0x0A, 0x88,
    0x33, 0x02, 0x3F, 0xFF, 0xF3, 0x82, 0x33, 0x02, 0xFF, 0xFF, 0x3F, 0x82, 0xFF, 0x00, 0xF3, 0x89, 0x33, 0x00, 0x3A, 0xA3,
    0x00, 0x00, 0x06, 0x91, 0x66, 0x00, 0xFF, 0x8C, 0x66, 0x00, 0x60, 0xC1, 0x00, 0x00, 0x03, 0x86, 0x33, 0x00, 0x3F, 0x85,
    0xFF, 0x03, 0x33, 0xFF, 0xFF, 0x3F, 0x82, 0xFF, 0x00, 0xF3, 0x89, 0x33, 0x00, 0x30, 0xA3, 0x00, 0x00, 0x0D, 0x9F, 0x66,
    0x00, 0x6D, 0xC1, 0x00, 0x00, 0xA3, 0x86, 0x33, 0x86, 0xFF, 0x06, 0xF3, 0x3F, 0xF3, 0x33, 0xFF, 0x33, 0xFF, 0x8A, 0x33,
    0x00, 0xA0, 0xA3, 0x00, 0x00, 0x0D, 0xA0, 0x66, 0x00, 0xD0, 0xBF, 0x00, 0x00, 0x0A, 0x87, 0x33, 0x86, 0xFF, 0x00, 0xF3,
    0x90, 0x33, 0x00, 0xA0, 0xA4, 0x00, 0xA0, 0x66, 0x00, 0xD0, 0xBF, 0x00, 0x00, 0x0A, 0x87, 0x33, 0x00, 0x3F, 0x85, 0xFF,
    0x91, 0x33, 0xA5, 0x00, 0x00, 0xD6, 0x9F, 0x66, 0x00, 0x6D, 0xBF, 0x00, 0x00, 0xA3, 0x9F, 0x33, 0x00, 0x3A, 0xA5, 0x00,
    0x00, 0xD6, 0xA0, 0x66, 0xBF, 0x00, 0xA0, 0x33, 0x00, 0x3A, 0xA5, 0x00, 0x00, 0x06, 0xA0, 0x66, 0x00, 0xD0, 0xBD, 0x00,
    0x00, 0x0A, 0xA0, 0x33, 0x00, 0x30, 0xA5, 0x00, 0x00, 0x0D, 0xA0, 0x66, 0x00, 0x6D, 0xBD, 0x00, 0x00, 0xA3, 0xA0, 0x33,
    0x00, 0xA0, 0xA5, 0x00, 0x00, 0x0D, 0xA0, 0x66, 0x00, 0x6D, 0xBD, 0x00, 0x00, 0xA3, 0xA0, 0x33, 0x00, 0xA0, 0xA6, 0x00,
    0xA0, 0x66, 0x00, 0xD0, 0xBD, 0x00, 0x00, 0x0A, 0xA0, 0x33, 0xA7, 0x00, 0x00, 0xD6, 0x9E, 0x66, 0x00, 0xDD, 0xBF, 0x00,
    0x00, 0xAA, 0x9E, 0x33, 0x00, 0x3A, 0xA7, 0x00, 0x00, 0xD6, 0x9D, 0x66, 0x00, 0x6D, 0xC1, 0x00, 0x00, 0xA3, 0x9D, 0x33,
    0x00, 0x3A, 0xA7, 0x00, 0x00, 0x06, 0x9D, 0x66, 0x00, 0xD0, 0xC1, 0x00, 0x00, 0x0A, 0x9D, 0x33, 0x00, 0x30, 0xA7, 0x00,
    0x00, 0x0D, 0x9C, 0x66, 0x00, 0xD0, 0x83, 0x00, 0x01, 0x0C, 0xC0, 0xB7, 0x00, 0x01, 0x0B, 0xB0, 0x83, 0x00, 0x00, 0x0A,
    0x9C, 0x33, 0x00, 0xA0, 0xA7, 0x00, 0x00, 0x0D, 0x9B, 0x66, 0x00, 0x6D, 0x84, 0x00, 0x01, 0xC5, 0x50, 0xB7, 0x00, 0x01,
    0x04, 0x4B, 0x84, 0x00, 0x00, 0xA3, 0x9B, 0x33, 0x00, 0xA0, 0xA8, 0x00, 0x00, 0xD6, 0x99, 0x66, 0x01, 0x6D, 0xD0, 0x83,
    0x00, 0x02, 0x0C, 0x55, 0x5C, 0xB7, 0x00, 0x02, 0xB4, 0x44, 0xB0, 0x83, 0x00, 0x01, 0x0A, 0xA3, 0x99, 0x33, 0x00, 0x3A,
    0xA9, 0x00, 0x00, 0xD6, 0x99, 0x66, 0x00, 0xD0, 0x84, 0x00, 0x03, 0xC5, 0x55, 0x55, 0xC0, 0xB5, 0x00, 0x03, 0x0B, 0x44,
    0x44, 0x4B, 0x84, 0x00, 0x00, 0x0A, 0x99, 0x33, 0x00, 0x3A, 0xA9, 0x00, 0x00, 0x06, 0x98, 0x66, 0x00, 0x6D, 0x84, 0x00,
    0x00, 0xCC, 0x82, 0x55, 0x00, 0x5C, 0xB5, 0x00, 0x00, 0xB4, 0x82, 0x44, 0x00, 0xBB, 0x84, 0x00, 0x00, 0xA3, 0x98, 0x33,
    0x00, 0x30, 0xA9, 0x00, 0x00, 0x0D, 0x97, 0x66, 0x01, 0x6D, 0xD0, 0x83, 0x00, 0x00, 0x0C, 0x84, 0x55, 0x00, 0xC0, 0xB3,
    0x00, 0x00, 0x0B, 0x84, 0x44, 0x00, 0xB0, 0x83, 0x00, 0x01, 0x0A, 0xA3, 0x97, 0x33, 0x00, 0xA0, 0xAA, 0x00, 0x97, 0x66,
    0x00, 0xD0, 0x84, 0x00, 0x00, 0xC5, 0x84, 0x55, 0x00, 0x5C, 0xB3, 0x00, 0x00, 0xB4, 0x84, 0x44, 0x00, 0x4B, 0x84, 0x00,
    0x00, 0x0A, 0x97, 0x33, 0xAB, 0x00, 0x00, 0xD6, 0x95, 0x66, 0x00, 0x6D, 0x84, 0x00, 0x00, 0x0C, 0x86, 0x55, 0x00, 0x5C,
    0xB1, 0x00, 0x00, 0xB4, 0x86, 0x44, 0x00, 0xB0, 0x84, 0x00, 0x00, 0xA3, 0x95, 0x33, 0x00, 0x3A, 0xAB, 0x00, 0x00, 0xD6,
    0x94, 0x66, 0x00, 0x6D, 0x85, 0x00, 0x00, 0xC5, 0x87, 0x55, 0x00, 0xC0, 0xAF, 0x00, 0x00, 0x0B, 0x87, 0x44, 0x00, 0x4B,
    0x85, 0x00, 0x00, 0xA3, 0x94, 0x33, 0x00, 0x3A, 0xAB, 0x00, 0x00, 0x0D, 0x94, 0x66, 0x00, 0xD0, 0x84, 0x00, 0x00, 0x0C,
    0x88, 0x55, 0x00, 0x5C, 0xAF, 0x00, 0x00, 0xB4, 0x88, 0x44, 0x00, 0xB0, 0x84, 0x00, 0x00, 0x0A, 0x94, 0x33, 0x00, 0xA0,
    0xAB, 0x00, 0x00, 0x0D, 0x93, 0x66, 0x00, 0xDD, 0x85, 0x00, 0x00, 0xC5, 0x89, 0x55, 0x00, 0xC0, 0xAD, 0x00, 0x00, 0x0B,
    0x89, 0x44, 0x00, 0x4B, 0x85, 0x00, 0x00, 0xAA, 0x93, 0x33, 0x00, 0xA0, 0xAC, 0x00, 0x00, 0xD6, 0x91, 0x66, 0x00, 0x6D,
    0x85, 0x00, 0x00, 0xCC, 0x8A, 0x55, 0x01, 0x5C, 0xC0, 0xAB, 0x00, 0x01, 0x0B, 0xB4, 0x8A, 0x44, 0x00, 0xBB, 0x85, 0x00,
    0x00, 0xA3, 0x91, 0x33, 0x00, 0x3A, 0xAD, 0x00, 0x00, 0xD6, 0x91, 0x66, 0x00, 0xD0, 0x84, 0x00, 0x00, 0x0C, 0x8C, 0x55,
    0x00, 0x5C, 0xAB, 0x00, 0x00, 0xB4, 0x8C, 0x44, 0x00, 0xB0, 0x84, 0x00, 0x00, 0x0A, 0x91, 0x33, 0x00, 0x3A, 0xAD, 0x00,
    0x00, 0x0D, 0x90, 0x66, 0x00, 0xD0, 0x85, 0x00, 0x00, 0xC5, 0x8D, 0x55, 0x00, 0xC0, 0xA9, 0x00, 0x00, 0x0B, 0x8D, 0x44,
    0x00, 0x4B, 0x85, 0x00, 0x00, 0x0A, 0x90, 0x33, 0x00, 0xA0, 0xAD, 0x00, 0x00, 0x0D, 0x8F, 0x66, 0x00, 0x6D, 0x85, 0x00,
    0x00, 0x0C, 0x8F, 0x55, 0x00, 0xC0, 0xA7, 0x00, 0x00, 0x0B, 0x8F, 0x44, 0x00, 0xB0, 0x85, 0x00, 0x00, 0xA3, 0x8F, 0x33,
    0x00, 0xA0, 0xAE, 0x00, 0x00, 0xD6, 0x8E, 0x66, 0x00, 0xD0, 0x85, 0x00, 0x00, 0xC5, 0x8F, 0x55, 0x01, 0x5C, 0xC0, 0xA5,
    0x00, 0x01, 0x0B, 0xB4, 0x8F, 0x44, 0x00, 0x4B, 0x85, 0x00, 0x00, 0x0A, 0x8E, 0x33, 0x00, 0x3A, 0xAF, 0x00, 0x00, 0xD6,
    0x8D, 0x66, 0x00, 0xD0, 0x85, 0x00, 0x00, 0x0C, 0x91, 0x55, 0x00, 0x5C, 0xA5, 0x00, 0x00, 0xB4, 0x91, 0x44, 0x00, 0xB0,
    0x85, 0x00, 0x00, 0x0A, 0x8D, 0x33, 0x00, 0x3A, 0xAF, 0x00, 0x00, 0x0D, 0x8C, 0x66, 0x00, 0x6D, 0x86, 0x00, 0x00, 0xC5,
    0x92, 0x55, 0x00, 0x5C, 0xA3, 0x00, 0x00, 0xB4, 0x92, 0x44, 0x00, 0x4B, 0x86, 0x00, 0x00, 0xA3, 0x8C, 0x33, 0x00, 0xA0,
    0xB0, 0x00, 0x8B, 0x66, 0x01, 0x6D, 0xD0, 0x85, 0x00, 0x00, 0xC5, 0x94, 0x55, 0x00, 0xCC, 0xA1, 0x00, 0x00, 0xBB, 0x94,
    0x44, 0x00, 0x4B, 0x85, 0x00, 0x01, 0x0A, 0xA3, 0x8B, 0x33, 0xB1, 0x00, 0x00, 0xD6, 0x8A, 0x66, 0x00, 0xD0, 0x85, 0x00,
    0x00, 0x0C, 0x96, 0x55, 0x00, 0xCC, 0x9F, 0x00, 0x00, 0xBB, 0x96, 0x44, 0x00, 0xB0, 0x85, 0x00, 0x00, 0x0A, 0x8A, 0x33,
    0x00, 0x3A, 0xB1, 0x00, 0x00, 0x0D, 0x89, 0x66, 0x00, 0x6D, 0x86, 0x00, 0x00, 0xC5, 0x97, 0x55, 0x00, 0x5C, 0x9D, 0x00,
    0x00, 0xB4, 0x97, 0x44, 0x00, 0x4B, 0x86, 0x00, 0x00, 0xA3, 0x89, 0x33, 0x00, 0xA0, 0xB1, 0x00, 0x00, 0x0D, 0x88, 0x66,
    0x00, 0x6D, 0x86, 0x00, 0x00, 0x0C, 0x99, 0x55, 0x01, 0x5C, 0xC0, 0x99, 0x00, 0x01, 0x0B, 0xB4, 0x99, 0x44, 0x00, 0xB0,
    0x86, 0x00, 0x00, 0xA3, 0x88, 0x33, 0x00, 0xA0, 0xB2, 0x00, 0x00, 0xD6, 0x87, 0x66, 0x00, 0xD0, 0x86, 0x00, 0x00, 0xC5,
    0x8A, 0x55, 0x90, 0xFF, 0x00, 0xCC, 0x97, 0x00, 0x01, 0xBB, 0xB4, 0x9A, 0x44, 0x00, 0x4B, 0x86, 0x00, 0x00, 0x0A, 0x87,
    0x33, 0x00, 0x3A, 0xB3, 0x00, 0x00, 0x06, 0x86, 0x66, 0x00, 0x6D, 0x86, 0x00, 0x00, 0x0C, 0x8A, 0x55, 0x00, 0x5F, 0x90,
    0xFF, 0x02, 0xF5, 0xCC, 0xC0, 0x93, 0x00, 0x01, 0x0B, 0xBB, 0x9D, 0x44, 0x00, 0xB0, 0x86, 0x00, 0x00, 0xA3, 0x86, 0x33,
    0x00, 0x30, 0xB3, 0x00, 0x00, 0x0D, 0x85, 0x66, 0x00, 0x6D, 0x86, 0x00, 0x01, 0x0C, 0xC5, 0x8A, 0x55, 0x00, 0x5F, 0x90,
    0xFF, 0x03, 0xF5, 0x55, 0x55, 0xCC, 0x91, 0x00, 0x00, 0xBB, 0x82, 0x44, 0x8D, 0xFF, 0x8E, 0x44, 0x01, 0x4B, 0xB0, 0x86,
    0x00, 0x00, 0xA3, 0x85, 0x33, 0x00, 0xA0, 0xB4, 0x00, 0x00, 0xD6, 0x84, 0x66, 0x00, 0xD0, 0x86, 0x00, 0x00, 0xC5, 0x8B,
    0x55, 0x00, 0x5F, 0x90, 0xFF, 0x00, 0xF5, 0x83, 0x55, 0x01, 0xCC, 0xC0, 0x8B, 0x00, 0x01, 0x0B, 0xBB, 0x83, 0x44, 0x00,
    0x4F, 0x8D, 0xFF, 0x02, 0xF4, 0x44, 0xFF, 0x8C, 0x44, 0x00, 0x4B, 0x86, 0x00, 0x00, 0x0A, 0x84, 0x33, 0x00, 0x3A, 0xB5,
    0x00, 0x00, 0x06, 0x83, 0x66, 0x00, 0xDD, 0x86, 0x00, 0x00, 0x0C, 0x8C, 0x55, 0x02, 0x5F, 0xFF, 0xF5, 0x8C, 0x55, 0x02,
    0x5F, 0xFF, 0xF5, 0x86, 0x55, 0x82, 0xCC, 0x83, 0x00, 0x82, 0xBB, 0x86, 0x44, 0x00, 0x4F, 0x8D, 0xFF, 0x03, 0xF4, 0x4F,
    0xFF, 0xF4, 0x8C, 0x44, 0x00, 0xB0, 0x86, 0x00, 0x00, 0xAA, 0x83, 0x33, 0x00, 0x30, 0xB5, 0x00, 0x00, 0x0D, 0x82, 0x66,
    0x00, 0x6D, 0x87, 0x00, 0x00, 0xC5, 0x8C, 0x55, 0x02, 0x5F, 0xFF, 0xF5, 0x89, 0x55, 0x05, 0xFF, 0x55, 0x55, 0x5F, 0xFF,
    0xF5, 0x89, 0x55, 0x83, 0x00, 0x89, 0x44, 0x00, 0x4F, 0x8D, 0xFF, 0x03, 0xF4, 0xFF, 0xFF, 0xF4, 0x8C, 0x44, 0x00, 0x4B,
    0x87, 0x00, 0x00, 0xA3, 0x82, 0x33, 0x00, 0xA0, 0xB6, 0x00, 0x03, 0xD6, 0x66, 0x66, 0xD0, 0x86, 0x00, 0x00, 0x0C, 0x8D,
    0x55, 0x02, 0x5F, 0xFF, 0xF5, 0x88, 0x55, 0x06, 0x5F, 0xFF, 0xFF, 0x55, 0x5F, 0xFF, 0xF5, 0x89, 0x55, 0x83, 0x00, 0x89,
    0x44, 0x02, 0x4F, 0xFF, 0xF4, 0x89, 0x44, 0x00, 0x4F, 0x83, 0xFF, 0x00, 0xF4, 0x8D, 0x44, 0x00, 0xB0, 0x86, 0x00, 0x03,
    0x0A, 0x33, 0x33, 0x3A, 0xB7, 0x00, 0x02, 0x06, 0x66, 0xD0, 0x87, 0x00, 0x00, 0xC5, 0x8D, 0x55, 0x02, 0x5F, 0xFF, 0xF5,
    0x88, 0x55, 0x82, 0xFF, 0x03, 0x55, 0x5F, 0xFF, 0xF5, 0x89, 0x55, 0x83, 0x00, 0x89, 0x44, 0x02, 0x4F, 0xFF, 0xF4, 0x89,
    0x44, 0x00, 0x4F, 0x83, 0xFF, 0x00, 0xF4, 0x8D, 0x44, 0x00, 0x4B, 0x87, 0x00, 0x02, 0x0A, 0x33, 0x30, 0xB7, 0x00, 0x01,
    0x0D, 0x6D, 0x87, 0x00, 0x00, 0x0C, 0x8E, 0x55, 0x02, 0x5F, 0xFF, 0xF5, 0x88, 0x55, 0x82, 0xFF, 0x03, 0x55, 0x5F, 0xFF,
    0xF5, 0x89, 0x55, 0x83, 0x00, 0x89, 0x44, 0x02, 0x4F, 0xFF, 0xF4, 0x82, 0x44, 0x01, 0x4F, 0xF4, 0x84, 0x44, 0x00, 0x4F,
    0x83, 0xFF, 0x00, 0xF4, 0x8E, 0x44, 0x00, 0xB0, 0x87, 0x00, 0x01, 0xA3, 0xA0, 0xC0, 0x00, 0x01, 0x0C, 0xC5, 0x8E, 0x55,
    0x02, 0x5F, 0xFF, 0xF5, 0x88, 0x55, 0x06, 0x5F, 0xFF, 0xFF, 0x55, 0x5F, 0xFF, 0xF5, 0x89, 0x55, 0x83, 0x00, 0x89, 0x44,
    0x02, 0x4F, 0xFF, 0xF4, 0x82, 0x44, 0x01, 0xFF, 0xFF, 0x84, 0x44, 0x00, 0x4F, 0x83, 0xFF, 0x00, 0xF4, 0x8E, 0x44, 0x01,
    0x4B, 0xB0, 0xC9, 0x00, 0x00, 0xC5, 0x8F, 0x55, 0x02, 0x5F, 0xFF, 0xF5, 0x88, 0x55, 0x06, 0x5F, 0xFF, 0xF5, 0x55, 0x5F,
    0xFF, 0xF5, 0x89, 0x55, 0x83, 0x00, 0x89, 0x44, 0x02, 0x4F, 0xFF, 0xF4, 0x82, 0x44, 0x82, 0xFF, 0x83, 0x44, 0x05, 0x4F,
    0xFF, 0xFF, 0x4F, 0xFF, 0xF4, 0x8F, 0x44, 0x00, 0x4B, 0xC8, 0x00, 0x00, 0x0C, 0x90, 0x55, 0x02, 0x5F, 0xFF, 0xF5, 0x88,
    0x55, 0x06, 0xFF, 0xFF, 0x55, 0x55, 0x5F, 0xFF, 0xF5, 0x88, 0x55, 0x00, 0x5C, 0x83, 0x00, 0x00, 0xB4, 0x88, 0x44, 0x02,
    0x4F, 0xFF, 0xF4, 0x82, 0x44, 0x83, 0xFF, 0x82, 0x44, 0x05, 0x4F, 0xFF, 0xF4, 0x4F, 0xFF, 0xF4, 0x90, 0x44, 0x00, 0xB0,
    0xC7, 0x00, 0x00, 0xC5, 0x90, 0x55, 0x02, 0x5F, 0xFF, 0xF5, 0x88, 0x55, 0x06, 0xFF, 0xFF, 0x55, 0x55, 0x5F, 0xFF, 0xF5,
    0x88, 0x55, 0x00, 0x5C, 0x83, 0x00, 0x00, 0xB4, 0x88, 0x44, 0x02, 0x4F, 0xFF, 0xF4, 0x82, 0x44, 0x83, 0xFF, 0x08, 0xF4,
    0x44, 0x44, 0x4F, 0xFF, 0xF4, 0x4F, 0xFF, 0xF4, 0x90, 0x44, 0x00, 0x4B, 0xC6, 0x00, 0x00, 0x0C, 0x91, 0x55, 0x02, 0x5F,
    0xFF, 0xF5, 0x87, 0x55, 0x07, 0x5F, 0xFF, 0xFF, 0xF5, 0x55, 0x5F, 0xFF, 0xF5, 0x88, 0x55, 0x00, 0x5C, 0x83, 0x00, 0x00,
    0xB4, 0x88, 0x44, 0x02, 0x4F, 0xFF, 0xF4, 0x82, 0x44, 0x84, 0xFF, 0x07, 0xF4, 0x44, 0x4F, 0xFF, 0xF4, 0x4F, 0xFF, 0xF4,
    0x91, 0x44, 0x00, 0xB0, 0xC5, 0x00, 0x00, 0xC5, 0x91, 0x55, 0x02, 0x5F, 0xFF, 0xF5, 0x82, 0x55, 0x01, 0x5F, 0xF5, 0x82,
    0x55, 0x82, 0xFF, 0x04, 0xF5, 0x55, 0x5F, 0xFF, 0xF5, 0x88, 0x55, 0x00, 0x5C, 0x83, 0x00, 0x00, 0xB4, 0x88, 0x44, 0x02,
    0x4F, 0xFF, 0xF4, 0x82, 0x44, 0x02, 0xFF, 0xFF, 0x44, 0x82, 0xFF, 0x06, 0xF4, 0x4F, 0xFF, 0xF4, 0x4F, 0xFF, 0xF4, 0x91,
    0x44, 0x00, 0x4B, 0xC4, 0x00, 0x00, 0x0C, 0x92, 0x55, 0x02, 0x5F, 0xFF, 0xF5, 0x82, 0x55, 0x01, 0xFF, 0xFF, 0x82, 0x55,
    0x83, 0xFF, 0x03, 0x55, 0x5F, 0xFF, 0xF5, 0x88, 0x55, 0x00, 0x5C, 0x83, 0x00, 0x00, 0xB4, 0x88, 0x44, 0x02, 0x4F, 0xFF,
    0xF4, 0x82, 0x44, 0x03, 0xFF, 0xFF, 0x44, 0x44, 0x82, 0xFF, 0x05, 0x4F, 0xFF, 0xF4, 0x4F, 0xFF, 0xF4, 0x92, 0x44, 0x00,
    0xB0, 0xC2, 0x00, 0x00, 0x0C, 0x93, 0x55, 0x02, 0x5F, 0xFF, 0xF5, 0x82, 0x55, 0x0C, 0xFF, 0xFF, 0xF5, 0x55, 0x5F, 0xFF,
    0xF5, 0x5F, 0xFF, 0x55, 0x5F, 0xFF, 0xF5, 0x88, 0x55, 0x00, 0x5C, 0x83, 0x00, 0x00, 0xB4, 0x88, 0x44, 0x02, 0x4F, 0xFF,
    0xF4, 0x82, 0x44, 0x03, 0xFF, 0xFF, 0x44, 0x44, 0x82, 0xFF, 0x05, 0x4F, 0xFF, 0xF4, 0x4F, 0xFF, 0xF4, 0x93, 0x44, 0x00,
    0xB0, 0xC1, 0x00, 0x00, 0xC5, 0x93, 0x55, 0x05, 0x5F, 0xFF, 0xF5, 0x55, 0x55, 0x5F, 0x82, 0xFF, 0x09, 0xF5, 0xFF, 0xFF,
    0xF5, 0x5F, 0xFF, 0xF5, 0x5F, 0xFF, 0xF5, 0x88, 0x55, 0x00, 0x5C, 0x83, 0x00, 0x00, 0xB4, 0x88, 0x44, 0x02, 0x4F, 0xFF,
    0xF4, 0x82, 0x44, 0x02, 0xFF, 0xFF, 0x44, 0x82, 0xFF, 0x06, 0xF4, 0x4F, 0xFF, 0xF4, 0x4F, 0xFF, 0xF4, 0x93, 0x44, 0x00,
    0x4B, 0xC1, 0x00, 0x94, 0x55, 0x04, 0x5F, 0xFF, 0xF5, 0x55, 0x55, 0x86, 0xFF, 0x06, 0x55, 0x55, 0xFF, 0xFF, 0x5F, 0xFF,
    0xF5, 0x88, 0x55, 0x00, 0x5C, 0x83, 0x00, 0x00, 0xB4, 0x88, 0x44, 0x02, 0x4F, 0xFF, 0xF4, 0x82, 0x44, 0x0C, 0xFF, 0xFF,
    0x4F, 0xFF, 0xFF, 0xF4, 0x44, 0x4F, 0xFF, 0xF4, 0x4F, 0xFF, 0xF4, 0x94, 0x44, 0xC1, 0x00, 0x00, 0xC5, 0x93, 0x55, 0x07,
    0x5F, 0xFF, 0xF5, 0x55, 0x5F, 0xFF, 0xFF, 0x5F, 0x82, 0xFF, 0x07, 0xF5, 0x55, 0x55, 0xFF, 0xFF, 0x5F, 0xFF, 0xF5, 0x88,
    0x55, 0x00, 0x5C, 0x83, 0x00, 0x00, 0xB4, 0x88, 0x44, 0x02, 0x4F, 0xFF, 0xF4, 0x82, 0x44, 0x84, 0xFF, 0x07, 0x44, 0x44,
    0x4F, 0xFF, 0xF4, 0x4F, 0xFF, 0xF4, 0x93, 0x44, 0x00, 0x4B, 0xC1, 0x00, 0x00, 0x0C, 0x93, 0x55, 0x07, 0x5F, 0xFF, 0xF5,
    0x55, 0xFF, 0xFF, 0xF5, 0x55, 0x82, 0xFF, 0x03, 0xF5, 0x55, 0x55, 0x5F, 0x82, 0xFF, 0x00, 0xF5, 0x88, 0x55, 0x00, 0x5C,
    0x83, 0x00, 0x00, 0xB4, 0x88, 0x44, 0x02, 0x4F, 0xFF, 0xF4, 0x82, 0x44, 0x83, 0xFF, 0x82, 0x44, 0x05, 0x4F, 0xFF, 0xF4,
    0x4F, 0xFF, 0xF4, 0x93, 0x44, 0x00, 0xB0, 0xC2, 0x00, 0x00, 0xC5, 0x92, 0x55, 0x05, 0x5F, 0xFF, 0xF5, 0x5F, 0xFF, 0xFF,
    0x82, 0x55, 0x01, 0xFF, 0xFF, 0x82, 0x55, 0x00, 0x5F, 0x82, 0xFF, 0x00, 0xF5, 0x88, 0x55, 0x00, 0x50, 0x83, 0x00, 0x00,
    0x04, 0x88, 0x44, 0x02, 0x4F, 0xFF, 0xF4, 0x82, 0x44, 0x82, 0xFF, 0x83, 0x44, 0x05, 0x4F, 0xFF, 0xF4, 0x4F, 0xFF, 0xF4,
    0x92, 0x44, 0x00, 0x4B, 0xC3, 0x00, 0x00, 0x0C, 0x92, 0x55, 0x05, 0x5F, 0xFF, 0xF5, 0xFF, 0xFF, 0xF5, 0x82, 0x55, 0x01,
    0x5F, 0xF5, 0x83, 0x55, 0x82, 0xFF, 0x00, 0xF5, 0x88, 0x55, 0x00, 0x50, 0x83, 0x00, 0x00, 0x04, 0x88, 0x44, 0x02, 0x4F,
    0xFF, 0xF4, 0x82, 0x44, 0x02, 0xFF, 0xFF, 0xF4, 0x83, 0x44, 0x05, 0x4F, 0xFF, 0xFF, 0x4F, 0xFF, 0xF4, 0x92, 0x44, 0x00,
    0xB0, 0xC4, 0x00, 0x00, 0xC5, 0x91, 0x55, 0x00, 0x5F, 0x83, 0xFF, 0x89, 0x55, 0x82, 0xFF, 0x00, 0xF5, 0x88, 0x55, 0x00,
    0x50, 0x83, 0x00, 0x00, 0x04, 0x88, 0x44, 0x02, 0x4F, 0xFF, 0xF4, 0x82, 0x44, 0x01, 0x4F, 0xF4, 0x84, 0x44, 0x00, 0x4F,
    0x83, 0xFF, 0x00, 0xF4, 0x91, 0x44, 0x00, 0x4B, 0xC5, 0x00, 0x00, 0x0C, 0x91, 0x55, 0x00, 0x5F, 0x82, 0xFF, 0x00, 0xF5,
    0x89, 0x55, 0x03, 0x5F, 0xFF, 0xFF, 0xF5, 0x88, 0x55, 0x00, 0x50, 0x83, 0x00, 0x00, 0x04, 0x88, 0x44, 0x02, 0x4F, 0xFF,
    0xF4, 0x89, 0x44, 0x00, 0x4F, 0x83, 0xFF, 0x00, 0xF4, 0x91, 0x44, 0x00, 0xB0, 0xC6, 0x00, 0x00, 0xC5, 0x90, 0x55, 0x00,
    0x5F, 0x82, 0xFF, 0x8A, 0x55, 0x03, 0x5F, 0xFF, 0xFF, 0xF5, 0x88, 0x55, 0x00, 0x50, 0x83, 0x00, 0x00, 0x04, 0x88, 0x44,
    0x02, 0x4F, 0xFF, 0xF4, 0x89, 0x44, 0x00, 0x4F, 0x83, 0xFF, 0x00, 0xF4, 0x90, 0x44, 0x00, 0x4B, 0xC7, 0x00, 0x00, 0x0C,
    0x90, 0x55, 0x03, 0x5F, 0xFF, 0xFF, 0xF5, 0x8B, 0x55, 0x02, 0xFF, 0xFF, 0xF5, 0x88, 0x55, 0x00, 0x50, 0x83, 0x00, 0x00,
    0x04, 0x88, 0x44, 0x00, 0x4F, 0x8D, 0xFF, 0x03, 0xF4, 0xFF, 0xFF, 0xF4, 0x90, 0x44, 0x00, 0xB0, 0xC8, 0x00, 0x00, 0xC5,
    0x8F, 0x55, 0x02, 0x5F, 0xFF, 0xF5, 0x8C, 0x55, 0x02, 0x5F, 0xFF, 0xF5, 0x88, 0x55, 0x00, 0x50, 0x83, 0x00, 0x00, 0x04,
    0x88, 0x44, 0x00, 0x4F, 0x8D, 0xFF, 0x03, 0xF4, 0x4F, 0xFF, 0xF4, 0x8F, 0x44, 0x00, 0x4B, 0xC9, 0x00, 0x00, 0x0C, 0x8F,
    0x55, 0x00, 0x5F, 0x90, 0xFF, 0x00, 0xF5, 0x88, 0x55, 0x00, 0x50, 0x83, 0x00, 0x00, 0x04, 0x88, 0x44, 0x00, 0x4F, 0x8D,
    0xFF, 0x02, 0xF4, 0x44, 0xFF, 0x90, 0x44, 0x00, 0xB0, 0xCA, 0x00, 0x00, 0xC5, 0x8E, 0x55, 0x00, 0x5F, 0x90, 0xFF, 0x00,
    0xF5, 0x88, 0x55, 0x00, 0x50, 0x83, 0x00, 0x00, 0x04, 0x89, 0x44, 0x8D, 0xFF, 0x92, 0x44, 0x00, 0x4B, 0xCB, 0x00, 0x00,
    0x0C, 0x8E, 0x55, 0x00, 0x5F, 0x90, 0xFF, 0x00, 0xF5, 0x88, 0x55, 0x00, 0xC0, 0x83, 0x00, 0x00, 0x0B, 0xAA, 0x44, 0x00,
    0xB0, 0xCC, 0x00, 0x00, 0xC5, 0x8E, 0x55, 0x90, 0xFF, 0x89, 0x55, 0x00, 0xC0, 0x83, 0x00, 0x00, 0x0B, 0xA9, 0x44, 0x00,
    0x4B, 0xCD, 0x00, 0x00, 0x0C, 0xA9, 0x55, 0x00, 0xC0, 0x83, 0x00, 0x00, 0x0B, 0xA9, 0x44, 0x00, 0xB0, 0xCE, 0x00, 0x00,
    0xC5, 0xA8, 0x55, 0x00, 0xC0, 0x83, 0x00, 0x00, 0x0B, 0xA8, 0x44, 0x00, 0x4B, 0xCF, 0x00, 0x01, 0x0C, 0xC5, 0xA7, 0x55,
    0x00, 0xC0, 0x83, 0x00, 0x00, 0x0B, 0xA7, 0x44, 0x01, 0x4B, 0xB0, 0xD0, 0x00, 0x00, 0x0C, 0xA7, 0x55, 0x00, 0xC0, 0x83,
    0x00, 0x00, 0x0B, 0xA7, 0x44, 0x00, 0xB0, 0xD2, 0x00, 0x00, 0xC5, 0xA6, 0x55, 0x00, 0xC0, 0x83, 0x00, 0x00, 0x0B, 0xA6,
    0x44, 0x00, 0x4B, 0xD3, 0x00, 0x00, 0x0C, 0xA6, 0x55, 0x00, 0xC0, 0x83, 0x00, 0x00, 0x0B, 0xA6, 0x44, 0x00, 0xB0, 0xD4,
    0x00, 0x00, 0xCC, 0xA5, 0x55, 0x00, 0xC0, 0x83, 0x00, 0x00, 0x0B, 0xA5, 0x44, 0x00, 0xBB, 0xD6, 0x00, 0x00, 0xC5, 0xA4,
    0x55, 0x00, 0xC0, 0x83, 0x00, 0x00, 0x0B, 0xA4, 0x44, 0x00, 0x4B, 0xD7, 0x00, 0x00, 0x0C, 0xA4, 0x55, 0x85, 0x00, 0xA4,
    0x44, 0x00, 0xB0, 0xD8, 0x00, 0x00, 0x0C, 0xA3, 0x55, 0x85, 0x00, 0xA3, 0x44, 0x00, 0xB0, 0xDA, 0x00, 0x00, 0xC5, 0xA2,
    0x55, 0x85, 0x00, 0xA2, 0x44, 0x00, 0x4B, 0xDC, 0x00, 0x00, 0xC5, 0xA1, 0x55, 0x85, 0x00, 0xA1, 0x44, 0x00, 0x4B, 0xDD,
    0x00, 0x00, 0x0C, 0xA1, 0x55, 0x85, 0x00, 0xA1, 0x44, 0x00, 0xB0, 0xDE, 0x00, 0x00, 0x0C, 0xA0, 0x55, 0x85, 0x00, 0xA0,
    0x44, 0x00, 0xB0, 0xE0, 0x00, 0x00, 0xCC, 0x9F, 0x55, 0x85, 0x00, 0x9F, 0x44, 0x00, 0xBB, 0xE2, 0x00, 0x00, 0xC5, 0x9E,
    0x55, 0x85, 0x00, 0x9E, 0x44, 0x00, 0x4B, 0xE4, 0x00, 0x00, 0xC5, 0x9D, 0x55, 0x85, 0x00, 0x9D, 0x44, 0x00, 0x4B, 0xE5,
    0x00, 0x01, 0x0C, 0xC5, 0x9B, 0x55, 0x00, 0x5C, 0x85, 0x00, 0x00, 0xB4, 0x9B, 0x44, 0x01, 0x4B, 0xB0, 0xE6, 0x00, 0x01,
    0x0C, 0xC5, 0x9A, 0x55, 0x00, 0x5C, 0x85, 0x00, 0x00, 0xB4, 0x9A, 0x44, 0x01, 0x4B, 0xB0, 0xE8, 0x00, 0x01, 0x0C, 0xC5,
    0x99, 0x55, 0x00, 0x5C, 0x85, 0x00, 0x00, 0xB4, 0x99, 0x44, 0x01, 0x4B, 0xB0, 0xEA, 0x00, 0x01, 0x0C, 0xC5, 0x98, 0x55,
    0x00, 0x5C, 0x85, 0x00, 0x00, 0xB4, 0x98, 0x44, 0x01, 0x4B, 0xB0, 0xEC, 0x00, 0x01, 0x0C, 0xC5, 0x97, 0x55, 0x00, 0x5C,
    0x85, 0x00, 0x00, 0xB4, 0x97, 0x44, 0x01, 0x4B, 0xB0, 0xEF, 0x00, 0x00, 0xC5, 0x96, 0x55, 0x00, 0x5C, 0x85, 0x00, 0x00,
    0xB4, 0x96, 0x44, 0x00, 0x4B, 0xF2, 0x00, 0x00, 0xCC, 0x95, 0x55, 0x00, 0x5C, 0x85, 0x00, 0x00, 0xB4, 0x95, 0x44, 0x00,
    0xBB, 0xF4, 0x00, 0x00, 0xCC, 0x94, 0x55, 0x00, 0x5C, 0x85, 0x00, 0x00, 0xB4, 0x94, 0x44, 0x00, 0xBB, 0xF6, 0x00, 0x01,
    0x0C, 0xC5, 0x92, 0x55, 0x00, 0x5C, 0x85, 0x00, 0x00, 0xB4, 0x92, 0x44, 0x01, 0x4B, 0xB0, 0xF9, 0x00, 0x00, 0xCC, 0x91,
    0x55, 0x00, 0x5C, 0x85, 0x00, 0x00, 0xB4, 0x91, 0x44, 0x00, 0xBB, 0xFC, 0x00, 0x01, 0x0C, 0xC5, 0x8F, 0x55, 0x00, 0x5C,
    0x85, 0x00, 0x00, 0xB4, 0x8F, 0x44, 0x01, 0x4B, 0xB0, 0xFF, 0x00, 0x00, 0xCC, 0x8E, 0x55, 0x00, 0x50, 0x85, 0x00, 0x00,
    0x04, 0x8E, 0x44, 0x00, 0xBB, 0xFF, 0x00, 0x82, 0x00, 0x01, 0x0C, 0xCC, 0x8C, 0x55, 0x00, 0x50, 0x85, 0x00, 0x00, 0x04,
    0x8C, 0x44, 0x01, 0xBB, 0xB0, 0xFF, 0x00, 0x85, 0x00, 0x01, 0x0C, 0xCC, 0x8A, 0x55, 0x00, 0x50, 0x85, 0x00, 0x00, 0x04,
    0x8A, 0x44, 0x01, 0xBB, 0xB0, 0xFF, 0x00, 0x8A, 0x00, 0x01, 0xCC, 0xC5, 0x87, 0x55, 0x00, 0x50, 0x85, 0x00, 0x00, 0x04,
    0x87, 0x44, 0x01, 0x4B, 0xBB, 0xFF, 0x00, 0x8F, 0x00, 0x02, 0x0C, 0xCC, 0xC5, 0x84, 0x55, 0x00, 0x50, 0x85, 0x00, 0x00,
    0x04, 0x84, 0x44, 0x02, 0x4B, 0xBB, 0xB0, 0xFF, 0x00, 0x95, 0x00, 0x82, 0xCC, 0x01, 0x55, 0xC0, 0x85, 0x00, 0x01, 0x0B,
    0x44, 0x82, 0xBB, 0xFF, 0x00, 0xFF, 0x00, 0xFF, 0x00, 0xFF, 0x00, 0xFF, 0x00, 0xFF, 0x00, 0xFF, 0x00, 0xFF, 0x00, 0xFF,
    0x00, 0xFF, 0x00, 0xFF, 0x00, 0xFF, 0x00, 0xFF, 0x00, 0xFF, 0x00, 0xFF, 0x00, 0xFF, 0x00, 0xFF, 0x00, 0xFF, 0x00, 0xFF,
    0x00, 0xFF, 0x00, 0xFF, 0x00, 0xFF, 0x00, 0xFF, 0x00, 0xFF, 0x00, 0xFF, 0x00, 0xFF, 0x00, 0xFF, 0x00, 0xFF, 0x00, 0xFF,
    0x00, 0xFF, 0x00, 0xFF, 0x00, 0xFF, 0x00, 0xFF, 0x00, 0xFF, 0x00, 0xFF, 0x00, 0xFF, 0x00, 0xFF, 0x00, 0xFF, 0x00, 0xFF,
    0x00, 0xFF, 0x00, 0xFF, 0x00, 0xFF, 0x00, 0xFF, 0x00, 0x8C, 0x00,
};

static const uint8_t kLauncherFrame10[] = {
    0xFF, 0x00, 0xFF, 0x00, 0xFF, 0x00, 0xFF, 0x00, 0xFF, 0x00, 0xFF, 0x00, 0xFF, 0x00, 0xFF, 0x00, 0xFF, 0x00, 0xFF, 0x00,
    0xFF, 0x00, 0xFF, 0x00, 0xFF, 0x00, 0xFF, 0x00, 0xFF, 0x00, 0xFF, 0x00, 0xFF, 0x00, 0xFF, 0x00, 0xFF, 0x00, 0xFF, 0x00,
    0xFF, 0x00, 0xFF, 0x00, 0xFF, 0x00, 0xFF, 0x00, 0xFF, 0x00, 0xFF, 0x00, 0xFF, 0x00, 0xFF, 0x00, 0xFF, 0x00, 0xFF, 0x00,
    0xFF, 0x00, 0xFF, 0x00, 0xFF, 0x00, 0xFF, 0x00, 0xFF, 0x00, 0x90, 0x00, 0x82, 0x88, 0x89, 0x11, 0x82, 0x88, 0xFF, 0x00,
    0x95, 0x00, 0x02, 0x88, 0x88, 0x81, 0x91, 0x11, 0x02, 0x18, 0x88, 0x88, 0xFF, 0x00, 0x8E, 0x00, 0x01, 0x08, 0x88, 0x99,
    0x11, 0x01, 0x88, 0x80, 0xFF, 0x00, 0x89, 0x00, 0x01, 0x88, 0x81, 0x9D, 0x11, 0x01, 0x18, 0x88, 0xFF, 0x00, 0x85, 0x00,
    0x01, 0x88, 0x81, 0xA1, 0x11, 0x01, 0x18, 0x88, 0xFF, 0x00, 0x03, 0x00, 0x00, 0x08, 0x81, 0xA5, 0x11, 0x01, 0x18, 0x80,
    0xFE, 0x00, 0x00, 0x88, 0xA9, 0x11, 0x00, 0x88, 0xFB, 0x00, 0x01, 0x08, 0x81, 0xAB, 0x11, 0x01, 0x18, 0x80, 0xF8, 0x00,
    0x00, 0x88, 0xAF, 0x11, 0x00, 0x88, 0xF5, 0x00, 0x01, 0x08, 0x81, 0xB1, 0x11, 0x01, 0x18, 0x80, 0xF2, 0x00, 0x01, 0x08,
    0x81, 0xB3, 0x11, 0x01, 0x18, 0x80, 0xF0, 0x00, 0x00, 0x08, 0xB7, 0x11, 0x00, 0x80, 0xF0, 0x00, 0xB7, 0x11, 0xF1, 0x00,
    0x00, 0x81, 0xB5, 0x11, 0x00, 0x18, 0xF1, 0x00, 0x00, 0x81, 0xB5, 0x11, 0x00, 0x18, 0xF1, 0x00, 0x00, 0x08, 0xB5, 0x11,
    0x00, 0x80, 0xEB, 0x00, 0x00, 0xE0, 0x84, 0x00, 0x00, 0x08, 0x9E, 0x11, 0x00, 0xFF, 0x95, 0x11, 0x00, 0x80, 0x84, 0x00,
    0x00, 0x09, 0xE4, 0x00, 0x01, 0xEE, 0x70, 0x85, 0x00, 0x00, 0x81, 0x9B, 0x11, 0x82, 0xFF, 0x00, 0xF1, 0x93, 0x11, 0x00,
    0x18, 0x85, 0x00, 0x01, 0x02, 0x99, 0xE2, 0x00, 0x02, 0xEE, 0x77, 0x7E, 0x85, 0x00, 0x00, 0x81, 0x99, 0x11, 0x84, 0xFF,
    0x00, 0xF1, 0x93, 0x11, 0x00, 0x18, 0x85, 0x00, 0x02, 0x92, 0x22, 0x99, 0xE0, 0x00, 0x00, 0x0E, 0x82, 0x77, 0x85, 0x00,
    0x00, 0x01, 0x96, 0x11, 0x00, 0x1F, 0x86, 0xFF, 0x00, 0xF1, 0x93, 0x11, 0x00, 0x10, 0x85, 0x00, 0x82, 0x22, 0x00, 0x90,
    0xDE, 0x00, 0x00, 0x0E, 0x83, 0x77, 0x00, 0xE0, 0x84, 0x00, 0x00, 0x08, 0x94, 0x11, 0x89, 0xFF, 0x00, 0xF1, 0x93, 0x11,
    0x00, 0x80, 0x84, 0x00, 0x00, 0x09, 0x83, 0x22, 0x00, 0x90, 0xDC, 0x00, 0x01, 0x0E, 0xE7, 0x83, 0x77, 0x00, 0x70, 0x84,
    0x00, 0x00, 0x08, 0x93, 0x11, 0x00, 0x1F, 0x85, 0xFF, 0x04, 0xF1, 0x11, 0x1F, 0xFF, 0xF1, 0x93, 0x11, 0x00, 0x80, 0x84,
    0x00, 0x00, 0x02, 0x83, 0x22, 0x01, 0x29, 0x90, 0xDB, 0x00, 0x00, 0xE7, 0x84, 0x77, 0x00, 0x7E, 0x85, 0x00, 0x00, 0x81,
    0x92, 0x11, 0x00, 0x1F, 0x83, 0xFF, 0x83, 0x11, 0x02, 0x1F, 0xFF, 0xF1, 0x92, 0x11, 0x00, 0x18, 0x85, 0x00, 0x00, 0x92,
    0x84, 0x22, 0x00, 0x29, 0xDA, 0x00, 0x00, 0xE7, 0x86, 0x77, 0x00, 0xE0, 0x84, 0x00, 0x00, 0x81, 0x92, 0x11, 0x02, 0x1F,
    0xFF, 0xFF, 0x85, 0x11, 0x02, 0x1F, 0xFF, 0xF1, 0x92, 0x11, 0x00, 0x18, 0x84, 0x00, 0x00, 0x09, 0x86, 0x22, 0x00, 0x29,
    0xD8, 0x00, 0x00, 0x0E, 0x87, 0x77, 0x00, 0xE0, 0x84, 0x00, 0x00, 0x01, 0x92, 0x11, 0x02, 0x1F, 0xFF, 0xF1, 0x85, 0x11,
    0x02, 0x1F, 0xFF, 0xF1, 0x92, 0x11, 0x00, 0x10, 0x84, 0x00, 0x00, 0x09, 0x87, 0x22, 0x00, 0x90, 0xD6, 0x00, 0x00, 0x0E,
    0x88, 0x77, 0x00, 0x7E, 0x84, 0x00, 0x00, 0x08, 0x92, 0x11, 0x02, 0x1F, 0xFF, 0xF1, 0x85, 0x11, 0x02, 0x1F, 0xFF, 0xF1,
    0x92, 0x11, 0x00, 0x80, 0x84, 0x00, 0x00, 0x92, 0x88, 0x22, 0x00, 0x90, 0xD5, 0x00, 0x00, 0xE7, 0x88, 0x77, 0x00, 0x7E,
    0x85, 0x00, 0x92, 0x11, 0x02, 0x1F, 0xFF, 0xF1, 0x85, 0x11, 0x02, 0x1F, 0xFF, 0xF1, 0x92, 0x11, 0x85, 0x00, 0x00, 0x92,
    0x88, 0x22, 0x00, 0x29, 0xD4, 0x00, 0x00, 0xEE, 0x8A, 0x77, 0x00, 0xE0, 0x84, 0x00, 0x00, 0x81, 0x91, 0x11, 0x02, 0x1F,
    0xFF, 0xF1, 0x85, 0x11, 0x02, 0x1F, 0xFF, 0xF1, 0x91, 0x11, 0x00, 0x18, 0x84, 0x00, 0x00, 0x09, 0x8A, 0x22, 0x00, 0x99,
    0xD2, 0x00, 0x00, 0x0E, 0x8B, 0x77, 0x00, 0xE0, 0x84, 0x00, 0x00, 0x81, 0x91, 0x11, 0x02, 0x1F, 0xFF, 0xF1, 0x85, 0x11,
    0x02, 0x1F, 0xFF, 0xF1, 0x91, 0x11, 0x00, 0x18, 0x84, 0x00, 0x00, 0x09, 0x8B, 0x22, 0x00, 0x90, 0xD1, 0x00, 0x00, 0xE7,
    0x8B, 0x77, 0x00, 0x7E, 0x84, 0x00, 0x00, 0x08, 0x91, 0x11, 0x02, 0x1F, 0xFF, 0xF1, 0x85, 0x11, 0x02, 0x1F, 0xFF, 0xF1,
    0x91, 0x11, 0x00, 0x80, 0x84, 0x00, 0x00, 0x92, 0x8B, 0x22, 0x00, 0x29, 0xD0, 0x00, 0x00, 0x0E, 0x8C, 0x77, 0x00, 0x7E,
    0x84, 0x00, 0x00, 0x08, 0x91, 0x11, 0x02, 0x1F, 0xFF, 0xF1, 0x85, 0x11, 0x02, 0x1F, 0xFF, 0xF1, 0x91, 0x11, 0x00, 0x80,
    0x84, 0x00, 0x00, 0x92, 0x8C, 0x22, 0x00, 0x90, 0xCE, 0x00, 0x00, 0x0E, 0x8E, 0x77, 0x00, 0xE0, 0x84, 0x00, 0x91, 0x11,
    0x02, 0x1F, 0xFF, 0xF1, 0x85, 0x11, 0x02, 0x1F, 0xFF, 0xF1, 0x91, 0x11, 0x84, 0x00, 0x00, 0x09, 0x8E, 0x22, 0x00, 0x90,
    0xCD, 0x00, 0x00, 0xE7, 0x8E, 0x77, 0x00, 0x70, 0x84, 0x00, 0x00, 0x81, 0x90, 0x11, 0x02, 0x1F, 0xFF, 0xF1, 0x85, 0x11,
    0x02, 0x1F, 0xFF, 0xF1, 0x90, 0x11, 0x00, 0x18, 0x84, 0x00, 0x00, 0x02, 0x8E, 0x22, 0x00, 0x29, 0xCC, 0x00, 0x00, 0x0E,
    0x8F, 0x77, 0x00, 0x7E, 0x84, 0x00, 0x00, 0x01, 0x90, 0x11, 0x02, 0x1F, 0xFF, 0xF1, 0x85, 0x11, 0x02, 0x1F, 0xFF, 0xF1,
    0x90, 0x11, 0x00, 0x10, 0x84, 0x00, 0x00, 0x92, 0x8F, 0x22, 0x00, 0x90, 0xCB, 0x00, 0x00, 0xE7, 0x90, 0x77, 0x84, 0x00,
    0x00, 0x08, 0x90, 0x11, 0x02, 0x1F, 0xFF, 0xF1, 0x85, 0x11, 0x02, 0x1F, 0xFF, 0xF1, 0x90, 0x11, 0x00, 0x80, 0x84, 0x00,
    0x90, 0x22, 0x00, 0x29, 0xCA, 0x00, 0x00, 0x0E, 0x91, 0x77, 0x00, 0xE0, 0x83, 0x00, 0x00, 0x08, 0x90, 0x11, 0x02, 0x1F,
    0xFF, 0xF1, 0x85, 0x11, 0x02, 0x1F, 0xFF, 0xF1, 0x90, 0x11, 0x00, 0x80, 0x83, 0x00, 0x00, 0x09, 0x91, 0x22, 0x00, 0x90,
    0xC8, 0x00, 0x00, 0x0E, 0x92, 0x77, 0x00, 0x70, 0x84, 0x00, 0x00, 0x81, 0x8F, 0x11, 0x02, 0x1F, 0xFF, 0xF1, 0x82, 0x11,
    0x82, 0xFF, 0x02, 0x1F, 0xFF, 0xF1, 0x8F, 0x11, 0x00, 0x18, 0x84, 0x00, 0x00, 0x02, 0x92, 0x22, 0x00, 0x90, 0xC7, 0x00,
    0x00, 0xE7, 0x92, 0x77, 0x00, 0x7E, 0x84, 0x00, 0x00, 0x81, 0x8F, 0x11, 0x05, 0x1F, 0xFF, 0xF1, 0x11, 0x11, 0x1F, 0x84,
    0xFF, 0x00, 0xF1, 0x8F, 0x11, 0x00, 0x18, 0x84, 0x00, 0x00, 0x92, 0x92, 0x22, 0x00, 0x29, 0xC6, 0x00, 0x00, 0x0E, 0x94,
    0x77, 0x84, 0x00, 0x00, 0x01, 0x8F, 0x11, 0x04, 0x1F, 0xFF, 0xF1, 0x11, 0x11, 0x85, 0xFF, 0x00, 0xF1, 0x8F, 0x11, 0x00,
    0x10, 0x84, 0x00, 0x94, 0x22, 0x00, 0x90, 0xC5, 0x00, 0x00, 0xE7, 0x94, 0x77, 0x00, 0xE0, 0x83, 0x00, 0x00, 0x08, 0x8F,
    0x11, 0x04, 0x1F, 0xFF, 0xF1, 0x11, 0x11, 0x85, 0xFF, 0x00, 0xF1, 0x8F, 0x11, 0x00, 0x80, 0x83, 0x00, 0x00, 0x09, 0x94,
    0x22, 0x00, 0x29, 0xC4, 0x00, 0x00, 0x0E, 0x95, 0x77, 0x00, 0x7E, 0x84, 0x00, 0x8F, 0x11, 0x04, 0x1F, 0xFF, 0xF1, 0x11,
    0x11, 0x85, 0xFF, 0x90, 0x11, 0x84, 0x00, 0x00, 0x92, 0x95, 0x22, 0x00, 0x90, 0xC3, 0x00, 0x00, 0xE7, 0x95, 0x77, 0x00,
    0x7E, 0x84, 0x00, 0x00, 0x81, 0x8E, 0x11, 0x04, 0x1F, 0xFF, 0xF1, 0x11, 0x11, 0x84, 0xFF, 0x00, 0xF1, 0x8F, 0x11, 0x00,
    0x18, 0x84, 0x00, 0x00, 0x92, 0x95, 0x22, 0x00, 0x29, 0xC2, 0x00, 0x00, 0x0E, 0x97, 0x77, 0x00, 0xE0, 0x83, 0x00, 0x00,
    0x81, 0x8B, 0x11, 0x82, 0xFF, 0x04, 0x1F, 0xFF, 0xF1, 0x11, 0x11, 0x84, 0xFF, 0x90, 0x11, 0x00, 0x18, 0x83, 0x00, 0x00,
    0x09, 0x97, 0x22, 0x00, 0x90, 0xC1, 0x00, 0x00, 0xE7, 0x97, 0x77, 0x00, 0xE0, 0x83, 0x00, 0x00, 0x08, 0x8A, 0x11, 0x00,
    0x1F, 0x84, 0xFF, 0x02, 0xF1, 0x11, 0x11, 0x84, 0xFF, 0x90, 0x11, 0x00, 0x80, 0x83, 0x00, 0x00, 0x09, 0x97, 0x22, 0x00,
    0x29, 0xC0, 0x00, 0x00, 0x0E, 0x98, 0x77, 0x00, 0x7E, 0x83, 0x00, 0x00, 0x08, 0x8A, 0x11, 0x85, 0xFF, 0x03, 0xF1, 0x11,
    0x11, 0x1F, 0x82, 0xFF, 0x00, 0xF1, 0x90, 0x11, 0x00, 0x80, 0x83, 0x00, 0x00, 0x92, 0x98, 0x22, 0x00, 0x90, 0xBF, 0x00,
    0x00, 0xE7, 0x98, 0x77, 0x00, 0x7E, 0x84, 0x00, 0x8A, 0x11, 0x85, 0xFF, 0x83, 0x11, 0x82, 0xFF, 0x91, 0x11, 0x84, 0x00,
    0x00, 0x92, 0x98, 0x22, 0x00, 0x29, 0xBE, 0x00, 0x00, 0x0E, 0x9A, 0x77, 0x00, 0xE0, 0x83, 0x00, 0x00, 0x81, 0x89, 0x11,
    0x84, 0xFF, 0x00, 0xF1, 0x84, 0x11, 0x00, 0xFF, 0x91, 0x11, 0x00, 0x18, 0x83, 0x00, 0x00, 0x09, 0x9A, 0x22, 0x00, 0x90,
    0xBD, 0x00, 0x00, 0xE7, 0x9A, 0x77, 0x00, 0xE0, 0x83, 0x00, 0x00, 0x01, 0x89, 0x11, 0x84, 0xFF, 0x00, 0xF1, 0x97, 0x11,
    0x00, 0x10, 0x83, 0x00, 0x00, 0x09, 0x9A, 0x22, 0x00, 0x29, 0xBD, 0x00, 0x9B, 0x77, 0x00, 0x7E, 0x83, 0x00, 0x00, 0x08,
    0x89, 0x11, 0x84, 0xFF, 0x98, 0x11, 0x00, 0x80, 0x83, 0x00, 0x00, 0x92, 0x9B, 0x22, 0xBC, 0x00, 0x00, 0x0E, 0x9C, 0x77,
    0x83, 0x00, 0x00, 0x08, 0x89, 0x11, 0x84, 0xFF, 0x98, 0x11, 0x00, 0x80, 0x83, 0x00, 0x9C, 0x22, 0x00, 0x90, 0xBB, 0x00,
    0x00, 0xE7, 0x9C, 0x77, 0x00, 0xE0, 0x83, 0x00, 0x00, 0x81, 0x88, 0x11, 0x00, 0x1F, 0x82, 0xFF, 0x00, 0xF1, 0x97, 0x11,
    0x00, 0x18, 0x83, 0x00, 0x00, 0x09, 0x9C, 0x22, 0x00, 0x29, 0xBA, 0x00, 0x00, 0x0E, 0x9D, 0x77, 0x00, 0x70, 0x83, 0x00,
    0x00, 0x81, 0x89, 0x11, 0x82, 0xFF, 0x98, 0x11, 0x00, 0x18, 0x83, 0x00, 0x00, 0x02, 0x9D, 0x22, 0x00, 0x90, 0xB9, 0x00,
    0x00, 0xE7, 0x9D, 0x77, 0x00, 0x7E, 0x83, 0x00, 0x00, 0x01, 0x8A, 0x11, 0x00, 0xFF, 0x99, 0x11, 0x00, 0x10, 0x83, 0x00,
    0x00, 0x92, 0x9D, 0x22, 0x00, 0x29, 0xB8, 0x00, 0x00, 0x0E, 0x9F, 0x77, 0x83, 0x00, 0x00, 0x08, 0xA5, 0x11, 0x00, 0x80,
    0x83, 0x00, 0x9F, 0x22, 0x00, 0x90, 0xB7, 0x00, 0x00, 0x07, 0x9F, 0x77, 0x00, 0xE0, 0x82, 0x00, 0x00, 0x08, 0xA5, 0x11,
    0x00, 0x80, 0x82, 0x00, 0x00, 0x09, 0x9F, 0x22, 0x00, 0x20, 0xB7, 0x00, 0x00, 0xE7, 0x9F, 0x77, 0x00, 0x7E, 0x83, 0x00,
    0x00, 0x81, 0xA3, 0x11, 0x00, 0x18, 0x83, 0x00, 0x00, 0x92, 0x9F, 0x22, 0x00, 0x29, 0xB6, 0x00, 0x00, 0x0E, 0xA0, 0x77,
    0x00, 0x7E, 0x83, 0x00, 0x00, 0x81, 0xA3, 0x11, 0x00, 0x18, 0x83, 0x00, 0x00, 0x92, 0xA0, 0x22, 0x00, 0x90, 0xB5, 0x00,
    0x00, 0xE7, 0xA1, 0x77, 0x00, 0xE0, 0x82, 0x00, 0x00, 0x01, 0xA3, 0x11, 0x00, 0x10, 0x82, 0x00, 0x00, 0x09, 0xA1, 0x22,
    0x00, 0x29, 0xB4, 0x00, 0x00, 0x0E, 0x8F, 0x77, 0x00, 0xFF, 0x91, 0x77, 0x00, 0xE0, 0x82, 0x00, 0x00, 0x08, 0xA3, 0x11,
    0x00, 0x80, 0x82, 0x00, 0x00, 0x09, 0x8D, 0x22, 0x00, 0xFF, 0x82, 0x22, 0x00, 0xFF, 0x82, 0x22, 0x00, 0xFF, 0x8B, 0x22,
    0x00, 0x90, 0xB3, 0x00, 0x00, 0x0E, 0x8E, 0x77, 0x02, 0x7F, 0xFF, 0xF7, 0x90, 0x77, 0x00, 0x7E, 0x83, 0x00, 0xA3, 0x11,
    0x83, 0x00, 0x00, 0x92, 0x8C, 0x22, 0x0A, 0x2F, 0xFF, 0xF2, 0x22, 0x2F, 0xFF, 0xF2, 0x22, 0x2F, 0xFF, 0xF2, 0x8A, 0x22,
    0x00, 0x90, 0xB3, 0x00, 0x00, 0xE7, 0x8E, 0x77, 0x02, 0x7F, 0xFF, 0xF7, 0x90, 0x77, 0x00, 0x7E, 0x83, 0x00, 0x00, 0x81,
    0xA1, 0x11, 0x00, 0x18, 0x83, 0x00, 0x00, 0x92, 0x8C, 0x22, 0x0A, 0x2F, 0xFF, 0xF2, 0x22, 0x2F, 0xFF, 0xF2, 0x22, 0x2F,
    0xFF, 0xF2, 0x8A, 0x22, 0x00, 0x29, 0xB2, 0x00, 0x00, 0x0E, 0x8F, 0x77, 0x02, 0x7F, 0xFF, 0xF7, 0x91, 0x77, 0x00, 0xE0,
    0x82, 0x00, 0x00, 0x81, 0xA1, 0x11, 0x00, 0x18, 0x82, 0x00, 0x00, 0x09, 0x8D, 0x22, 0x0A, 0x2F, 0xFF, 0xF2, 0x22, 0x2F,
    0xFF, 0xF2, 0x22, 0x2F, 0xFF, 0xF2, 0x8B, 0x22, 0x00, 0x90, 0xB1, 0x00, 0x00, 0x07, 0x8F, 0x77, 0x02, 0x7F, 0xFF, 0xF7,
    0x91, 0x77, 0x00, 0xE0, 0x82, 0x00, 0x00, 0x08, 0xA1, 0x11, 0x00, 0x80, 0x82, 0x00, 0x00, 0x09, 0x8D, 0x22, 0x0A, 0x2F,
    0xFF, 0xF2, 0x22, 0x2F, 0xFF, 0xF2, 0x22, 0x2F, 0xFF, 0xF2, 0x8B, 0x22, 0x00, 0x20, 0xB1, 0x00, 0x00, 0xE7, 0x8A, 0x77,
    0x00, 0xFF, 0x83, 0x77, 0x02, 0x7F, 0xFF, 0xF7, 0x83, 0x77, 0x00, 0xFF, 0x8C, 0x77, 0x00, 0x7E, 0x82, 0x00, 0x00, 0x08,
    0xA1, 0x11, 0x00, 0x80, 0x82, 0x00, 0x00, 0x92, 0x8C, 0x22, 0x8C, 0xFF, 0x8A, 0x22, 0x00, 0x29, 0xB0, 0x00, 0x00, 0x0E,
    0x8A, 0x77, 0x02, 0x7F, 0xFF, 0xF7, 0x82, 0x77, 0x02, 0x7F, 0xFF, 0xF7, 0x82, 0x77, 0x02, 0x7F, 0xFF, 0xF7, 0x8C, 0x77,
    0x83, 0x00, 0xA1, 0x11, 0x83, 0x00, 0x8C, 0x22, 0x00, 0x2F, 0x8C, 0xFF, 0x00, 0xF2, 0x8A, 0x22, 0x00, 0x90, 0xAF, 0x00,
    0x00, 0x07, 0x8A, 0x77, 0x02, 0x7F, 0xFF, 0xFF, 0x82, 0x77, 0x02, 0x7F, 0xFF, 0xF7, 0x82, 0x77, 0x02, 0xFF, 0xFF, 0xF7,
    0x8C, 0x77, 0x00, 0xE0, 0x82, 0x00, 0x00, 0x81, 0x8A, 0x11, 0x82, 0x88, 0x83, 0x00, 0x82, 0x88, 0x8A, 0x11, 0x00, 0x18,
    0x82, 0x00, 0x00, 0x09, 0x8C, 0x22, 0x00, 0x2F, 0x8C, 0xFF, 0x00, 0xF2, 0x8A, 0x22, 0x00, 0x20, 0xAF, 0x00, 0x00, 0xE7,
    0x8B, 0x77, 0x0C, 0xFF, 0xFF, 0xF7, 0x77, 0x77, 0x7F, 0xFF, 0xF7, 0x77, 0x77, 0x7F, 0xFF, 0xFF, 0x8D, 0x77, 0x00, 0x70,
    0x82, 0x00, 0x00, 0x01, 0x87, 0x11, 0x01, 0x88, 0x80, 0x8B, 0x00, 0x01, 0x08, 0x88, 0x87, 0x11, 0x00, 0x10, 0x82, 0x00,
    0x00, 0x02, 0x8C, 0x22, 0x00, 0x2F, 0x8C, 0xFF, 0x00, 0xF2, 0x8A, 0x22, 0x00, 0x29, 0xAE, 0x00, 0x00, 0x0E, 0x8C, 0x77,
    0x0C, 0x7F, 0xFF, 0xFF, 0x77, 0x77, 0x7F, 0xFF, 0xF7, 0x77, 0x77, 0xFF, 0xFF, 0xF7, 0x8D, 0x77, 0x00, 0x7E, 0x82, 0x00,
    0x00, 0x08, 0x84, 0x11, 0x01, 0x18, 0x88, 0x91, 0x00, 0x01, 0x88, 0x81, 0x84, 0x11, 0x00, 0x80, 0x82, 0x00, 0x00, 0x92,
    0x8A, 0x22, 0x00, 0x2F, 0x82, 0xFF, 0x00, 0xF2, 0x88, 0x22, 0x00, 0x2F, 0x82, 0xFF, 0x00, 0xF2, 0x89, 0x22, 0x00, 0x90,
    0xAD, 0x00, 0x00, 0x0E, 0x8D, 0x77, 0x0A, 0xFF, 0xFF, 0xF7, 0x77, 0x77, 0xFF, 0x77, 0x77, 0x7F, 0xFF, 0xFF, 0x8F, 0x77,
    0x82, 0x00, 0x00, 0x08, 0x83, 0x11, 0x00, 0x88, 0x95, 0x00, 0x00, 0x88, 0x83, 0x11, 0x00, 0x80, 0x82, 0x00, 0x8B, 0x22,
    0x83, 0xFF, 0x00, 0xF2, 0x88, 0x22, 0x00, 0x2F, 0x83, 0xFF, 0x89, 0x22, 0x00, 0x90, 0xAD, 0x00, 0x00, 0xE7, 0x8D, 0x77,
    0x02, 0x7F, 0xFF, 0xF7, 0x84, 0x77, 0x02, 0x7F, 0xFF, 0xF7, 0x8F, 0x77, 0x00, 0xE0, 0x82, 0x00, 0x03, 0x81, 0x11, 0x18,
    0x80, 0x97, 0x00, 0x03, 0x08, 0x81, 0x11, 0x18, 0x82, 0x00, 0x00, 0x09, 0x8B, 0x22, 0x83, 0xFF, 0x00, 0xF2, 0x88, 0x22,
    0x00, 0x2F, 0x83, 0xFF, 0x89, 0x22, 0x00, 0x29, 0xAD, 0x00, 0x8F, 0x77, 0x00, 0xFF, 0x86, 0x77, 0x00, 0xFF, 0x90, 0x77,
    0x00, 0x70, 0x82, 0x00, 0x01, 0x81, 0x88, 0x9B, 0x00, 0x01, 0x88, 0x18, 0x82, 0x00, 0x00, 0x02, 0x8B, 0x22, 0x00, 0x2F,
    0x82, 0xFF, 0x00, 0xF2, 0x88, 0x22, 0x00, 0x2F, 0x82, 0xFF, 0x00, 0xF2, 0x8A, 0x22, 0xAC, 0x00, 0x00, 0x0E, 0xA9, 0x77,
    0x00, 0x7E, 0x82, 0x00, 0x00, 0x08, 0x9D, 0x00, 0x00, 0x80, 0x82, 0x00, 0x00, 0x92, 0x8D, 0x22, 0x02, 0x2F, 0xFF, 0xF2,
    0x82, 0x22, 0x00, 0xFF, 0x83, 0x22, 0x03, 0xFF, 0x2F, 0xFF, 0xF2, 0x8C, 0x22, 0x00, 0x90, 0xAB, 0x00, 0x00, 0xE7, 0x92,
    0x77, 0x82, 0xFF, 0x94, 0x77, 0x00, 0xE0, 0xA3, 0x00, 0x00, 0x09, 0x8E, 0x22, 0x0A, 0x2F, 0xFF, 0xF2, 0x22, 0x22, 0x2F,
    0xFF, 0xF2, 0x22, 0x22, 0x2F, 0x82, 0xFF, 0x00, 0xF2, 0x8C, 0x22, 0x00, 0x29, 0xAB, 0x00, 0x00, 0xE7, 0x91, 0x77, 0x00,
    0x7F, 0x82, 0xFF, 0x00, 0xF7, 0x93, 0x77, 0x00, 0xE0, 0xA3, 0x00, 0x00, 0x09, 0x8E, 0x22, 0x0A, 0x2F, 0xFF, 0xF2, 0x22,
    0x22, 0x2F, 0xFF, 0xFF, 0x22, 0x22, 0x2F, 0x82, 0xFF, 0x00, 0xF2, 0x8C, 0x22, 0x00, 0x29, 0xAA, 0x00, 0x00, 0x0E, 0x92,
    0x77, 0x84, 0xFF, 0x93, 0x77, 0x00, 0xE0, 0xA3, 0x00, 0x00, 0x09, 0x8E, 0x22, 0x04, 0x2F, 0xFF, 0xF2, 0x22, 0x22, 0x82,
    0xFF, 0x06, 0x22, 0x22, 0xFF, 0xFF, 0x2F, 0xFF, 0xF2, 0x8D, 0x22, 0x00, 0x90, 0xA9, 0x00, 0x00, 0x0E, 0x8B, 0x77, 0x00,
    0x7F, 0x83, 0xFF, 0x01, 0x77, 0x77, 0x84, 0xFF, 0x01, 0x77, 0x77, 0x83, 0xFF, 0x00, 0xF7, 0x8B, 0x77, 0x00, 0xEE, 0xA5,
    0x00, 0x00, 0x99, 0x8B, 0x22, 0x00, 0x2F, 0x82, 0xFF, 0x02, 0xF2, 0x22, 0x2F, 0x82, 0xFF, 0x04, 0xF2, 0x2F, 0xFF, 0xFF,
    0x2F, 0x82, 0xFF, 0x00, 0xF2, 0x8B, 0x22, 0x00, 0x90, 0xA9, 0x00, 0x00, 0xE7, 0x8B, 0x77, 0x84, 0xFF, 0x01, 0xF7, 0x77,
    0x84, 0xFF, 0x01, 0xF7, 0x7F, 0x84, 0xFF, 0x8A, 0x77, 0x00, 0x7E, 0xA7, 0x00, 0x00, 0x92, 0x8A, 0x22, 0x83, 0xFF, 0x02,
    0xF2, 0x22, 0x2F, 0x82, 0xFF, 0x04, 0xF2, 0x2F, 0xFF, 0xF2, 0x2F, 0x83, 0xFF, 0x8B, 0x22, 0x00, 0x29, 0xA9, 0x00, 0x8C,
    0x77, 0x84, 0xFF, 0x01, 0xF7, 0x77, 0x84, 0xFF, 0x01, 0xF7, 0x7F, 0x84, 0xFF, 0x89, 0x77, 0x00, 0x7E, 0xA9, 0x00, 0x00,
    0x92, 0x89, 0x22, 0x83, 0xFF, 0x04, 0xF2, 0x22, 0xFF, 0xFF, 0x22, 0x83, 0xFF, 0x01, 0x22, 0x2F, 0x83, 0xFF, 0x8C, 0x22,
    0xA8, 0x00, 0x00, 0x0E, 0x8C, 0x77, 0x00, 0x7F, 0x83, 0xFF, 0x01, 0x77, 0x77, 0x84, 0xFF, 0x01, 0x77, 0x77, 0x83, 0xFF,
    0x00, 0xF7, 0x89, 0x77, 0x00, 0xE0, 0xA9, 0x00, 0x00, 0x09, 0x89, 0x22, 0x00, 0x2F, 0x82, 0xFF, 0x05, 0xF2, 0x22, 0xFF,
    0xFF, 0x22, 0x2F, 0x82, 0xFF, 0x01, 0x22, 0x2F, 0x82, 0xFF, 0x00, 0xF2, 0x8C, 0x22, 0x00, 0x90, 0xA7, 0x00, 0x00, 0x07,
    0x93, 0x77, 0x84, 0xFF, 0x8F, 0x77, 0x00, 0xE0, 0xAB, 0x00, 0x00, 0x09, 0x8A, 0x22, 0x0E, 0x2F, 0xFF, 0xF2, 0x2F, 0xFF,
    0xF2, 0x22, 0x2F, 0xFF, 0xFF, 0xF2, 0x22, 0x2F, 0xFF, 0xF2, 0x8E, 0x22, 0x00, 0x20, 0xA7, 0x00, 0x00, 0xE7, 0x93, 0x77,
    0x00, 0x7F, 0x82, 0xFF, 0x00, 0xF7, 0x8E, 0x77, 0x00, 0x7E, 0xAD, 0x00, 0x00, 0x92, 0x89, 0x22, 0x04, 0x2F, 0xFF, 0xF2,
    0xFF, 0xFF, 0x82, 0x22, 0x06, 0xFF, 0xFF, 0x22, 0x22, 0x2F, 0xFF, 0xF2, 0x8E, 0x22, 0x00, 0x29, 0xA7, 0x00, 0x95, 0x77,
    0x82, 0xFF, 0x8E, 0x77, 0x01, 0x7E, 0xE0, 0xAD, 0x00, 0x01, 0x09, 0x92, 0x88, 0x22, 0x04, 0x2F, 0xFF, 0xF2, 0xFF, 0xFF,
    0x82, 0x22, 0x06, 0xFF, 0xFF, 0x22, 0x22, 0x2F, 0xFF, 0xF2, 0x8F, 0x22, 0xA6, 0x00, 0x00, 0x0E, 0x96, 0x77, 0x00, 0xFF,
    0x8F, 0x77, 0x00, 0xE0, 0xAF, 0x00, 0x00, 0x09, 0x88, 0x22, 0x04, 0x2F, 0xFF, 0xF2, 0x2F, 0xF2, 0x82, 0x22, 0x06, 0x2F,
    0xF2, 0x22, 0x22, 0x2F, 0xFF, 0xF2, 0x8F, 0x22, 0x00, 0x90, 0xA5, 0x00, 0x00, 0x0E, 0x92, 0x77, 0x00, 0xFF, 0x86, 0x77,
    0x00, 0xFF, 0x8A, 0x77, 0x00, 0x7E, 0xB1, 0x00, 0x00, 0x92, 0x85, 0x22, 0x00, 0x2F, 0x82, 0xFF, 0x00, 0xF2, 0x88, 0x22,
    0x00, 0x2F, 0x82, 0xFF, 0x00, 0xF2, 0x8D, 0x22, 0x00, 0x90, 0xA5, 0x00, 0x00, 0xE7, 0x91, 0x77, 0x02, 0x7F, 0xFF, 0xF7,
    0x84, 0x77, 0x02, 0x7F, 0xFF, 0xF7, 0x89, 0x77, 0x00, 0xE0, 0xB1, 0x00, 0x00, 0x09, 0x85, 0x22, 0x83, 0xFF, 0x00, 0xF2,
    0x88, 0x22, 0x00, 0x2F, 0x83, 0xFF, 0x8D, 0x22, 0x00, 0x29, 0xA5, 0x00, 0x00, 0xE7, 0x91, 0x77, 0x0A, 0xFF, 0xFF, 0xF7,
    0x77, 0x77, 0xFF, 0x77, 0x77, 0x7F, 0xFF, 0xFF, 0x88, 0x77, 0x00, 0x7E, 0xB3, 0x00, 0x00, 0x92, 0x84, 0x22, 0x83, 0xFF,
    0x00, 0xF2, 0x88, 0x22, 0x00, 0x2F, 0x83, 0xFF, 0x8D, 0x22, 0x00, 0x29, 0xA4, 0x00, 0x00, 0x0E, 0x91, 0x77, 0x0C, 0x7F,
    0xFF, 0xFF, 0x77, 0x77, 0x7F, 0xFF, 0xF7, 0x77, 0x77, 0xFF, 0xFF, 0xF7, 0x87, 0x77, 0x00, 0xE0, 0xB3, 0x00, 0x00, 0x09,
    0x84, 0x22, 0x00, 0x2F, 0x82, 0xFF, 0x00, 0xF2, 0x88, 0x22, 0x00, 0x2F, 0x82, 0xFF, 0x00, 0xF2, 0x8E, 0x22, 0x00, 0x90,
    0xA3, 0x00, 0x00, 0x0E, 0x91, 0x77, 0x0C, 0xFF, 0xFF, 0xF7, 0x77, 0x77, 0x7F, 0xFF, 0xF7, 0x77, 0x77, 0x7F, 0xFF, 0xFF,
    0x86, 0x77, 0x00, 0x7E, 0xB5, 0x00, 0x00, 0x92, 0x85, 0x22, 0x00, 0x2F, 0x8C, 0xFF, 0x00, 0xF2, 0x90, 0x22, 0x00, 0x90,
    0xA3, 0x00, 0x00, 0x07, 0x90, 0x77, 0x02, 0x7F, 0xFF, 0xFF, 0x82, 0x77, 0x02, 0x7F, 0xFF, 0xF7, 0x82, 0x77, 0x02, 0xFF,
    0xFF, 0xF7, 0x85, 0x77, 0x00, 0xE0, 0xB5, 0x00, 0x00, 0x09, 0x85, 0x22, 0x00, 0x2F, 0x8C, 0xFF, 0x00, 0xF2, 0x90, 0x22,
    0x00, 0x20, 0xA3, 0x00, 0x00, 0xE7, 0x90, 0x77, 0x02, 0x7F, 0xFF, 0xF7, 0x82, 0x77, 0x02, 0x7F, 0xFF, 0xF7, 0x82, 0x77,
    0x02, 0x7F, 0xFF, 0xF7, 0x84, 0x77, 0x00, 0x7E, 0xB7, 0x00, 0x00, 0x92, 0x84, 0x22, 0x00, 0x2F, 0x8C, 0xFF, 0x00, 0xF2,
    0x90, 0x22, 0x00, 0x29, 0xA3, 0x00, 0x00, 0xE7, 0x91, 0x77, 0x00, 0xFF, 0x83, 0x77, 0x02, 0x7F, 0xFF, 0xF7, 0x83, 0x77,
    0x00, 0xFF, 0x85, 0x77, 0x00, 0xE0, 0xB7, 0x00, 0x00, 0x09, 0x85, 0x22, 0x8C, 0xFF, 0x91, 0x22, 0x00, 0x29, 0xA2, 0x00,
    0x00, 0x0E, 0x97, 0x77, 0x02, 0x7F, 0xFF, 0xF7, 0x89, 0x77, 0x00, 0x7E, 0xB9, 0x00, 0x00, 0x92, 0x85, 0x22, 0x0A, 0x2F,
    0xFF, 0xF2, 0x22, 0x2F, 0xFF, 0xF2, 0x22, 0x2F, 0xFF, 0xF2, 0x93, 0x22, 0x00, 0x90, 0xA1, 0x00, 0x00, 0x0E, 0x97, 0x77,
    0x02, 0x7F, 0xFF, 0xF7, 0x89, 0x77, 0x00, 0xE0, 0xB9, 0x00, 0x00, 0x09, 0x85, 0x22, 0x0A, 0x2F, 0xFF, 0xF2, 0x22, 0x2F,
    0xFF, 0xF2, 0x22, 0x2F, 0xFF, 0xF2, 0x93, 0x22, 0x00, 0x90, 0xA1, 0x00, 0x00, 0x07, 0x97, 0x77, 0x02, 0x7F, 0xFF, 0xF7,
    0x88, 0x77, 0x00, 0x7E, 0xBB, 0x00, 0x00, 0x92, 0x84, 0x22, 0x0A, 0x2F, 0xFF, 0xF2, 0x22, 0x2F, 0xFF, 0xF2, 0x22, 0x2F,
    0xFF, 0xF2, 0x93, 0x22, 0x00, 0x20, 0xA1, 0x00, 0x00, 0xE7, 0x97, 0x77, 0x02, 0x7F, 0xFF, 0xF7, 0x88, 0x77, 0x00, 0xE0,
    0xBB, 0x00, 0x00, 0x09, 0x84, 0x22, 0x0A, 0x2F, 0xFF, 0xF2, 0x22, 0x2F, 0xFF, 0xF2, 0x22, 0x2F, 0xFF, 0xF2, 0x93, 0x22,
    0x00, 0x29, 0xA1, 0x00, 0x00, 0xE7, 0x98, 0x77, 0x00, 0xFF, 0x88, 0x77, 0x00, 0x7E, 0xBD, 0x00, 0x00, 0x92, 0x84, 0x22,
    0x00, 0xFF, 0x82, 0x22, 0x00, 0xFF, 0x82, 0x22, 0x00, 0xFF, 0x94, 0x22, 0x00, 0x29, 0xA1, 0x00, 0xA3, 0x77, 0x00, 0x7E,
    0xBD, 0x00, 0x00, 0x92, 0xA3, 0x22, 0xA0, 0x00, 0x00, 0x0E, 0xA3, 0x77, 0x00, 0xE0, 0xBD, 0x00, 0x00, 0x09, 0xA3, 0x22,
    0x00, 0x90, 0x9F, 0x00, 0x00, 0x0E, 0xA2, 0x77, 0x00, 0x7E, 0xBF, 0x00, 0x00, 0x92, 0xA2, 0x22, 0x00, 0x90, 0x9F, 0x00,
    0x00, 0x07, 0xA2, 0x77, 0x00, 0x70, 0xBF, 0x00, 0x00, 0x02, 0xA2, 0x22, 0x00, 0x20, 0x9F, 0x00, 0x00, 0xE7, 0xA2, 0x77,
    0x00, 0xE0, 0xBF, 0x00, 0x00, 0x09, 0xA2, 0x22, 0x00, 0x29, 0x9F, 0x00, 0x00, 0xE7, 0xA1, 0x77, 0x00, 0x7E, 0xC1, 0x00,
    0x00, 0x92, 0xA1, 0x22, 0x00, 0x29, 0x9F, 0x00, 0xA2, 0x77, 0x00, 0x70, 0xC1, 0x00, 0x00, 0x02, 0xA2, 0x22, 0x9E, 0x00,
    0x00, 0x0E, 0xA2, 0x77, 0x00, 0xE0, 0xC1, 0x00, 0x00, 0x09, 0xA2, 0x22, 0x00, 0x90, 0x9D, 0x00, 0x01, 0x0E, 0xE7, 0xA0,
    0x77, 0x00, 0x7E, 0xC3, 0x00, 0x00, 0x92, 0xA0, 0x22, 0x01, 0x29, 0x90, 0x9F, 0x00, 0x01, 0xEE, 0xE7, 0x9E, 0x77, 0x00,
    0x7E, 0xC3, 0x00, 0x00, 0x92, 0x9E, 0x22, 0x01, 0x29, 0x99, 0xA3, 0x00, 0x00, 0xEE, 0x9D, 0x77, 0x00, 0xE0, 0xC3, 0x00,
    0x00, 0x09, 0x9D, 0x22, 0x00, 0x99, 0xA6, 0x00, 0x01, 0x0E, 0xEE, 0x9B, 0x77, 0x00, 0xE0, 0xC3, 0x00, 0x00, 0x09, 0x9B,
    0x22, 0x01, 0x99, 0x90, 0xA9, 0x00, 0x01, 0x0E, 0xE7, 0x98, 0x77, 0x00, 0x7E, 0xC5, 0x00, 0x00, 0x92, 0x98, 0x22, 0x01,
    0x29, 0x90, 0xAD, 0x00, 0x00, 0xEE, 0x97, 0x77, 0x00, 0x70, 0xC5, 0x00, 0x00, 0x02, 0x97, 0x22, 0x00, 0x99, 0xB0, 0x00,
    0x01, 0x0E, 0xEE, 0x95, 0x77, 0x00, 0xE0, 0xC5, 0x00, 0x00, 0x09, 0x95, 0x22, 0x01, 0x99, 0x90, 0xB3, 0x00, 0x01, 0x0E,
    0xE7, 0x93, 0x77, 0x00, 0xE0, 0xC5, 0x00, 0x00, 0x09, 0x93, 0x22, 0x01, 0x29, 0x90, 0xB7, 0x00, 0x01, 0xEE, 0xE7, 0x90,
    0x77, 0x00, 0x7E, 0xC7, 0x00, 0x00, 0x92, 0x90, 0x22, 0x01, 0x29, 0x99, 0xBB, 0x00, 0x00, 0xEE, 0x8F, 0x77, 0x00, 0x7E,
    0xC7, 0x00, 0x00, 0x92, 0x8F, 0x22, 0x00, 0x99, 0xBE, 0x00, 0x01, 0x0E, 0xEE, 0x8D, 0x77, 0x00, 0xE0, 0xC7, 0x00, 0x00,
    0x09, 0x8D, 0x22, 0x01, 0x99, 0x90, 0xC1, 0x00, 0x01, 0x0E, 0xE7, 0x8B, 0x77, 0x00, 0xE0, 0xC7, 0x00, 0x00, 0x09, 0x8B,
    0x22, 0x01, 0x29, 0x90, 0xC5, 0x00, 0x01, 0xEE, 0xE7, 0x89, 0x77, 0xC9, 0x00, 0x89, 0x22, 0x01, 0x29, 0x99, 0xC9, 0x00,
    0x00, 0xEE, 0x87, 0x77, 0x00, 0x7E, 0xC9, 0x00, 0x00, 0x92, 0x87, 0x22, 0x00, 0x99, 0xCC, 0x00, 0x01, 0x0E, 0xEE, 0x85,
    0x77, 0x00, 0x7E, 0xC9, 0x00, 0x00, 0x92, 0x85, 0x22, 0x01, 0x99, 0x90, 0xB4, 0x00, 0x02, 0x66, 0xDD, 0xDD, 0x97, 0x00,
    0x01, 0x0E, 0xE7, 0x83, 0x77, 0x00, 0x70, 0xC9, 0x00, 0x00, 0x02, 0x83, 0x22, 0x01, 0x29, 0x90, 0x97, 0x00, 0x02, 0xAA,
    0xAA, 0x33, 0x9A, 0x00, 0x00, 0x0D, 0x83, 0x66, 0x01, 0xDD, 0xD0, 0x96, 0x00, 0x04, 0xEE, 0xE7, 0x77, 0x77, 0xE0, 0xC9,
    0x00, 0x04, 0x09, 0x22, 0x22, 0x29, 0x99, 0x96, 0x00, 0x01, 0x0A, 0xAA, 0x83, 0x33, 0x00, 0xA0, 0x99, 0x00, 0x00, 0x0D,
    0x85, 0x66, 0x02, 0x6D, 0xDD, 0xD0, 0x95, 0x00, 0x02, 0xEE, 0x77, 0xE0, 0xC9, 0x00, 0x02, 0x09, 0x22, 0x99, 0x95, 0x00,
    0x02, 0x0A, 0xAA, 0xA3, 0x85, 0x33, 0x00, 0xA0, 0x99, 0x00, 0x00, 0x0D, 0x88, 0x66, 0x02, 0x6D, 0xDD, 0xD0, 0x93, 0x00,
    0x00, 0x0E, 0xCB, 0x00, 0x00, 0x90, 0x93, 0x00, 0x02, 0x0A, 0xAA, 0xA3, 0x88, 0x33, 0x00, 0xA0, 0x99, 0x00, 0x00, 0x0D,
    0x8B, 0x66, 0x01, 0x6D, 0xDD, 0xF1, 0x00, 0x01, 0xAA, 0xA3, 0x8B, 0x33, 0x00, 0xA0, 0x99, 0x00, 0x00, 0x0D, 0x8E, 0x66,
    0x01, 0xDD, 0xDD, 0xEB, 0x00, 0x01, 0xAA, 0xAA, 0x8E, 0x33, 0x00, 0xA0, 0x99, 0x00, 0x00, 0x06, 0x91, 0x66, 0x01, 0xDD,
    0xDD, 0xE5, 0x00, 0x01, 0xAA, 0xAA, 0x91, 0x33, 0x00, 0x30, 0x99, 0x00, 0x00, 0x06, 0x94, 0x66, 0x01, 0xDD, 0xD0, 0xDF,
    0x00, 0x01, 0x0A, 0xAA, 0x94, 0x33, 0x00, 0x30, 0x99, 0x00, 0x00, 0x06, 0x96, 0x66, 0x02, 0x6D, 0xDD, 0xD0, 0xD9, 0x00,
    0x02, 0x0A, 0xAA, 0xA3, 0x96, 0x33, 0x00, 0x30, 0x99, 0x00, 0x00, 0xD6, 0x99, 0x66, 0x02, 0x6D, 0xDD, 0xD0, 0xD3, 0x00,
    0x02, 0x0A, 0xAA, 0xA3, 0x99, 0x33, 0x00, 0x3A, 0x99, 0x00, 0x00, 0xD6, 0x9C, 0x66, 0x01, 0x6D, 0xDD, 0xCF, 0x00, 0x01,
    0xAA, 0xA3, 0x9C, 0x33, 0x00, 0x3A, 0x99, 0x00, 0x00, 0xD6, 0x9F, 0x66, 0x00, 0xD0, 0xCB, 0x00, 0x00, 0x0A, 0x9F, 0x33,
    0x00, 0x3A, 0x99, 0x00, 0x00, 0xD6, 0x9F, 0x66, 0xCD, 0x00, 0x9F, 0x33, 0x00, 0x3A, 0x99, 0x00, 0x00, 0xD6, 0x9F, 0x66,
    0xCD, 0x00, 0x9F, 0x33, 0x00, 0x3A, 0x99, 0x00, 0x00, 0xD6, 0x9F, 0x66, 0xCD, 0x00, 0x9F, 0x33, 0x00, 0x3A, 0x99, 0x00,
    0x9F, 0x66, 0x00, 0x6D, 0xCD, 0x00, 0x00, 0xA3, 0x9F, 0x33, 0x99, 0x00, 0x9F, 0x66, 0x00, 0x6D, 0xCD, 0x00, 0x00, 0xA3,
    0x9F, 0x33, 0x99, 0x00, 0x9F, 0x66, 0x00, 0x6D, 0xCD, 0x00, 0x00, 0xA3, 0x9F, 0x33, 0x99, 0x00, 0x9F, 0x66, 0x00, 0x6D,
    0xCD, 0x00, 0x00, 0xA3, 0x9F, 0x33, 0x99, 0x00, 0x9F, 0x66, 0x00, 0x6D, 0xCD, 0x00, 0x00, 0xA3, 0x9F, 0x33, 0x99, 0x00,
    0x9F, 0x66, 0x00, 0x6D, 0xCD, 0x00, 0x00, 0xA3, 0x9F, 0x33, 0x99, 0x00, 0x9F, 0x66, 0x00, 0x60, 0xCD, 0x00, 0x00, 0x03,
    0x9F, 0x33, 0x99, 0x00, 0x9F, 0x66, 0x00, 0x60, 0xCD, 0x00, 0x00, 0x03, 0x9F, 0x33, 0x99, 0x00, 0x9F, 0x66, 0x00, 0x60,
    0xCD, 0x00, 0x00, 0x03, 0x9F, 0x33, 0x99, 0x00, 0x9F, 0x66, 0x00, 0x60, 0xCD, 0x00, 0x00, 0x03, 0x9F, 0x33, 0x99, 0x00,
    0x9F, 0x66, 0x00, 0x60, 0xCD, 0x00, 0x00, 0x03, 0x9F, 0x33, 0x99, 0x00, 0x9F, 0x66, 0x00, 0x60, 0xCD, 0x00, 0x00, 0x03,
    0x9F, 0x33, 0x99, 0x00, 0x9F, 0x66, 0x00, 0x60, 0xCD, 0x00, 0x00, 0x03, 0x9F, 0x33, 0x99, 0x00, 0x9F, 0x66, 0x00, 0x60,
    0xCD, 0x00, 0x00, 0x03, 0x9F, 0x33, 0x99, 0x00, 0x9F, 0x66, 0x00, 0x6D, 0xCD, 0x00, 0x00, 0xA3, 0x9F, 0x33, 0x99, 0x00,
    0x9F, 0x66, 0x00, 0x6D, 0xCD, 0x00, 0x00, 0xA3, 0x87, 0x33, 0x01, 0x3F, 0xF3, 0x95, 0x33, 0x99, 0x00, 0x9F, 0x66, 0x00,
    0x6D, 0xCD, 0x00, 0x00, 0xA3, 0x87, 0x33, 0x01, 0xFF, 0xFF, 0x95, 0x33, 0x99, 0x00, 0x9F, 0x66, 0x00, 0x6D, 0xCD, 0x00,
    0x00, 0xA3, 0x86, 0x33, 0x00, 0x3F, 0x82, 0xFF, 0x94, 0x33, 0x99, 0x00, 0x8F, 0x66, 0x00, 0xFF, 0x85, 0x66, 0x00, 0xFF,
    0x87, 0x66, 0x00, 0x6D, 0xCD, 0x00, 0x00, 0xA3, 0x85, 0x33, 0x00, 0x3F, 0x84, 0xFF, 0x93, 0x33, 0x99, 0x00, 0x8D, 0x66,
    0x00, 0x6F, 0x82, 0xFF, 0x07, 0x66, 0x6F, 0xF6, 0x66, 0x6F, 0xFF, 0xFF, 0xF6, 0x85, 0x66, 0x00, 0x6D, 0xCD, 0x00, 0x00,
    0xA3, 0x84, 0x33, 0x00, 0x3F, 0x82, 0xFF, 0x00, 0x3F, 0x82, 0xFF, 0x92, 0x33, 0x99, 0x00, 0x00, 0xD6, 0x8A, 0x66, 0x00,
    0x6F, 0x87, 0xFF, 0x00, 0x6F, 0x84, 0xFF, 0x85, 0x66, 0xCD, 0x00, 0x85, 0x33, 0x82, 0xFF, 0x05, 0x33, 0x33, 0x3F, 0xFF,
    0xFF, 0xF3, 0x90, 0x33, 0x00, 0x3A, 0x99, 0x00, 0x00, 0xD6, 0x89, 0x66, 0x91, 0xFF, 0x83, 0x66, 0xCD, 0x00, 0x85, 0x33,
    0x02, 0xFF, 0xFF, 0xF3, 0x82, 0x33, 0x02, 0xFF, 0xFF, 0xF3, 0x90, 0x33, 0x00, 0x3A, 0x99, 0x00, 0x00, 0xD6, 0x88, 0x66,
    0x00, 0x6F, 0x83, 0xFF, 0x01, 0xF6, 0x66, 0x85, 0xFF, 0x01, 0x66, 0x6F, 0x83, 0xFF, 0x00, 0xF6, 0x82, 0x66, 0xCD, 0x00,
    0x85, 0x33, 0x01, 0xFF, 0xFF, 0x83, 0x33, 0x02, 0x3F, 0xFF, 0xF3, 0x90, 0x33, 0x00, 0x3A, 0x99, 0x00, 0x00, 0xD6, 0x88,
    0x66, 0x00, 0x6F, 0x82, 0xFF, 0x83, 0x66, 0x83, 0xFF, 0x83, 0x66, 0x82, 0xFF, 0x00, 0xF6, 0x82, 0x66, 0x00, 0xD0, 0xCB,
    0x00, 0x00, 0x0A, 0x85, 0x33, 0x01, 0xFF, 0xFF, 0x83, 0x33, 0x02, 0x3F, 0xFF, 0xF3, 0x90, 0x33, 0x00, 0x3A, 0x99, 0x00,
    0x00, 0xD6, 0x88, 0x66, 0x02, 0x6F, 0xFF, 0xF6, 0x85, 0x66, 0x01, 0xFF, 0xFF, 0x85, 0x66, 0x02, 0x6F, 0xFF, 0xF6, 0x82,
    0x66, 0x00, 0xD0, 0xCB, 0x00, 0x00, 0x0A, 0x85, 0x33, 0x01, 0xFF, 0xFF, 0x83, 0x33, 0x02, 0x3F, 0xFF, 0xF3, 0x90, 0x33,
    0x00, 0x3A, 0x99, 0x00, 0x00, 0xD6, 0x88, 0x66, 0x02, 0x6F, 0xFF, 0xF6, 0x85, 0x66, 0x01, 0xFF, 0xFF, 0x85, 0x66, 0x02,
    0x6F, 0xFF, 0xF6, 0x82, 0x66, 0x00, 0xD0, 0xCB, 0x00, 0x00, 0x0A, 0x85, 0x33, 0x01, 0xFF, 0xFF, 0x83, 0x33, 0x02, 0x3F,
    0xFF, 0xF3, 0x90, 0x33, 0x00, 0x3A, 0x99, 0x00, 0x00, 0x06, 0x88, 0x66, 0x02, 0x6F, 0xFF, 0xF6, 0x85, 0x66, 0x01, 0xFF,
    0xFF, 0x85, 0x66, 0x02, 0x6F, 0xFF, 0xF6, 0x82, 0x66, 0x00, 0x60, 0xCB, 0x00, 0x00, 0x03, 0x85, 0x33, 0x01, 0xFF, 0xFF,
    0x83, 0x33, 0x02, 0x3F, 0xFF, 0xF3, 0x90, 0x33, 0x00, 0x30, 0x99, 0x00, 0x00, 0x06, 0x88, 0x66, 0x02, 0x6F, 0xFF, 0xF6,
    0x85, 0x66, 0x01, 0xFF, 0xFF, 0x85, 0x66, 0x02, 0x6F, 0xFF, 0xF6, 0x82, 0x66, 0x00, 0x60, 0xCB, 0x00, 0x00, 0x03, 0x85,
    0x33, 0x01, 0xFF, 0xFF, 0x83, 0x33, 0x02, 0x3F, 0xFF, 0xF3, 0x90, 0x33, 0x00, 0x30, 0x99, 0x00, 0x00, 0x06, 0x88, 0x66,
    0x02, 0x6F, 0xFF, 0xF6, 0x85, 0x66, 0x01, 0xFF, 0xFF, 0x85, 0x66, 0x02, 0x6F, 0xFF, 0xF6, 0x82, 0x66, 0x00, 0x6D, 0xCB,
    0x00, 0x00, 0xA3, 0x85, 0x33, 0x01, 0xFF, 0xFF, 0x83, 0x33, 0x02, 0x3F, 0xFF, 0xF3, 0x90, 0x33, 0x00, 0x30, 0x99, 0x00,
    0x00, 0x0D, 0x88, 0x66, 0x02, 0x6F, 0xFF, 0xF6, 0x85, 0x66, 0x01, 0xFF, 0xFF, 0x85, 0x66, 0x02, 0x6F, 0xFF, 0xF6, 0x82,
    0x66, 0x00, 0x6D, 0xCB, 0x00, 0x00, 0xA3, 0x85, 0x33, 0x01, 0xFF, 0xFF, 0x83, 0x33, 0x02, 0x3F, 0xFF, 0xF3, 0x84, 0x33,
    0x00, 0xFF, 0x8A, 0x33, 0x00, 0xA0, 0x99, 0x00, 0x00, 0x0D, 0x88, 0x66, 0x02, 0x6F, 0xFF, 0xF6, 0x85, 0x66, 0x01, 0xFF,
    0xFF, 0x85, 0x66, 0x02, 0x6F, 0xFF, 0xF6, 0x82, 0x66, 0x00, 0x6D, 0xCB, 0x00, 0x00, 0xA3, 0x85, 0x33, 0x01, 0xFF, 0xFF,
    0x83, 0x33, 0x02, 0x3F, 0xFF, 0xF3, 0x83, 0x33, 0x02, 0x3F, 0xFF, 0xF3, 0x89, 0x33, 0x00, 0xA0, 0x99, 0x00, 0x00, 0x0D,
    0x88, 0x66, 0x02, 0x6F, 0xFF, 0xF6, 0x85, 0x66, 0x01, 0xFF, 0xFF, 0x85, 0x66, 0x02, 0x6F, 0xFF, 0xF6, 0x83, 0x66, 0xCB,
    0x00, 0x86, 0x33, 0x01, 0xFF, 0xFF, 0x83, 0x33, 0x02, 0x3F, 0xFF, 0xF3, 0x83, 0x33, 0x02, 0x3F, 0xFF, 0xF3, 0x89, 0x33,
    0x00, 0xA0, 0x99, 0x00, 0x00, 0x0D, 0x88, 0x66, 0x02, 0x6F, 0xFF, 0xF6, 0x85, 0x66, 0x01, 0xFF, 0xFF, 0x85, 0x66, 0x02,
    0x6F, 0xFF, 0xF6, 0x83, 0x66, 0x00, 0xD0, 0xC9, 0x00, 0x00, 0x0A, 0x86, 0x33, 0x01, 0xFF, 0xFF, 0x83, 0x33, 0x02, 0x3F,
    0xFF, 0xF3, 0x83, 0x33, 0x02, 0x3F, 0xFF, 0xF3, 0x89, 0x33, 0x00, 0xA0, 0x99, 0x00, 0x00, 0x0D, 0x88, 0x66, 0x02, 0x6F,
    0xFF, 0xF6, 0x85, 0x66, 0x01, 0xFF, 0xFF, 0x85, 0x66, 0x02, 0x6F, 0xFF, 0xF6, 0x83, 0x66, 0x00, 0xD0, 0xC9, 0x00, 0x00,
    0x0A, 0x86, 0x33, 0x01, 0xFF, 0xFF, 0x83, 0x33, 0x02, 0x3F, 0xFF, 0xF3, 0x83, 0x33, 0x02, 0x3F, 0xFF, 0xF3, 0x89, 0x33,
    0x00, 0xA0, 0x9A, 0x00, 0x88, 0x66, 0x02, 0x6F, 0xFF, 0xF6, 0x85, 0x66, 0x01, 0xFF, 0xFF, 0x85, 0x66, 0x02, 0x6F, 0xFF,
    0xF6, 0x83, 0x66, 0x00, 0x60, 0xC9, 0x00, 0x00, 0x03, 0x86, 0x33, 0x01, 0xFF, 0xFF, 0x83, 0x33, 0x02, 0x3F, 0xFF, 0xF3,
    0x83, 0x33, 0x02, 0x3F, 0xFF, 0xF3, 0x89, 0x33, 0x9B, 0x00, 0x88, 0x66, 0x02, 0x6F, 0xFF, 0xF6, 0x85, 0x66, 0x01, 0xFF,
    0xFF, 0x85, 0x66, 0x02, 0x6F, 0xFF, 0xF6, 0x83, 0x66, 0x00, 0x6D, 0xC9, 0x00, 0x00, 0xA3, 0x86, 0x33, 0x01, 0xFF, 0xFF,
    0x83, 0x33, 0x02, 0x3F, 0xFF, 0xF3, 0x83, 0x33, 0x02, 0x3F, 0xFF, 0xF3, 0x89, 0x33, 0x9B, 0x00, 0x00, 0xD6, 0x87, 0x66,
    0x02, 0x6F, 0xFF, 0xF6, 0x85, 0x66, 0x01, 0xFF, 0xFF, 0x85, 0x66, 0x02, 0x6F, 0xFF, 0xF6, 0x83, 0x66, 0x00, 0x6D, 0xC9,
    0x00, 0x00, 0xA3, 0x84, 0x33, 0x03, 0x3F, 0xF3, 0xFF, 0xFF, 0x83, 0x33, 0x09, 0x3F, 0xFF, 0xF3, 0x33, 0x33, 0x3F, 0xF3,
    0x3F, 0xFF, 0xF3, 0x88, 0x33, 0x00, 0x3A, 0x9B, 0x00, 0x00, 0xD6, 0x87, 0x66, 0x02, 0x6F, 0xFF, 0xF6, 0x85, 0x66, 0x01,
    0xFF, 0xFF, 0x85, 0x66, 0x02, 0x6F, 0xFF, 0xF6, 0x84, 0x66, 0xC9, 0x00, 0x85, 0x33, 0x83, 0xFF, 0x83, 0x33, 0x09, 0x3F,
    0xFF, 0xF3, 0x33, 0x33, 0xFF, 0xFF, 0x3F, 0xFF, 0xF3, 0x88, 0x33, 0x00, 0x3A, 0x9B, 0x00, 0x00, 0xD6, 0x87, 0x66, 0x02,
    0x6F, 0xFF, 0xF6, 0x85, 0x66, 0x01, 0xFF, 0xFF, 0x85, 0x66, 0x02, 0x6F, 0xFF, 0xF6, 0x84, 0x66, 0x00, 0xD0, 0xC7, 0x00,
    0x00, 0x0A, 0x85, 0x33, 0x83, 0xFF, 0x83, 0x33, 0x09, 0x3F, 0xFF, 0xF3, 0x33, 0x33, 0xFF, 0xFF, 0x3F, 0xFF, 0xF3, 0x88,
    0x33, 0x00, 0x3A, 0x9B, 0x00, 0x00, 0x06, 0x87, 0x66, 0x02, 0x6F, 0xFF, 0xF6, 0x85, 0x66, 0x01, 0xFF, 0xFF, 0x85, 0x66,
    0x02, 0x6F, 0xFF, 0xF6, 0x84, 0x66, 0x00, 0xD0, 0xC7, 0x00, 0x00, 0x0A, 0x85, 0x33, 0x83, 0xFF, 0x83, 0x33, 0x09, 0x3F,
    0xFF, 0xF3, 0x33, 0x33, 0xFF, 0xFF, 0x3F, 0xFF, 0xF3, 0x88, 0x33, 0x00, 0x30, 0x9B, 0x00, 0x00, 0x06, 0x87, 0x66, 0x02,
    0x6F, 0xFF, 0xF6, 0x85, 0x66, 0x01, 0xFF, 0xFF, 0x85, 0x66, 0x02, 0x6F, 0xFF, 0xF6, 0x84, 0x66, 0x00, 0x6D, 0xC7, 0x00,
    0x00, 0xA3, 0x85, 0x33, 0x84, 0xFF, 0x0C, 0x33, 0x33, 0x3F, 0xFF, 0xFF, 0xF3, 0x33, 0x33, 0xFF, 0xFF, 0x3F, 0xFF, 0xF3,
    0x88, 0x33, 0x00, 0x30, 0x9B, 0x00, 0x00, 0x0D, 0x87, 0x66, 0x02, 0x6F, 0xFF, 0xF6, 0x85, 0x66, 0x01, 0xFF, 0xFF, 0x85,
    0x66, 0x02, 0x6F, 0xFF, 0xF6, 0x84, 0x66, 0x00, 0x6D, 0xC7, 0x00, 0x00, 0xA3, 0x85, 0x33, 0x84, 0xFF, 0x01, 0xF3, 0x3F,
    0x82, 0xFF, 0x82, 0x33, 0x04, 0xFF, 0xFF, 0x3F, 0xFF, 0xF3, 0x88, 0x33, 0x00, 0xA0, 0x9B, 0x00, 0x00, 0x0D, 0x87, 0x66,
    0x02, 0x6F, 0xFF, 0xF6, 0x82, 0x66, 0x0D, 0xFF, 0x66, 0x66, 0xFF, 0xFF, 0x66, 0x66, 0xFF, 0xFF, 0x66, 0x66, 0x6F, 0xFF,
    0xF6, 0x85, 0x66, 0x00, 0xD0, 0xC5, 0x00, 0x00, 0x0A, 0x86, 0x33, 0x03, 0x3F, 0xFF, 0xFF, 0x3F, 0x84, 0xFF, 0x08, 0x33,
    0x33, 0x3F, 0xF3, 0xFF, 0xFF, 0x3F, 0xFF, 0xF3, 0x88, 0x33, 0x00, 0xA0, 0x9B, 0x00, 0x00, 0x0D, 0x87, 0x66, 0x00, 0x6F,
    0x86, 0xFF, 0x03, 0xF6, 0xFF, 0xFF, 0x6F, 0x86, 0xFF, 0x00, 0xF6, 0x85, 0x66, 0x00, 0xD0, 0xC5, 0x00, 0x00, 0x0A, 0x87,
    0x33, 0x02, 0xFF, 0xFF, 0xF3, 0x83, 0xFF, 0x02, 0x3F, 0xF3, 0x33, 0x83, 0xFF, 0x02, 0x3F, 0xFF, 0xF3, 0x88, 0x33, 0x00,
    0xA0, 0x9C, 0x00, 0x87, 0x66, 0x00, 0x6F, 0x91, 0xFF, 0x00, 0xF6, 0x85, 0x66, 0x00, 0x60, 0xC5, 0x00, 0x00, 0x03, 0x87,
    0x33, 0x03, 0x3F, 0xFF, 0xFF, 0x33, 0x84, 0xFF, 0x00, 0x33, 0x83, 0xFF, 0x02, 0x3F, 0xFF, 0xF3, 0x88, 0x33, 0x9D, 0x00,
    0x00, 0xD6, 0x86, 0x66, 0x00, 0x6F, 0x91, 0xFF, 0x00, 0xF6, 0x85, 0x66, 0x00, 0x6D, 0xC5, 0x00, 0x00, 0xA3, 0x88, 0x33,
    0x87, 0xFF, 0x00, 0x33, 0x83, 0xFF, 0x02, 0x3F, 0xFF, 0xF3, 0x87, 0x33, 0x00, 0x3A, 0x9D, 0x00, 0x00, 0xD6, 0x87, 0x66,
    0x82, 0xFF, 0x82, 0x66, 0x84, 0xFF, 0x00, 0xF6, 0x83, 0x66, 0x01, 0xFF, 0xFF, 0x87, 0x66, 0x00, 0xD0, 0xC3, 0x00, 0x00,
    0x0A, 0x89, 0x33, 0x00, 0x3F, 0x85, 0xFF, 0x01, 0xF3, 0x33, 0x83, 0xFF, 0x02, 0x3F, 0xFF, 0xF3, 0x87, 0x33, 0x00, 0x3A,
    0x9D, 0x00, 0x00, 0xD6, 0x8E, 0x66, 0x02, 0x6F, 0xFF, 0xFF, 0x8F, 0x66, 0x00, 0xD0, 0xC3, 0x00, 0x00, 0x0A, 0x8A, 0x33,
    0x84, 0xFF, 0x02, 0xF3, 0x33, 0x33, 0x83, 0xFF, 0x02, 0x3F, 0xFF, 0xF3, 0x87, 0x33, 0x00, 0x3A, 0x9D, 0x00, 0x00, 0x06,
    0x8F, 0x66, 0x01, 0xFF, 0xFF, 0x8F, 0x66, 0x00, 0x6D, 0xC3, 0x00, 0x00, 0xA3, 0x8B, 0x33, 0x02, 0x3F, 0xFF, 0xFF, 0x83,
    0x33, 0x83, 0xFF, 0x02, 0x3F, 0xFF, 0xF3, 0x87, 0x33, 0x00, 0x30, 0x9D, 0x00, 0x00, 0x0D, 0x8F, 0x66, 0x01, 0x6F, 0xF6,
    0x8F, 0x66, 0x00, 0x6D, 0xC3, 0x00, 0x00, 0xA3, 0x8C, 0x33, 0x01, 0xFF, 0xFF, 0x83, 0x33, 0x83, 0xFF, 0x02, 0x3F, 0xFF,
    0xF3, 0x87, 0x33, 0x00, 0xA0, 0x9D, 0x00, 0x00, 0x0D, 0xA2, 0x66, 0x00, 0xD0, 0xC1, 0x00, 0x00, 0x0A, 0x8A, 0x33, 0x00,
    0x3F, 0x85, 0xFF, 0x01, 0xF3, 0x33, 0x83, 0xFF, 0x02, 0x3F, 0xFF, 0xF3, 0x87, 0x33, 0x00, 0xA0, 0x9E, 0x00, 0xA2, 0x66,
    0x00, 0x60, 0xC1, 0x00, 0x00, 0x03, 0x8A, 0x33, 0x87, 0xFF, 0x06, 0x33, 0x3F, 0xF3, 0x3F, 0xF3, 0x33, 0xFF, 0x88, 0x33,
    0x9F, 0x00, 0x00, 0xD6, 0xA1, 0x66, 0x00, 0x6D, 0xC1, 0x00, 0x00, 0xA3, 0x8A, 0x33, 0x87, 0xFF, 0x8E, 0x33, 0x00, 0x3A,
    0x9F, 0x00, 0x00, 0xD6, 0xA2, 0x66, 0x00, 0xD0, 0xBF, 0x00, 0x00, 0x0A, 0x8B, 0x33, 0x00, 0x3F, 0x85, 0xFF, 0x00, 0xF3,
    0x8E, 0x33, 0x00, 0x3A, 0x9F, 0x00, 0x00, 0x06, 0xA2, 0x66, 0x00, 0x60, 0xBF, 0x00, 0x00, 0x03, 0xA2, 0x33, 0x00, 0x30,
    0x9F, 0x00, 0x00, 0x0D, 0xA2, 0x66, 0x00, 0x6D, 0xBF, 0x00, 0x00, 0xA3, 0xA2, 0x33, 0x00, 0xA0, 0x9F, 0x00, 0x00, 0x0D,
    0xA3, 0x66, 0xBF, 0x00, 0xA3, 0x33, 0x00, 0xA0, 0xA0, 0x00, 0xA2, 0x66, 0x00, 0xDD, 0xBF, 0x00, 0x00, 0xAA, 0xA2, 0x33,
    0xA1, 0x00, 0x00, 0xD6, 0xA0, 0x66, 0x00, 0x6D, 0xC1, 0x00, 0x00, 0xA3, 0xA0, 0x33, 0x00, 0x3A, 0xA1, 0x00, 0x00, 0xD6,
    0xA0, 0x66, 0x00, 0xD0, 0xC1, 0x00, 0x00, 0x0A, 0xA0, 0x33, 0x00, 0x3A, 0xA1, 0x00, 0x00, 0x06, 0x9F, 0x66, 0x00, 0xD0,
    0xC3, 0x00, 0x00, 0x0A, 0x9F, 0x33, 0x00, 0x30, 0xA1, 0x00, 0x00, 0x0D, 0x9E, 0x66, 0x00, 0x6D, 0x84, 0x00, 0x00, 0xC0,
    0xB9, 0x00, 0x00, 0x0B, 0x84, 0x00, 0x00, 0xA3, 0x9E, 0x33, 0x00, 0xA0, 0xA1, 0x00, 0x00, 0x0D, 0x9D, 0x66, 0x01, 0x6D,
    0xD0, 0x83, 0x00, 0x01, 0x0C, 0x5C, 0xB9, 0x00, 0x01, 0xB4, 0xB0, 0x83, 0x00, 0x01, 0x0A, 0xA3, 0x9D, 0x33, 0x00, 0xA0,
    0xA2, 0x00, 0x00, 0xD6, 0x9C, 0x66, 0x00, 0xD0, 0x84, 0x00, 0x02, 0xC5, 0x55, 0xC0, 0xB7, 0x00, 0x02, 0x0B, 0x44, 0x4B,
    0x84, 0x00, 0x00, 0x0A, 0x9C, 0x33, 0x00, 0x3A, 0xA3, 0x00, 0x00, 0xD6, 0x9B, 0x66, 0x00, 0x6D, 0x84, 0x00, 0x03, 0xCC,
    0x55, 0x55, 0x5C, 0xB7, 0x00, 0x03, 0xB4, 0x44, 0x44, 0xBB, 0x84, 0x00, 0x00, 0xA3, 0x9B, 0x33, 0x00, 0x3A, 0xA3, 0x00,
    0x00, 0x06, 0x9A, 0x66, 0x01, 0x6D, 0xD0, 0x83, 0x00, 0x00, 0x0C, 0x83, 0x55, 0x00, 0xC0, 0xB5, 0x00, 0x00, 0x0B, 0x83,
    0x44, 0x00, 0xB0, 0x83, 0x00, 0x01, 0x0A, 0xA3, 0x9A, 0x33, 0x00, 0x30, 0xA3, 0x00, 0x00, 0x0D, 0x9A, 0x66, 0x00, 0xD0,
    0x84, 0x00, 0x00, 0xC5, 0x83, 0x55, 0x00, 0x5C, 0xB5, 0x00, 0x00, 0xB4, 0x83, 0x44, 0x00, 0x4B, 0x84, 0x00, 0x00, 0x0A,
    0x9A, 0x33, 0x00, 0xA0, 0xA3, 0x00, 0x00, 0x0D, 0x99, 0x66, 0x00, 0x6D, 0x84, 0x00, 0x00, 0x0C, 0x85, 0x55, 0x00, 0xC0,
    0xB3, 0x00, 0x00, 0x0B, 0x85, 0x44, 0x00, 0xB0, 0x84, 0x00, 0x00, 0xA3, 0x99, 0x33, 0x00, 0xA0, 0xA4, 0x00, 0x00, 0xD6,
    0x97, 0x66, 0x00, 0x6D, 0x85, 0x00, 0x00, 0xC5, 0x85, 0x55, 0x00, 0x5C, 0xB3, 0x00, 0x00, 0xB4, 0x85, 0x44, 0x00, 0x4B,
    0x85, 0x00, 0x00, 0xA3, 0x97, 0x33, 0x00, 0x3A, 0xA5, 0x00, 0x00, 0xD6, 0x97, 0x66, 0x00, 0xD0, 0x84, 0x00, 0x00, 0x0C,
    0x87, 0x55, 0x00, 0xC0, 0xB1, 0x00, 0x00, 0x0B, 0x87, 0x44, 0x00, 0xB0, 0x84, 0x00, 0x00, 0x0A, 0x97, 0x33, 0x00, 0x3A,
    0xA5, 0x00, 0x00, 0x0D, 0x96, 0x66, 0x00, 0xDD, 0x85, 0x00, 0x00, 0xC5, 0x87, 0x55, 0x00, 0x5C, 0xB1, 0x00, 0x00, 0xB4,
    0x87, 0x44, 0x00, 0x4B, 0x85, 0x00, 0x00, 0xAA, 0x96, 0x33, 0x00, 0xA0, 0xA5, 0x00, 0x00, 0x0D, 0x95, 0x66, 0x00, 0x6D,
    0x85, 0x00, 0x00, 0xCC, 0x89, 0x55, 0x00, 0xC0, 0xAF, 0x00, 0x00, 0x0B, 0x89, 0x44, 0x00, 0xBB, 0x85, 0x00, 0x00, 0xA3,
    0x95, 0x33, 0x00, 0xA0, 0xA6, 0x00, 0x95, 0x66, 0x00, 0xD0, 0x84, 0x00, 0x00, 0x0C, 0x8A, 0x55, 0x01, 0x5C, 0xC0, 0xAD,
    0x00, 0x01, 0x0B, 0xB4, 0x8A, 0x44, 0x00, 0xB0, 0x84, 0x00, 0x00, 0x0A, 0x95, 0x33, 0xA7, 0x00, 0x00, 0xD6, 0x93, 0x66,
    0x00, 0xD0, 0x85, 0x00, 0x00, 0xC5, 0x8B, 0x55, 0x00, 0x5C, 0xAD, 0x00, 0x00, 0xB4, 0x8B, 0x44, 0x00, 0x4B, 0x85, 0x00,
    0x00, 0x0A, 0x93, 0x33, 0x00, 0x3A, 0xA7, 0x00, 0x00, 0x06, 0x92, 0x66, 0x00, 0x6D, 0x85, 0x00, 0x00, 0x0C, 0x8D, 0x55,
    0x00, 0xC0, 0xAB, 0x00, 0x00, 0x0B, 0x8D, 0x44, 0x00, 0xB0, 0x85, 0x00, 0x00, 0xA3, 0x92, 0x33, 0x00, 0x30, 0xA7, 0x00,
    0x00, 0x0D, 0x92, 0x66, 0x00, 0xD0, 0x85, 0x00, 0x00, 0xC5, 0x8E, 0x55, 0x00, 0xC0, 0xA9, 0x00, 0x00, 0x0B, 0x8E, 0x44,
    0x00, 0x4B, 0x85, 0x00, 0x00, 0x0A, 0x92, 0x33, 0x00, 0xA0, 0xA8, 0x00, 0x91, 0x66, 0x00, 0xD0, 0x85, 0x00, 0x00, 0x0C,
    0x8F, 0x55, 0x00, 0x5C, 0xA9, 0x00, 0x00, 0xB4, 0x8F, 0x44, 0x00, 0xB0, 0x85, 0x00, 0x00, 0x0A, 0x91, 0x33, 0xA9, 0x00,
    0x00, 0xD6, 0x8F, 0x66, 0x00, 0x6D, 0x86, 0x00, 0x00, 0xC5, 0x90, 0x55, 0x00, 0x5C, 0xA7, 0x00, 0x00, 0xB4, 0x90, 0x44,
    0x00, 0x4B, 0x86, 0x00, 0x00, 0xA3, 0x8F, 0x33, 0x00, 0x3A, 0xA9, 0x00, 0x00, 0x0D, 0x8E, 0x66, 0x01, 0x6D, 0xD0, 0x85,
    0x00, 0x00, 0xC5, 0x92, 0x55, 0x00, 0xCC, 0xA5, 0x00, 0x00, 0xBB, 0x92, 0x44, 0x00, 0x4B, 0x85, 0x00, 0x01, 0x0A, 0xA3,
    0x8E, 0x33, 0x00, 0xA0, 0xA9, 0x00, 0x00, 0x0D, 0x8E, 0x66, 0x00, 0xD0, 0x85, 0x00, 0x00, 0x0C, 0x94, 0x55, 0x00, 0xCC,
    0xA3, 0x00, 0x00, 0xBB, 0x94, 0x44, 0x00, 0xB0, 0x85, 0x00, 0x00, 0x0A, 0x8E, 0x33, 0x00, 0xA0, 0xAA, 0x00, 0x00, 0xD6,
    0x8C, 0x66, 0x00, 0x6D, 0x86, 0x00, 0x00, 0xC5, 0x95, 0x55, 0x00, 0xC0, 0xA1, 0x00, 0x00, 0x0B, 0x95, 0x44, 0x00, 0x4B,
    0x86, 0x00, 0x00, 0xA3, 0x8C, 0x33, 0x00, 0x3A, 0xAB, 0x00, 0x00, 0xD6, 0x8B, 0x66, 0x00, 0x6D, 0x86, 0x00, 0x00, 0x0C,
    0x97, 0x55, 0x00, 0xCC, 0x9F, 0x00, 0x00, 0xBB, 0x97, 0x44, 0x00, 0xB0, 0x86, 0x00, 0x00, 0xA3, 0x8B, 0x33, 0x00, 0x3A,
    0xAB, 0x00, 0x00, 0x0D, 0x8B, 0x66, 0x00, 0xD0, 0x86, 0x00, 0x00, 0xC5, 0x98, 0x55, 0x00, 0xCC, 0x9D, 0x00, 0x00, 0xBB,
    0x98, 0x44, 0x00, 0x4B, 0x86, 0x00, 0x00, 0x0A, 0x8B, 0x33, 0x00, 0xA0, 0xAC, 0x00, 0x8A, 0x66, 0x00, 0x6D, 0x86, 0x00,
    0x00, 0x0C, 0x9A, 0x55, 0x00, 0xCC, 0x9B, 0x00, 0x00, 0xBB, 0x9A, 0x44, 0x00, 0xB0, 0x86, 0x00, 0x00, 0xA3, 0x8A, 0x33,
    0xAD, 0x00, 0x00, 0xD6, 0x88, 0x66, 0x00, 0x6D, 0x86, 0x00, 0x01, 0x0C, 0xC5, 0x9B, 0x55, 0x01, 0x5C, 0xC0, 0x97, 0x00,
    0x01, 0x0B, 0xB4, 0x9B, 0x44, 0x01, 0x4B, 0xB0, 0x86, 0x00, 0x00, 0xA3, 0x88, 0x33, 0x00, 0x3A, 0xAD, 0x00, 0x00, 0x0D,
    0x88, 0x66, 0x00, 0xD0, 0x86, 0x00, 0x00, 0xC5, 0x9E, 0x55, 0x00, 0xCC, 0x95, 0x00, 0x00, 0xBB, 0x9E, 0x44, 0x00, 0x4B,
    0x86, 0x00, 0x00, 0x0A, 0x88, 0x33, 0x00, 0xA0, 0xAD, 0x00, 0x00, 0x0D, 0x87, 0x66, 0x00, 0xDD, 0x86, 0x00, 0x00, 0x0C,
    0xA0, 0x55, 0x01, 0x5C, 0xCC, 0x91, 0x00, 0x01, 0xBB, 0xB4, 0xA0, 0x44, 0x00, 0xB0, 0x86, 0x00, 0x00, 0xAA, 0x87, 0x33,
    0x00, 0xA0, 0xAE, 0x00, 0x00, 0xD6, 0x85, 0x66, 0x00, 0x6D, 0x87, 0x00, 0x00, 0xC5, 0xA3, 0x55, 0x01, 0xCC, 0xC0, 0x8B,
    0x00, 0x01, 0x0B, 0xBB, 0xA3, 0x44, 0x00, 0x4B, 0x87, 0x00, 0x00, 0xA3, 0x85, 0x33, 0x00, 0x3A, 0xAF, 0x00, 0x00, 0x06,
    0x85, 0x66, 0x00, 0xD0, 0x86, 0x00, 0x00, 0x0C, 0xA7, 0x55, 0x82, 0xCC, 0x83, 0x00, 0x82, 0xBB, 0xA7, 0x44, 0x00, 0xB0,
    0x86, 0x00, 0x00, 0x0A, 0x85, 0x33, 0x00, 0x30, 0xAF, 0x00, 0x00, 0x0D, 0x84, 0x66, 0x00, 0xD0, 0x87, 0x00, 0x00, 0xC5,
    0xAA, 0x55, 0x83, 0x00, 0xAA, 0x44, 0x00, 0x4B, 0x87, 0x00, 0x00, 0x0A, 0x84, 0x33, 0x00, 0xA0, 0xB0, 0x00, 0x00, 0xD6,
    0x82, 0x66, 0x00, 0x6D, 0x87, 0x00, 0x00, 0x0C, 0x8C, 0x55, 0x00, 0x5F, 0x90, 0xFF, 0x00, 0xF5, 0x8B, 0x55, 0x83, 0x00,
    0xAB, 0x44, 0x00, 0xB0, 0x87, 0x00, 0x00, 0xA3, 0x82, 0x33, 0x00, 0x3A, 0xB1, 0x00, 0x00, 0x06, 0x82, 0x66, 0x00, 0xD0,
    0x86, 0x00, 0x01, 0x0C, 0xC5, 0x8C, 0x55, 0x92, 0xFF, 0x8B, 0x55, 0x83, 0x00, 0xAB, 0x44, 0x01, 0x4B, 0xB0, 0x86, 0x00,
    0x00, 0x0A, 0x82, 0x33, 0x00, 0x30, 0xB1, 0x00, 0x03, 0x0D, 0x66, 0x66, 0xD0, 0x87, 0x00, 0x00, 0xC5, 0x8D, 0x55, 0x92,
    0xFF, 0x8B, 0x55, 0x83, 0x00, 0x8B, 0x44, 0x00, 0x4F, 0x8D, 0xFF, 0x91, 0x44, 0x00, 0x4B, 0x87, 0x00, 0x03, 0x0A, 0x33,
    0x33, 0xA0, 0xB2, 0x00, 0x01, 0xD6, 0x6D, 0x87, 0x00, 0x00, 0x0C, 0x8E, 0x55, 0x92, 0xFF, 0x8A, 0x55, 0x00, 0x5C, 0x83,
    0x00, 0x00, 0xB4, 0x8A, 0x44, 0x8E, 0xFF, 0x03, 0xF4, 0x44, 0x4F, 0xF4, 0x8E, 0x44, 0x00, 0xB0, 0x87, 0x00, 0x01, 0xA3,
    0x3A, 0xB3, 0x00, 0x01, 0x0D, 0xD0, 0x87, 0x00, 0x00, 0xC5, 0x8E, 0x55, 0x01, 0xFF, 0xFF, 0x8A, 0x55, 0x05, 0xFF, 0xFF,
    0x55, 0x55, 0xFF, 0xFF, 0x8A, 0x55, 0x00, 0x5C, 0x83, 0x00, 0x00, 0xB4, 0x8A, 0x44, 0x8E, 0xFF, 0x03, 0xF4, 0x44, 0xFF,
    0xFF, 0x8E, 0x44, 0x00, 0x4B, 0x87, 0x00, 0x01, 0x0A, 0xA0, 0xBC, 0x00, 0x00, 0x0C, 0x8F, 0x55, 0x01, 0xFF, 0xFF, 0x89,
    0x55, 0x06, 0x5F, 0xFF, 0xFF, 0xF5, 0x55, 0xFF, 0xFF, 0x8A, 0x55, 0x00, 0x5C, 0x83, 0x00, 0x00, 0xB4, 0x8A, 0x44, 0x8E,
    0xFF, 0x00, 0xF4, 0x82, 0xFF, 0x8F, 0x44, 0x00, 0xB0, 0xC5, 0x00, 0x00, 0xC5, 0x8F, 0x55, 0x01, 0xFF, 0xFF, 0x89, 0x55,
    0x00, 0x5F, 0x82, 0xFF, 0x02, 0x55, 0xFF, 0xFF, 0x8A, 0x55, 0x00, 0x5C, 0x83, 0x00, 0x00, 0xB4, 0x8A, 0x44, 0x01, 0xFF,
    0xFF, 0x8A, 0x44, 0x00, 0x4F, 0x84, 0xFF, 0x8F, 0x44, 0x00, 0x4B, 0xC4, 0x00, 0x00, 0x0C, 0x90, 0x55, 0x01, 0xFF, 0xFF,
    0x89, 0x55, 0x00, 0x5F, 0x82, 0xFF, 0x02, 0x55, 0xFF, 0xFF, 0x8A, 0x55, 0x00, 0x5C, 0x83, 0x00, 0x00, 0xB4, 0x8A, 0x44,
    0x01, 0xFF, 0xFF, 0x83, 0x44, 0x00, 0xFF, 0x85, 0x44, 0x00, 0x4F, 0x84, 0xFF, 0x90, 0x44, 0x00, 0xB0, 0xC2, 0x00, 0x00,
    0x0C, 0x91, 0x55, 0x01, 0xFF, 0xFF, 0x89, 0x55, 0x06, 0x5F, 0xFF, 0xFF, 0xF5, 0x55, 0xFF, 0xFF, 0x8A, 0x55, 0x00, 0x5C,
    0x83, 0x00, 0x00, 0xB4, 0x8A, 0x44, 0x01, 0xFF, 0xFF, 0x82, 0x44, 0x02, 0x4F, 0xFF, 0xF4, 0x84, 0x44, 0x00, 0x4F, 0x84,
    0xFF, 0x91, 0x44, 0x00, 0xB0, 0xC1, 0x00, 0x00, 0xC5, 0x91, 0x55, 0x01, 0xFF, 0xFF, 0x8A, 0x55, 0x05, 0xFF, 0xFF, 0xF5,
    0x55, 0xFF, 0xFF, 0x8A, 0x55, 0x00, 0x5C, 0x83, 0x00, 0x00, 0xB4, 0x8A, 0x44, 0x01, 0xFF, 0xFF, 0x82, 0x44, 0x03, 0x4F,
    0xFF, 0xFF, 0xF4, 0x83, 0x44, 0x05, 0x4F, 0xFF, 0xFF, 0x44, 0xFF, 0xFF, 0x91, 0x44, 0x00, 0x4B, 0xC0, 0x00, 0x00, 0x0C,
    0x92, 0x55, 0x01, 0xFF, 0xFF, 0x8A, 0x55, 0x05, 0xFF, 0xF5, 0x55, 0x55, 0xFF, 0xFF, 0x8A, 0x55, 0x00, 0x5C, 0x83, 0x00,
    0x00, 0xB4, 0x8A, 0x44, 0x01, 0xFF, 0xFF, 0x82, 0x44, 0x00, 0x4F, 0x82, 0xFF, 0x83, 0x44, 0x05, 0x4F, 0xFF, 0xF4, 0x44,
    0xFF, 0xFF, 0x92, 0x44, 0x00, 0xB0, 0xBF, 0x00, 0x00, 0xC5, 0x92, 0x55, 0x01, 0xFF, 0xFF, 0x89, 0x55, 0x06, 0x5F, 0xFF,
    0xF5, 0x55, 0x55, 0xFF, 0xFF, 0x8A, 0x55, 0x00, 0x5C, 0x83, 0x00, 0x00, 0xB4, 0x8A, 0x44, 0x01, 0xFF, 0xFF, 0x82, 0x44,
    0x00, 0x4F, 0x83, 0xFF, 0x82, 0x44, 0x05, 0x4F, 0xFF, 0xF4, 0x44, 0xFF, 0xFF, 0x92, 0x44, 0x00, 0x4B, 0xBE, 0x00, 0x00,
    0x0C, 0x93, 0x55, 0x01, 0xFF, 0xFF, 0x89, 0x55, 0x06, 0x5F, 0xFF, 0xF5, 0x55, 0x55, 0xFF, 0xFF, 0x8A, 0x55, 0x00, 0x5C,
    0x83, 0x00, 0x00, 0xB4, 0x8A, 0x44, 0x01, 0xFF, 0xFF, 0x82, 0x44, 0x00, 0x4F, 0x83, 0xFF, 0x08, 0xF4, 0x44, 0x44, 0x4F,
    0xFF, 0xF4, 0x44, 0xFF, 0xFF, 0x93, 0x44, 0x00, 0xB0, 0xBD, 0x00, 0x00, 0xC5, 0x93, 0x55, 0x01, 0xFF, 0xFF, 0x89, 0x55,
    0x82, 0xFF, 0x03, 0x55, 0x55, 0xFF, 0xFF, 0x8A, 0x55, 0x00, 0x50, 0x83, 0x00, 0x00, 0x04, 0x8A, 0x44, 0x01, 0xFF, 0xFF,
    0x82, 0x44, 0x0D, 0x4F, 0xFF, 0xF4, 0x4F, 0xFF, 0xFF, 0xF4, 0x44, 0x4F, 0xFF, 0xF4, 0x44, 0xFF, 0xFF, 0x93, 0x44, 0x00,
    0x4B, 0xBC, 0x00, 0x00, 0x0C, 0x94, 0x55, 0x01, 0xFF, 0xFF, 0x83, 0x55, 0x01, 0x5F, 0xF5, 0x82, 0x55, 0x00, 0x5F, 0x82,
    0xFF, 0x03, 0x55, 0x55, 0xFF, 0xFF, 0x8A, 0x55, 0x00, 0x50, 0x83, 0x00, 0x00, 0x04, 0x8A, 0x44, 0x01, 0xFF, 0xFF, 0x82,
    0x44, 0x03, 0x4F, 0xFF, 0xF4, 0x44, 0x82, 0xFF, 0x06, 0xF4, 0x4F, 0xFF, 0xF4, 0x44, 0xFF, 0xFF, 0x94, 0x44, 0x00, 0xB0,
    0xBC, 0x00, 0x94, 0x55, 0x01, 0xFF, 0xFF, 0x83, 0x55, 0x01, 0xFF, 0xFF, 0x82, 0x55, 0x83, 0xFF, 0x03, 0xF5, 0x55, 0xFF,
    0xFF, 0x8A, 0x55, 0x00, 0x50, 0x83, 0x00, 0x00, 0x04, 0x8A, 0x44, 0x01, 0xFF, 0xFF, 0x82, 0x44, 0x04, 0x4F, 0xFF, 0xF4,
    0x44, 0x44, 0x82, 0xFF, 0x05, 0x4F, 0xFF, 0xF4, 0x44, 0xFF, 0xFF, 0x94, 0x44, 0xBD, 0x00, 0x00, 0xC5, 0x93, 0x55, 0x01,
    0xFF, 0xFF, 0x82, 0x55, 0x0D, 0x5F, 0xFF, 0xFF, 0xF5, 0x55, 0x55, 0xFF, 0xFF, 0x5F, 0xFF, 0xF5, 0x55, 0xFF, 0xFF, 0x8A,
    0x55, 0x00, 0x50, 0x83, 0x00, 0x00, 0x04, 0x8A, 0x44, 0x01, 0xFF, 0xFF, 0x82, 0x44, 0x04, 0x4F, 0xFF, 0xF4, 0x44, 0x44,
    0x82, 0xFF, 0x05, 0x4F, 0xFF, 0xF4, 0x44, 0xFF, 0xFF, 0x93, 0x44, 0x00, 0x4B, 0xBD, 0x00, 0x00, 0x0C, 0x93, 0x55, 0x01,
    0xFF, 0xFF, 0x82, 0x55, 0x00, 0x5F, 0x82, 0xFF, 0x09, 0x55, 0x5F, 0xFF, 0xF5, 0x55, 0xFF, 0xFF, 0x55, 0xFF, 0xFF, 0x8A,
    0x55, 0x00, 0x50, 0x83, 0x00, 0x00, 0x04, 0x8A, 0x44, 0x01, 0xFF, 0xFF, 0x82, 0x44, 0x0D, 0x4F, 0xFF, 0xF4, 0x44, 0x4F,
    0xFF, 0xFF, 0xF4, 0x4F, 0xFF, 0xF4, 0x44, 0xFF, 0xFF, 0x93, 0x44, 0x00, 0xB0, 0xBE, 0x00, 0x00, 0xC5, 0x92, 0x55, 0x01,
    0xFF, 0xFF, 0x82, 0x55, 0x83, 0xFF, 0x09, 0xF5, 0xFF, 0xFF, 0xF5, 0x55, 0xFF, 0xFF, 0x55, 0xFF, 0xFF, 0x8A, 0x55, 0x00,
    0x50, 0x83, 0x00, 0x00, 0x04, 0x8A, 0x44, 0x01, 0xFF, 0xFF, 0x82, 0x44, 0x0D, 0x4F, 0xFF, 0xF4, 0x4F, 0xFF, 0xFF, 0xF4,
    0x44, 0x4F, 0xFF, 0xF4, 0x44, 0xFF, 0xFF, 0x92, 0x44, 0x00, 0x4B, 0xBF, 0x00, 0x00, 0x0C, 0x92, 0x55, 0x07, 0xFF, 0xFF,
    0x55, 0x55, 0x5F, 0xFF, 0xFF, 0x5F, 0x83, 0xFF, 0x06, 0x55, 0x55, 0xFF, 0xFF, 0x55, 0xFF, 0xFF, 0x8A, 0x55, 0x00, 0x50,
    0x83, 0x00, 0x00, 0x04, 0x8A, 0x44, 0x01, 0xFF, 0xFF, 0x82, 0x44, 0x00, 0x4F, 0x84, 0xFF, 0x07, 0x44, 0x44, 0x4F, 0xFF,
    0xF4, 0x44, 0xFF, 0xFF, 0x92, 0x44, 0x00, 0xB0, 0xC0, 0x00, 0x00, 0xC5, 0x91, 0x55, 0x07, 0xFF, 0xFF, 0x55, 0x55, 0xFF,
    0xFF, 0xF5, 0x55, 0x82, 0xFF, 0x07, 0xF5, 0x55, 0x55, 0x5F, 0xFF, 0xF5, 0xFF, 0xFF, 0x8A, 0x55, 0x00, 0x50, 0x83, 0x00,
    0x00, 0x04, 0x8A, 0x44, 0x01, 0xFF, 0xFF, 0x82, 0x44, 0x00, 0x4F, 0x83, 0xFF, 0x82, 0x44, 0x05, 0x4F, 0xFF, 0xF4, 0x44,
    0xFF, 0xFF, 0x91, 0x44, 0x00, 0x4B, 0xC1, 0x00, 0x00, 0x0C, 0x91, 0x55, 0x12, 0xFF, 0xFF, 0x55, 0x5F, 0xFF, 0xFF, 0x55,
    0x55, 0x5F, 0xFF, 0xFF, 0xF5, 0x55, 0x55, 0x5F, 0xFF, 0xF5, 0xFF, 0xFF, 0x8A, 0x55, 0x00, 0x50, 0x83, 0x00, 0x00, 0x04,
    0x8A, 0x44, 0x01, 0xFF, 0xFF, 0x82, 0x44, 0x00, 0x4F, 0x82, 0xFF, 0x00, 0xF4, 0x82, 0x44, 0x05, 0x4F, 0xFF, 0xF4, 0x44,
    0xFF, 0xFF, 0x91, 0x44, 0x00, 0xB0, 0xC2, 0x00, 0x00, 0xC5, 0x90, 0x55, 0x05, 0xFF, 0xFF, 0x55, 0x5F, 0xFF, 0xF5, 0x82,
    0x55, 0x01, 0xFF, 0xFF, 0x83, 0x55, 0x83, 0xFF, 0x8A, 0x55, 0x00, 0xC0, 0x83, 0x00, 0x00, 0x0B, 0x8A, 0x44, 0x01, 0xFF,
    0xFF, 0x82, 0x44, 0x03, 0x4F, 0xFF, 0xFF, 0xF4, 0x83, 0x44, 0x05, 0x4F, 0xFF, 0xF4, 0x44, 0xFF, 0xFF, 0x90, 0x44, 0x00,
    0x4B, 0xC3, 0x00, 0x00, 0x0C, 0x90, 0x55, 0x05, 0xFF, 0xFF, 0x55, 0xFF, 0xFF, 0xF5, 0x82, 0x55, 0x01, 0x5F, 0xF5, 0x83,
    0x55, 0x83, 0xFF, 0x8A, 0x55, 0x00, 0xC0, 0x83, 0x00, 0x00, 0x0B, 0x8A, 0x44, 0x01, 0xFF, 0xFF, 0x82, 0x44, 0x02, 0x4F,
    0xFF, 0xFF, 0x84, 0x44, 0x05, 0x4F, 0xFF, 0xFF, 0xF4, 0xFF, 0xFF, 0x90, 0x44, 0x00, 0xB0, 0xC4, 0x00, 0x00, 0xC5, 0x8F,
    0x55, 0x04, 0xFF, 0xFF, 0x5F, 0xFF, 0xFF, 0x89, 0x55, 0x00, 0x5F, 0x82, 0xFF, 0x8A, 0x55, 0x00, 0xC0, 0x83, 0x00, 0x00,
    0x0B, 0x8A, 0x44, 0x01, 0xFF, 0xFF, 0x83, 0x44, 0x00, 0xFF, 0x85, 0x44, 0x00, 0x4F, 0x84, 0xFF, 0x8F, 0x44, 0x00, 0x4B,
    0xC5, 0x00, 0x00, 0x0C, 0x8F, 0x55, 0x83, 0xFF, 0x00, 0xF5, 0x89, 0x55, 0x00, 0x5F, 0x82, 0xFF, 0x8A, 0x55, 0x00, 0xC0,
    0x83, 0x00, 0x00, 0x0B, 0x8A, 0x44, 0x01, 0xFF, 0xFF, 0x8A, 0x44, 0x00, 0x4F, 0x84, 0xFF, 0x8F, 0x44, 0x00, 0xB0, 0xC6,
    0x00, 0x00, 0xC5, 0x8E, 0x55, 0x83, 0xFF, 0x8A, 0x55, 0x00, 0x5F, 0x82, 0xFF, 0x8A, 0x55, 0x00, 0xC0, 0x83, 0x00, 0x00,
    0x0B, 0x8A, 0x44, 0x8E, 0xFF, 0x00, 0xF4, 0x82, 0xFF, 0x8E, 0x44, 0x00, 0x4B, 0xC7, 0x00, 0x00, 0x0C, 0x8E, 0x55, 0x03,
    0xFF, 0xFF, 0x5F, 0xF5, 0x8B, 0x55, 0x82, 0xFF, 0x8A, 0x55, 0x00, 0xC0, 0x83, 0x00, 0x00, 0x0B, 0x8A, 0x44, 0x8E, 0xFF,
    0x03, 0xF4, 0x44, 0xFF, 0xFF, 0x8E, 0x44, 0x00, 0xB0, 0xC8, 0x00, 0x00, 0x0C, 0x8D, 0x55, 0x92, 0xFF, 0x8A, 0x55, 0x00,
    0xC0, 0x83, 0x00, 0x00, 0x0B, 0x8A, 0x44, 0x8E, 0xFF, 0x03, 0xF4, 0x44, 0x4F, 0xF4, 0x8D, 0x44, 0x00, 0xB0, 0xCA, 0x00,
    0x00, 0xC5, 0x8C, 0x55, 0x92, 0xFF, 0x8A, 0x55, 0x00, 0xC0, 0x83, 0x00, 0x00, 0x0B, 0x8A, 0x44, 0x00, 0x4F, 0x8D, 0xFF,
    0x90, 0x44, 0x00, 0x4B, 0xCB, 0x00, 0x00, 0x0C, 0x8C, 0x55, 0x92, 0xFF, 0x8A, 0x55, 0x00, 0xC0, 0x83, 0x00, 0x00, 0x0B,
    0xAA, 0x44, 0x00, 0xB0, 0xCC, 0x00, 0x00, 0xC5, 0x8B, 0x55, 0x00, 0x5F, 0x90, 0xFF, 0x00, 0xF5, 0x8A, 0x55, 0x00, 0xC0,
    0x83, 0x00, 0x00, 0x0B, 0xA9, 0x44, 0x00, 0x4B, 0xCD, 0x00, 0x00, 0x0C, 0xA9, 0x55, 0x85, 0x00, 0xA9, 0x44, 0x00, 0xB0,
    0xCE, 0x00, 0x00, 0x0C, 0xA8, 0x55, 0x85, 0x00, 0xA8, 0x44, 0x00, 0xB0, 0xD0, 0x00, 0x00, 0xC5, 0xA7, 0x55, 0x85, 0x00,
    0xA7, 0x44, 0x00, 0x4B, 0xD1, 0x00, 0x00, 0x0C, 0xA7, 0x55, 0x85, 0x00, 0xA7, 0x44, 0x00, 0xB0, 0xD2, 0x00, 0x00, 0xCC,
    0xA6, 0x55, 0x85, 0x00, 0xA6, 0x44, 0x00, 0xBB, 0xD4, 0x00, 0x00, 0xC5, 0xA5, 0x55, 0x85, 0x00, 0xA5, 0x44, 0x00, 0x4B,
    0xD5, 0x00, 0x00, 0x0C, 0xA5, 0x55, 0x85, 0x00, 0xA5, 0x44, 0x00, 0xB0, 0xD6, 0x00, 0x00, 0x0C, 0xA4, 0x55, 0x85, 0x00,
    0xA4, 0x44, 0x00, 0xB0, 0xD8, 0x00, 0x00, 0xC5, 0xA3, 0x55, 0x85, 0x00, 0xA3, 0x44, 0x00, 0x4B, 0xDA, 0x00, 0x00, 0xC5,
    0xA1, 0x55, 0x00, 0x5C, 0x85, 0x00, 0x00, 0xB4, 0xA1, 0x44, 0x00, 0x4B, 0xDB, 0x00, 0x01, 0x0C, 0xC5, 0xA0, 0x55, 0x00,
    0x5C, 0x85, 0x00, 0x00, 0xB4, 0xA0, 0x44, 0x01, 0x4B, 0xB0, 0xDC, 0x00, 0x00, 0x0C, 0xA0, 0x55, 0x00, 0x5C, 0x85, 0x00,
    0x00, 0xB4, 0xA0, 0x44, 0x00, 0xB0, 0xDE, 0x00, 0x00, 0x0C, 0x9F, 0x55, 0x00, 0x5C, 0x85, 0x00, 0x00, 0xB4, 0x9F, 0x44,
    0x00, 0xB0, 0xE0, 0x00, 0x00, 0xCC, 0x9E, 0x55, 0x00, 0x5C, 0x85, 0x00, 0x00, 0xB4, 0x9E, 0x44, 0x00, 0xBB, 0xE2, 0x00,
    0x00, 0xCC, 0x9D, 0x55, 0x00, 0x5C, 0x85, 0x00, 0x00, 0xB4, 0x9D, 0x44, 0x00, 0xBB, 0xE4, 0x00, 0x00, 0xC5, 0x9C, 0x55,
    0x00, 0x5C, 0x85, 0x00, 0x00, 0xB4, 0x9C, 0x44, 0x00, 0x4B, 0xE6, 0x00, 0x00, 0xC5, 0x9B, 0x55, 0x00, 0x5C, 0x85, 0x00,
    0x00, 0xB4, 0x9B, 0x44, 0x00, 0x4B, 0xE8, 0x00, 0x00, 0xC5, 0x9A, 0x55, 0x00, 0x5C, 0x85, 0x00, 0x00, 0xB4, 0x9A, 0x44,
    0x00, 0x4B, 0xEA, 0x00, 0x00, 0xCC, 0x99, 0x55, 0x00, 0x5C, 0x85, 0x00, 0x00, 0xB4, 0x99, 0x44, 0x00, 0xBB, 0xEC, 0x00,
    0x00, 0xCC, 0x98, 0x55, 0x00, 0x5C, 0x85, 0x00, 0x00, 0xB4, 0x98, 0x44, 0x00, 0xBB, 0xEE, 0x00, 0x00, 0xCC, 0x97, 0x55,
    0x00, 0x50, 0x85, 0x00, 0x00, 0x04, 0x97, 0x44, 0x00, 0xBB, 0xF0, 0x00, 0x01, 0x0C, 0xC5, 0x95, 0x55, 0x00, 0x50, 0x85,
    0x00, 0x00, 0x04, 0x95, 0x44, 0x01, 0x4B, 0xB0, 0xF2, 0x00, 0x01, 0x0C, 0xC5, 0x94, 0x55, 0x00, 0x50, 0x85, 0x00, 0x00,
    0x04, 0x94, 0x44, 0x01, 0x4B, 0xB0, 0xF5, 0x00, 0x00, 0xCC, 0x93, 0x55, 0x00, 0x50, 0x85, 0x00, 0x00, 0x04, 0x93, 0x44,
    0x00, 0xBB, 0xF8, 0x00, 0x01, 0x0C, 0xC5, 0x91, 0x55, 0x00, 0x50, 0x85, 0x00, 0x00, 0x04, 0x91, 0x44, 0x01, 0x4B, 0xB0,
    0xFB, 0x00, 0x00, 0xCC, 0x90, 0x55, 0x00, 0x50, 0x85, 0x00, 0x00, 0x04, 0x90, 0x44, 0x00, 0xBB, 0xFE, 0x00, 0x01, 0x0C,
    0xC5, 0x8E, 0x55, 0x00, 0x50, 0x85, 0x00, 0x00, 0x04, 0x8E, 0x44, 0x01, 0x4B, 0xB0, 0xFF, 0x00, 0x03, 0x00, 0x00, 0xCC,
    0xC5, 0x8C, 0x55, 0x00, 0x50, 0x85, 0x00, 0x00, 0x04, 0x8C, 0x44, 0x01, 0x4B, 0xBB, 0xFF, 0x00, 0x85, 0x00, 0x01, 0xCC,
    0xC5, 0x8A, 0x55, 0x00, 0xC0, 0x85, 0x00, 0x00, 0x0B, 0x8A, 0x44, 0x01, 0x4B, 0xBB, 0xFF, 0x00, 0x89, 0x00, 0x01, 0x0C,
    0xCC, 0x88, 0x55, 0x00, 0xC0, 0x85, 0x00, 0x00, 0x0B, 0x88, 0x44, 0x01, 0xBB, 0xB0, 0xFF, 0x00, 0x8E, 0x00, 0x02, 0xCC,
    0xCC, 0xC5, 0x84, 0x55, 0x00, 0xC0, 0x85, 0x00, 0x00, 0x0B, 0x84, 0x44, 0x02, 0x4B, 0xBB, 0xBB, 0xFF, 0x00, 0x95, 0x00,
    0x82, 0xCC, 0x01, 0x55, 0xC0, 0x85, 0x00, 0x01, 0x0B, 0x44, 0x82, 0xBB, 0xFF, 0x00, 0xFF, 0x00, 0xFF, 0x00, 0xFF, 0x00,
    0xFF, 0x00, 0xFF, 0x00, 0xFF, 0x00, 0xFF, 0x00, 0xFF, 0x00, 0xFF, 0x00, 0xFF, 0x00, 0xFF, 0x00, 0xFF, 0x00, 0xFF, 0x00,
    0xFF, 0x00, 0xFF, 0x00, 0xFF, 0x00, 0xFF, 0x00, 0xFF, 0x00, 0xFF, 0x00, 0xFF, 0x00, 0xFF, 0x00, 0xFF, 0x00, 0xFF, 0x00,
    0xFF, 0x00, 0xFF, 0x00, 0xFF, 0x00, 0xFF, 0x00, 0xFF, 0x00, 0xFF, 0x00, 0xFF, 0x00, 0xFF, 0x00, 0xFF, 0x00, 0xFF, 0x00,
    0xFF, 0x00, 0x90, 0x00,
};

static const uint8_t kLauncherFrame11[] = {
    0xFF, 0x00, 0xFF, 0x00, 0xFF, 0x00, 0xFF, 0x00, 0xFF, 0x00, 0xFF, 0x00, 0xFF, 0x00, 0xFF, 0x00, 0xFF, 0x00, 0xFF, 0x00,
    0xFF, 0x00, 0xFF, 0x00, 0xFF, 0x00, 0xFF, 0x00, 0xFF, 0x00, 0xFF, 0x00, 0xFF, 0x00, 0xFF, 0x00, 0xFF, 0x00, 0xFF, 0x00,
    0xFF, 0x00, 0xFF, 0x00, 0xFF, 0x00, 0xFF, 0x00, 0xFF, 0x00, 0xFF, 0x00, 0xFF, 0x00, 0x93, 0x00, 0x00, 0x08, 0x82, 0x88,
    0x89, 0x11, 0x82, 0x88, 0x00, 0x80, 0xFF, 0x00, 0x94, 0x00, 0x01, 0x88, 0x88, 0x93, 0x11, 0x01, 0x88, 0x88, 0xFF, 0x00,
    0x8E, 0x00, 0x01, 0x88, 0x88, 0x99, 0x11, 0x01, 0x88, 0x88, 0xFF, 0x00, 0x89, 0x00, 0x01, 0x88, 0x81, 0x9D, 0x11, 0x01,
    0x18, 0x88, 0xFF, 0x00, 0x85, 0x00, 0x00, 0x88, 0xA3, 0x11, 0x00, 0x88, 0xFF, 0x00, 0x03, 0x00, 0x00, 0x88, 0x81, 0xA5,
    0x11, 0x01, 0x18, 0x88, 0xFD, 0x00, 0x01, 0x08, 0x81, 0xA9, 0x11, 0x01, 0x18, 0x80, 0xFA, 0x00, 0x00, 0x88, 0xAD, 0x11,
    0x00, 0x88, 0xF7, 0x00, 0x01, 0x08, 0x81, 0xAF, 0x11, 0x01, 0x18, 0x80, 0xF4, 0x00, 0x00, 0x88, 0xB3, 0x11, 0x00, 0x88,
    0xF2, 0x00, 0x00, 0x81, 0xB5, 0x11, 0x00, 0x18, 0xEF, 0x00, 0x01, 0x08, 0x81, 0xB7, 0x11, 0x01, 0x18, 0x80, 0xED, 0x00,
    0x00, 0x08, 0xB9, 0x11, 0x00, 0x80, 0xEE, 0x00, 0xA0, 0x11, 0x01, 0x1F, 0xF1, 0x96, 0x11, 0xEF, 0x00, 0x00, 0x81, 0x9D,
    0x11, 0x00, 0x1F, 0x82, 0xFF, 0x95, 0x11, 0x00, 0x18, 0xEF, 0x00, 0x00, 0x81, 0x9B, 0x11, 0x85, 0xFF, 0x95, 0x11, 0x00,
    0x18, 0xEF, 0x00, 0x00, 0x08, 0x99, 0x11, 0x87, 0xFF, 0x95, 0x11, 0x00, 0x80, 0xE8, 0x00, 0x00, 0x0E, 0x85, 0x00, 0x00,
    0x08, 0x96, 0x11, 0x8A, 0xFF, 0x95, 0x11, 0x00, 0x80, 0x85, 0x00, 0x00, 0x90, 0xE0, 0x00, 0x02, 0x0E, 0x77, 0xE0, 0x85,
    0x00, 0x95, 0x11, 0x00, 0x1F, 0x85, 0xFF, 0x04, 0xF1, 0x11, 0x11, 0xFF, 0xFF, 0x95, 0x11, 0x85, 0x00, 0x02, 0x09, 0x22,
    0x90, 0xDE, 0x00, 0x03, 0x0E, 0x77, 0x77, 0xE0, 0x85, 0x00, 0x00, 0x81, 0x94, 0x11, 0x00, 0x1F, 0x83, 0xFF, 0x84, 0x11,
    0x01, 0xFF, 0xFF, 0x94, 0x11, 0x00, 0x18, 0x85, 0x00, 0x03, 0x09, 0x22, 0x22, 0x90, 0xDC, 0x00, 0x04, 0x0E, 0xE7, 0x77,
    0x77, 0x7E, 0x85, 0x00, 0x00, 0x81, 0x94, 0x11, 0x02, 0x1F, 0xFF, 0xFF, 0x86, 0x11, 0x01, 0xFF, 0xFF, 0x94, 0x11, 0x00,
    0x18, 0x85, 0x00, 0x04, 0x92, 0x22, 0x22, 0x29, 0x90, 0xDB, 0x00, 0x00, 0xE7, 0x82, 0x77, 0x00, 0x7E, 0x85, 0x00, 0x00,
    0x08, 0x94, 0x11, 0x02, 0x1F, 0xFF, 0xF1, 0x86, 0x11, 0x01, 0xFF, 0xFF, 0x94, 0x11, 0x00, 0x80, 0x85, 0x00, 0x00, 0x92,
    0x82, 0x22, 0x00, 0x29, 0xDA, 0x00, 0x00, 0xE7, 0x84, 0x77, 0x00, 0xE0, 0x84, 0x00, 0x00, 0x08, 0x94, 0x11, 0x02, 0x1F,
    0xFF, 0xF1, 0x86, 0x11, 0x01, 0xFF, 0xFF, 0x94, 0x11, 0x00, 0x80, 0x84, 0x00, 0x00, 0x09, 0x84, 0x22, 0x00, 0x29, 0xD8,
    0x00, 0x00, 0xEE, 0x85, 0x77, 0x00, 0x70, 0x85, 0x00, 0x00, 0x81, 0x93, 0x11, 0x02, 0x1F, 0xFF, 0xF1, 0x86, 0x11, 0x01,
    0xFF, 0xFF, 0x93, 0x11, 0x00, 0x18, 0x85, 0x00, 0x00, 0x02, 0x85, 0x22, 0x00, 0x99, 0xD6, 0x00, 0x00, 0x0E, 0x86, 0x77,
    0x00, 0x7E, 0x85, 0x00, 0x00, 0x81, 0x93, 0x11, 0x02, 0x1F, 0xFF, 0xF1, 0x86, 0x11, 0x01, 0xFF, 0xFF, 0x93, 0x11, 0x00,
    0x18, 0x85, 0x00, 0x00, 0x92, 0x86, 0x22, 0x00, 0x90, 0xD4, 0x00, 0x01, 0x0E, 0xE7, 0x87, 0x77, 0x85, 0x00, 0x00, 0x01,
    0x93, 0x11, 0x02, 0x1F, 0xFF, 0xF1, 0x86, 0x11, 0x01, 0xFF, 0xFF, 0x93, 0x11, 0x00, 0x10, 0x85, 0x00, 0x87, 0x22, 0x01,
    0x29, 0x90, 0xD3, 0x00, 0x00, 0xE7, 0x88, 0x77, 0x00, 0xE0, 0x84, 0x00, 0x00, 0x08, 0x93, 0x11, 0x02, 0x1F, 0xFF, 0xF1,
    0x86, 0x11, 0x01, 0xFF, 0xFF, 0x93, 0x11, 0x00, 0x80, 0x84, 0x00, 0x00, 0x09, 0x88, 0x22, 0x00, 0x29, 0xD2, 0x00, 0x00,
    0x0E, 0x89, 0x77, 0x00, 0x70, 0x84, 0x00, 0x00, 0x08, 0x93, 0x11, 0x02, 0x1F, 0xFF, 0xF1, 0x86, 0x11, 0x01, 0xFF, 0xFF,
    0x93, 0x11, 0x00, 0x80, 0x84, 0x00, 0x00, 0x02, 0x89, 0x22, 0x00, 0x90, 0xD0, 0x00, 0x00, 0x0E, 0x8A, 0x77, 0x00, 0x7E,
    0x85, 0x00, 0x00, 0x81, 0x92, 0x11, 0x02, 0x1F, 0xFF, 0xF1, 0x86, 0x11, 0x01, 0xFF, 0xFF, 0x92, 0x11, 0x00, 0x18, 0x85,
    0x00, 0x00, 0x92, 0x8A, 0x22, 0x00, 0x90, 0xCF, 0x00, 0x00, 0xE7, 0x8B, 0x77, 0x00, 0xE0, 0x84, 0x00, 0x00, 0x81, 0x92,
    0x11, 0x02, 0x1F, 0xFF, 0xF1, 0x86, 0x11, 0x01, 0xFF, 0xFF, 0x92, 0x11, 0x00, 0x18, 0x84, 0x00, 0x00, 0x09, 0x8B, 0x22,
    0x00, 0x29, 0xCE, 0x00, 0x00, 0xEE, 0x8C, 0x77, 0x00, 0xE0, 0x84, 0x00, 0x00, 0x01, 0x92, 0x11, 0x02, 0x1F, 0xFF, 0xF1,
    0x86, 0x11, 0x01, 0xFF, 0xFF, 0x92, 0x11, 0x00, 0x10, 0x84, 0x00, 0x00, 0x09, 0x8C, 0x22, 0x00, 0x99, 0xCC, 0x00, 0x00,
    0x0E, 0x8D, 0x77, 0x00, 0x7E, 0x84, 0x00, 0x00, 0x08, 0x92, 0x11, 0x02, 0x1F, 0xFF, 0xF1, 0x86, 0x11, 0x01, 0xFF, 0xFF,
    0x92, 0x11, 0x00, 0x80, 0x84, 0x00, 0x00, 0x92, 0x8D, 0x22, 0x00, 0x90, 0xCB, 0x00, 0x00, 0xE7, 0x8D, 0x77, 0x00, 0x7E,
    0x85, 0x00, 0x92, 0x11, 0x02, 0x1F, 0xFF, 0xF1, 0x86, 0x11, 0x01, 0xFF, 0xFF, 0x92, 0x11, 0x85, 0x00, 0x00, 0x92, 0x8D,
    0x22, 0x00, 0x29, 0xCA, 0x00, 0x00, 0x0E, 0x8F, 0x77, 0x00, 0xE0, 0x84, 0x00, 0x00, 0x81, 0x91, 0x11, 0x02, 0x1F, 0xFF,
    0xF1, 0x86, 0x11, 0x01, 0xFF, 0xFF, 0x91, 0x11, 0x00, 0x18, 0x84, 0x00, 0x00, 0x09, 0x8F, 0x22, 0x00, 0x90, 0xC8, 0x00,
    0x01, 0x0E, 0xE7, 0x8F, 0x77, 0x00, 0xE0, 0x84, 0x00, 0x00, 0x81, 0x91, 0x11, 0x02, 0x1F, 0xFF, 0xF1, 0x82, 0x11, 0x82,
    0xFF, 0x02, 0x11, 0xFF, 0xFF, 0x91, 0x11, 0x00, 0x18, 0x84, 0x00, 0x00, 0x09, 0x8F, 0x22, 0x01, 0x29, 0x90, 0xC7, 0x00,
    0x00, 0xE7, 0x90, 0x77, 0x00, 0x7E, 0x84, 0x00, 0x00, 0x08, 0x91, 0x11, 0x05, 0x1F, 0xFF, 0xF1, 0x11, 0x11, 0x1F, 0x82,
    0xFF, 0x02, 0xF1, 0xFF, 0xFF, 0x91, 0x11, 0x00, 0x80, 0x84, 0x00, 0x00, 0x92, 0x90, 0x22, 0x00, 0x29, 0xC6, 0x00, 0x00,
    0x0E, 0x91, 0x77, 0x00, 0x7E, 0x84, 0x00, 0x00, 0x08, 0x91, 0x11, 0x04, 0x1F, 0xFF, 0xF1, 0x11, 0x11, 0x86, 0xFF, 0x91,
    0x11, 0x00, 0x80, 0x84, 0x00, 0x00, 0x92, 0x91, 0x22, 0x00, 0x90, 0xC5, 0x00, 0x00, 0xE7, 0x92, 0x77, 0x00, 0xE0, 0x84,
    0x00, 0x91, 0x11, 0x04, 0x1F, 0xFF, 0xF1, 0x11, 0x11, 0x86, 0xFF, 0x91, 0x11, 0x84, 0x00, 0x00, 0x09, 0x92, 0x22, 0x00,
    0x29, 0xC4, 0x00, 0x00, 0x0E, 0x93, 0x77, 0x00, 0x70, 0x84, 0x00, 0x00, 0x81, 0x90, 0x11, 0x04, 0x1F, 0xFF, 0xF1, 0x11,
    0x11, 0x85, 0xFF, 0x00, 0xF1, 0x90, 0x11, 0x00, 0x18, 0x84, 0x00, 0x00, 0x02, 0x93, 0x22, 0x00, 0x90, 0xC3, 0x00, 0x00,
    0xE7, 0x93, 0x77, 0x00, 0x7E, 0x84, 0x00, 0x00, 0x01, 0x90, 0x11, 0x04, 0x1F, 0xFF, 0xF1, 0x11, 0x11, 0x84, 0xFF, 0x00,
    0xF1, 0x91, 0x11, 0x00, 0x10, 0x84, 0x00, 0x00, 0x92, 0x93, 0x22, 0x00, 0x29, 0xC2, 0x00, 0x00, 0x0E, 0x95, 0x77, 0x84,
    0x00, 0x00, 0x08, 0x8C, 0x11, 0x08, 0x1F, 0xFF, 0xFF, 0xF1, 0x1F, 0xFF, 0xF1, 0x11, 0x11, 0x84, 0xFF, 0x92, 0x11, 0x00,
    0x80, 0x84, 0x00, 0x95, 0x22, 0x00, 0x90, 0xC1, 0x00, 0x00, 0xE7, 0x95, 0x77, 0x00, 0xE0, 0x83, 0x00, 0x00, 0x08, 0x8C,
    0x11, 0x83, 0xFF, 0x04, 0x1F, 0xFF, 0xF1, 0x11, 0x11, 0x84, 0xFF, 0x92, 0x11, 0x00, 0x80, 0x83, 0x00, 0x00, 0x09, 0x95,
    0x22, 0x00, 0x29, 0xC0, 0x00, 0x00, 0x0E, 0x96, 0x77, 0x00, 0x70, 0x84, 0x00, 0x00, 0x81, 0x8A, 0x11, 0x00, 0x1F, 0x85,
    0xFF, 0x03, 0xF1, 0x11, 0x11, 0x1F, 0x82, 0xFF, 0x00, 0xF1, 0x91, 0x11, 0x00, 0x18, 0x84, 0x00, 0x00, 0x02, 0x96, 0x22,
    0x00, 0x90, 0xBF, 0x00, 0x00, 0xE7, 0x96, 0x77, 0x00, 0x7E, 0x84, 0x00, 0x00, 0x81, 0x8A, 0x11, 0x00, 0x1F, 0x83, 0xFF,
    0x01, 0xF1, 0xFF, 0x83, 0x11, 0x82, 0xFF, 0x92, 0x11, 0x00, 0x18, 0x84, 0x00, 0x00, 0x92, 0x96, 0x22, 0x00, 0x29, 0xBE,
    0x00, 0x00, 0x0E, 0x98, 0x77, 0x84, 0x00, 0x00, 0x01, 0x8A, 0x11, 0x00, 0x1F, 0x84, 0xFF, 0x85, 0x11, 0x00, 0xFF, 0x93,
    0x11, 0x00, 0x10, 0x84, 0x00, 0x98, 0x22, 0x00, 0x90, 0xBD, 0x00, 0x00, 0xE7, 0x98, 0x77, 0x00, 0xE0, 0x83, 0x00, 0x00,
    0x08, 0x8A, 0x11, 0x00, 0x1F, 0x84, 0xFF, 0x9A, 0x11, 0x00, 0x80, 0x83, 0x00, 0x00, 0x09, 0x98, 0x22, 0x00, 0x29, 0xBC,
    0x00, 0x00, 0x0E, 0x99, 0x77, 0x00, 0x7E, 0x84, 0x00, 0x8A, 0x11, 0x00, 0x1F, 0x83, 0xFF, 0x00, 0xF1, 0x9A, 0x11, 0x84,
    0x00, 0x00, 0x92, 0x99, 0x22, 0x00, 0x90, 0xBB, 0x00, 0x00, 0xE7, 0x99, 0x77, 0x00, 0x7E, 0x84, 0x00, 0x00, 0x81, 0x89,
    0x11, 0x00, 0x1F, 0x83, 0xFF, 0x00, 0xF1, 0x99, 0x11, 0x00, 0x18, 0x84, 0x00, 0x00, 0x92, 0x99, 0x22, 0x00, 0x29, 0xBA,
    0x00, 0x00, 0x0E, 0x9B, 0x77, 0x00, 0xE0, 0x83, 0x00, 0x00, 0x81, 0x8A, 0x11, 0x83, 0xFF, 0x9A, 0x11, 0x00, 0x18, 0x83,
    0x00, 0x00, 0x09, 0x9B, 0x22, 0x00, 0x90, 0xB9, 0x00, 0x00, 0xE7, 0x9B, 0x77, 0x00, 0xE0, 0x83, 0x00, 0x00, 0x08, 0x8A,
    0x11, 0x03, 0x1F, 0xFF, 0xFF, 0xF1, 0x9A, 0x11, 0x00, 0x80, 0x83, 0x00, 0x00, 0x09, 0x9B, 0x22, 0x00, 0x29, 0xB8, 0x00,
    0x00, 0x0E, 0x9C, 0x77, 0x00, 0x7E, 0x83, 0x00, 0x00, 0x08, 0x8B, 0x11, 0x01, 0x1F, 0xF1, 0x9B, 0x11, 0x00, 0x80, 0x83,
    0x00, 0x00, 0x92, 0x9C, 0x22, 0x00, 0x90, 0xB7, 0x00, 0x00, 0xE7, 0x9C, 0x77, 0x00, 0x7E, 0x84, 0x00, 0xA9, 0x11, 0x84,
    0x00, 0x00, 0x92, 0x9C, 0x22, 0x00, 0x29, 0xB6, 0x00, 0x00, 0x0E, 0x9E, 0x77, 0x00, 0xE0, 0x83, 0x00, 0x00, 0x81, 0xA7,
    0x11, 0x00, 0x18, 0x83, 0x00, 0x00, 0x09, 0x9E, 0x22, 0x00, 0x90, 0xB5, 0x00, 0x00, 0xE7, 0x9E, 0x77, 0x00, 0xE0, 0x83,
    0x00, 0x00, 0x01, 0xA7, 0x11, 0x00, 0x10, 0x83, 0x00, 0x00, 0x09, 0x9E, 0x22, 0x00, 0x29, 0xB5, 0x00, 0x00, 0xE7, 0x9E,
    0x77, 0x00, 0x7E, 0x83, 0x00, 0x00, 0x08, 0xA7, 0x11, 0x00, 0x80, 0x83, 0x00, 0x00, 0x92, 0x9E, 0x22, 0x00, 0x29, 0xB4,
    0x00, 0x00, 0x0E, 0xA0, 0x77, 0x83, 0x00, 0x00, 0x08, 0xA7, 0x11, 0x00, 0x80, 0x83, 0x00, 0xA0, 0x22, 0x00, 0x90, 0xB3,
    0x00, 0x00, 0xE7, 0xA0, 0x77, 0x00, 0xE0, 0x83, 0x00, 0x00, 0x81, 0xA5, 0x11, 0x00, 0x18, 0x83, 0x00, 0x00, 0x09, 0xA0,
    0x22, 0x00, 0x29, 0xB2, 0x00, 0x00, 0x0E, 0xA1, 0x77, 0x00, 0x70, 0x83, 0x00, 0x00, 0x81, 0xA5, 0x11, 0x00, 0x18, 0x83,
    0x00, 0x00, 0x02, 0xA1, 0x22, 0x00, 0x90, 0xB1, 0x00, 0x00, 0xE7, 0x8D, 0x77, 0x00, 0xFF, 0x92, 0x77, 0x00, 0x7E, 0x83,
    0x00, 0x00, 0x01, 0xA5, 0x11, 0x00, 0x10, 0x83, 0x00, 0x00, 0x92, 0x8E, 0x22, 0x00, 0xFF, 0x82, 0x22, 0x00, 0xFF, 0x82,
    0x22, 0x00, 0xFF, 0x89, 0x22, 0x00, 0x29, 0xB1, 0x00, 0x00, 0xE7, 0x8C, 0x77, 0x02, 0x7F, 0xFF, 0xF7, 0x92, 0x77, 0x83,
    0x00, 0x00, 0x08, 0xA5, 0x11, 0x00, 0x80, 0x83, 0x00, 0x8E, 0x22, 0x0A, 0x2F, 0xFF, 0xF2, 0x22, 0x2F, 0xFF, 0xF2, 0x22,
    0x2F, 0xFF, 0xF2, 0x88, 0x22, 0x00, 0x29, 0xB0, 0x00, 0x00, 0x0E, 0x8D, 0x77, 0x02, 0x7F, 0xFF, 0xF7, 0x92, 0x77, 0x00,
    0xE0, 0x82, 0x00, 0x00, 0x08, 0xA5, 0x11, 0x00, 0x80, 0x82, 0x00, 0x00, 0x09, 0x8E, 0x22, 0x0A, 0x2F, 0xFF, 0xF2, 0x22,
    0x2F, 0xFF, 0xF2, 0x22, 0x2F, 0xFF, 0xF2, 0x89, 0x22, 0x00, 0x90, 0xAF, 0x00, 0x00, 0xE7, 0x8D, 0x77, 0x02, 0x7F, 0xFF,
    0xF7, 0x92, 0x77, 0x00, 0x7E, 0x83, 0x00, 0x00, 0x81, 0xA3, 0x11, 0x00, 0x18, 0x83, 0x00, 0x00, 0x92, 0x8E, 0x22, 0x0A,
    0x2F, 0xFF, 0xF2, 0x22, 0x2F, 0xFF, 0xF2, 0x22, 0x2F, 0xFF, 0xF2, 0x89, 0x22, 0x00, 0x29, 0xAF, 0x00, 0x8E, 0x77, 0x02,
    0x7F, 0xFF, 0xF7, 0x92, 0x77, 0x00, 0x7E, 0x83, 0x00, 0x00, 0x81, 0xA3, 0x11, 0x00, 0x18, 0x83, 0x00, 0x00, 0x92, 0x8E,
    0x22, 0x0A, 0x2F, 0xFF, 0xF2, 0x22, 0x2F, 0xFF, 0xF2, 0x22, 0x2F, 0xFF, 0xF2, 0x8A, 0x22, 0xAE, 0x00, 0x00, 0x0E, 0x88,
    0x77, 0x01, 0x7F, 0xF7, 0x83, 0x77, 0x02, 0x7F, 0xFF, 0xF7, 0x83, 0x77, 0x01, 0x7F, 0xF7, 0x8D, 0x77, 0x00, 0xE0, 0x82,
    0x00, 0x00, 0x01, 0xA3, 0x11, 0x00, 0x10, 0x82, 0x00, 0x00, 0x09, 0x8D, 0x22, 0x00, 0x2F, 0x8C, 0xFF, 0x00, 0xF2, 0x88,
    0x22, 0x00, 0x90, 0xAD, 0x00, 0x00, 0xE7, 0x88, 0x77, 0x01, 0xFF, 0xFF, 0x83, 0x77, 0x02, 0x7F, 0xFF, 0xF7, 0x83, 0x77,
    0x01, 0xFF, 0xFF, 0x8D, 0x77, 0x00, 0xE0, 0x82, 0x00, 0x00, 0x08, 0xA3, 0x11, 0x00, 0x80, 0x82, 0x00, 0x00, 0x09, 0x8D,
    0x22, 0x8E, 0xFF, 0x88, 0x22, 0x00, 0x29, 0xAC, 0x00, 0x00, 0x0E, 0x89, 0x77, 0x02, 0xFF, 0xFF, 0xF7, 0x82, 0x77, 0x02,
    0x7F, 0xFF, 0xF7, 0x82, 0x77, 0x02, 0x7F, 0xFF, 0xFF, 0x8D, 0x77, 0x00, 0x7E, 0x83, 0x00, 0xA3, 0x11, 0x83, 0x00, 0x00,
    0x92, 0x8D, 0x22, 0x8E, 0xFF, 0x89, 0x22, 0x00, 0x90, 0xAB, 0x00, 0x00, 0x0E, 0x89, 0x77, 0x02, 0x7F, 0xFF, 0xFF, 0x82,
    0x77, 0x02, 0x7F, 0xFF, 0xF7, 0x82, 0x77, 0x02, 0xFF, 0xFF, 0xF7, 0x8D, 0x77, 0x00, 0x7E, 0x83, 0x00, 0x00, 0x81, 0xA1,
    0x11, 0x00, 0x18, 0x83, 0x00, 0x00, 0x92, 0x8D, 0x22, 0x8E, 0xFF, 0x89, 0x22, 0x00, 0x90, 0xAB, 0x00, 0x00, 0xE7, 0x8A,
    0x77, 0x0C, 0xFF, 0xFF, 0xF7, 0x77, 0x77, 0x7F, 0xFF, 0xF7, 0x77, 0x77, 0x7F, 0xFF, 0xFF, 0x8F, 0x77, 0x00, 0xE0, 0x82,
    0x00, 0x00, 0x81, 0xA1, 0x11, 0x00, 0x18, 0x82, 0x00, 0x00, 0x09, 0x8E, 0x22, 0x01, 0xFF, 0xFF, 0x8A, 0x22, 0x01, 0xFF,
    0xFF, 0x89, 0x22, 0x00, 0x29, 0xAA, 0x00, 0x00, 0x0E, 0x8B, 0x77, 0x02, 0x7F, 0xFF, 0xFF, 0x82, 0x77, 0x00, 0xFF, 0x82,
    0x77, 0x02, 0xFF, 0xFF, 0xF7, 0x8F, 0x77, 0x00, 0xE0, 0x82, 0x00, 0x00, 0x08, 0xA1, 0x11, 0x00, 0x80, 0x82, 0x00, 0x00,
    0x09, 0x8C, 0x22, 0x83, 0xFF, 0x8A, 0x22, 0x83, 0xFF, 0x88, 0x22, 0x00, 0x90, 0xA9, 0x00, 0x00, 0x0E, 0x8C, 0x77, 0x02,
    0xFF, 0xFF, 0xF7, 0x84, 0x77, 0x02, 0x7F, 0xFF, 0xFF, 0x90, 0x77, 0x00, 0x7E, 0x82, 0x00, 0x00, 0x08, 0xA1, 0x11, 0x00,
    0x80, 0x82, 0x00, 0x00, 0x92, 0x8B, 0x22, 0x00, 0x2F, 0x83, 0xFF, 0x8A, 0x22, 0x83, 0xFF, 0x00, 0xF2, 0x87, 0x22, 0x00,
    0x90, 0xA9, 0x00, 0x00, 0xE7, 0x8C, 0x77, 0x02, 0x7F, 0xFF, 0xF7, 0x84, 0x77, 0x02, 0x7F, 0xFF, 0xF7, 0x91, 0x77, 0x83,
    0x00, 0x8B, 0x11, 0x82, 0x88, 0x83, 0x00, 0x82, 0x88, 0x8B, 0x11, 0x83, 0x00, 0x8C, 0x22, 0x00, 0x2F, 0x83, 0xFF, 0x8A,
    0x22, 0x83, 0xFF, 0x00, 0xF2, 0x87, 0x22, 0x00, 0x29, 0xA9, 0x00, 0x8E, 0x77, 0x00, 0xFF, 0x86, 0x77, 0x00, 0xFF, 0x92,
    0x77, 0x00, 0xE0, 0x82, 0x00, 0x00, 0x81, 0x87, 0x11, 0x01, 0x88, 0x80, 0x8B, 0x00, 0x01, 0x08, 0x88, 0x87, 0x11, 0x00,
    0x18, 0x82, 0x00, 0x00, 0x09, 0x8D, 0x22, 0x83, 0xFF, 0x8A, 0x22, 0x83, 0xFF, 0x89, 0x22, 0xA8, 0x00, 0x00, 0x0E, 0xAA,
    0x77, 0x00, 0x70, 0x82, 0x00, 0x00, 0x01, 0x84, 0x11, 0x01, 0x18, 0x88, 0x91, 0x00, 0x01, 0x88, 0x81, 0x84, 0x11, 0x00,
    0x10, 0x82, 0x00, 0x00, 0x02, 0x8F, 0x22, 0x01, 0xFF, 0xFF, 0x83, 0x22, 0x00, 0xFF, 0x83, 0x22, 0x03, 0xFF, 0x22, 0xFF,
    0xFF, 0x8B, 0x22, 0x00, 0x90, 0xA7, 0x00, 0x00, 0xE7, 0x91, 0x77, 0x82, 0xFF, 0x95, 0x77, 0x00, 0x7E, 0x82, 0x00, 0x00,
    0x08, 0x83, 0x11, 0x00, 0x88, 0x95, 0x00, 0x00, 0x88, 0x83, 0x11, 0x00, 0x80, 0x82, 0x00, 0x00, 0x92, 0x8F, 0x22, 0x01,
    0xFF, 0xFF, 0x82, 0x22, 0x09, 0x2F, 0xFF, 0xF2, 0x22, 0x22, 0x2F, 0xFF, 0xF2, 0xFF, 0xFF, 0x8B, 0x22, 0x00, 0x29, 0xA7,
    0x00, 0x00, 0xE7, 0x90, 0x77, 0x00, 0x7F, 0x82, 0xFF, 0x00, 0xF7, 0x95, 0x77, 0x82, 0x00, 0x04, 0x08, 0x11, 0x11, 0x18,
    0x80, 0x97, 0x00, 0x04, 0x08, 0x81, 0x11, 0x11, 0x80, 0x82, 0x00, 0x90, 0x22, 0x01, 0xFF, 0xFF, 0x82, 0x22, 0x09, 0x2F,
    0xFF, 0xFF, 0x22, 0x22, 0x2F, 0xFF, 0xF2, 0xFF, 0xFF, 0x8B, 0x22, 0x00, 0x29, 0xA6, 0x00, 0x00, 0x0E, 0x91, 0x77, 0x84,
    0xFF, 0x95, 0x77, 0x00, 0xE0, 0x82, 0x00, 0x01, 0x81, 0x88, 0x9B, 0x00, 0x01, 0x88, 0x18, 0x82, 0x00, 0x00, 0x09, 0x90,
    0x22, 0x01, 0xFF, 0xFF, 0x82, 0x22, 0x82, 0xFF, 0x06, 0x22, 0x22, 0xFF, 0xFF, 0x22, 0xFF, 0xFF, 0x8C, 0x22, 0x00, 0x90,
    0xA5, 0x00, 0x00, 0x07, 0x8A, 0x77, 0x83, 0xFF, 0x02, 0xF7, 0x77, 0x77, 0x84, 0xFF, 0x02, 0x77, 0x77, 0x7F, 0x83, 0xFF,
    0x8E, 0x77, 0x00, 0x70, 0x82, 0x00, 0x00, 0x88, 0x9D, 0x00, 0x00, 0x88, 0x82, 0x00, 0x00, 0x02, 0x8E, 0x22, 0x83, 0xFF,
    0x02, 0x22, 0x22, 0x2F, 0x82, 0xFF, 0x04, 0xF2, 0x2F, 0xFF, 0xFF, 0x22, 0x83, 0xFF, 0x8A, 0x22, 0x00, 0x20, 0xA5, 0x00,
    0x00, 0xE7, 0x89, 0x77, 0x00, 0x7F, 0x84, 0xFF, 0x01, 0x77, 0x77, 0x84, 0xFF, 0x01, 0xF7, 0x77, 0x84, 0xFF, 0x00, 0xF7,
    0x8D, 0x77, 0x00, 0x7E, 0xA5, 0x00, 0x00, 0x92, 0x8D, 0x22, 0x00, 0x2F, 0x83, 0xFF, 0x02, 0x22, 0x22, 0x2F, 0x82, 0xFF,
    0x04, 0xF2, 0x2F, 0xFF, 0xF2, 0x22, 0x83, 0xFF, 0x00, 0xF2, 0x89, 0x22, 0x00, 0x29, 0xA5, 0x00, 0x8A, 0x77, 0x00, 0x7F,
    0x84, 0xFF, 0x01, 0x77, 0x77, 0x84, 0xFF, 0x01, 0xF7, 0x77, 0x84, 0xFF, 0x00, 0xF7, 0x8E, 0x77, 0x00, 0xE0, 0xA3, 0x00,
    0x00, 0x09, 0x8E, 0x22, 0x00, 0x2F, 0x83, 0xFF, 0x04, 0x22, 0x22, 0xFF, 0xFF, 0x22, 0x83, 0xFF, 0x01, 0x22, 0x22, 0x83,
    0xFF, 0x00, 0xF2, 0x8A, 0x22, 0xA4, 0x00, 0x00, 0x0E, 0x8B, 0x77, 0x83, 0xFF, 0x02, 0xF7, 0x77, 0x77, 0x84, 0xFF, 0x02,
    0x77, 0x77, 0x7F, 0x83, 0xFF, 0x8F, 0x77, 0x00, 0xE0, 0xA3, 0x00, 0x00, 0x09, 0x8F, 0x22, 0x83, 0xFF, 0x05, 0x22, 0x22,
    0xFF, 0xFF, 0x22, 0x2F, 0x82, 0xFF, 0x01, 0x22, 0x22, 0x83, 0xFF, 0x8B, 0x22, 0x00, 0x90, 0xA3, 0x00, 0x00, 0x07, 0x92,
    0x77, 0x84, 0xFF, 0x95, 0x77, 0x00, 0xE0, 0xA5, 0x00, 0x00, 0x09, 0x90, 0x22, 0x0E, 0xFF, 0xFF, 0x22, 0x2F, 0xFF, 0xF2,
    0x22, 0x2F, 0xFF, 0xFF, 0xF2, 0x22, 0x22, 0xFF, 0xFF, 0x8D, 0x22, 0x00, 0x20, 0xA3, 0x00, 0x00, 0xE7, 0x92, 0x77, 0x00,
    0x7F, 0x82, 0xFF, 0x00, 0xF7, 0x94, 0x77, 0x00, 0xEE, 0xA7, 0x00, 0x00, 0x99, 0x8F, 0x22, 0x04, 0xFF, 0xFF, 0x22, 0xFF,
    0xFF, 0x82, 0x22, 0x01, 0xFF, 0xFF, 0x82, 0x22, 0x01, 0xFF, 0xFF, 0x8D, 0x22, 0x00, 0x29, 0xA2, 0x00, 0x00, 0x0E, 0x94,
    0x77, 0x82, 0xFF, 0x94, 0x77, 0x00, 0x7E, 0xA9, 0x00, 0x00, 0x92, 0x8E, 0x22, 0x04, 0xFF, 0xFF, 0x22, 0xFF, 0xFF, 0x82,
    0x22, 0x01, 0xFF, 0xFF, 0x82, 0x22, 0x01, 0xFF, 0xFF, 0x8E, 0x22, 0x00, 0x90, 0xA1, 0x00, 0x00, 0x0E, 0x95, 0x77, 0x00,
    0xFF, 0x94, 0x77, 0x00, 0x7E, 0xAB, 0x00, 0x00, 0x92, 0x8D, 0x22, 0x04, 0xFF, 0xFF, 0x22, 0x2F, 0xF2, 0x82, 0x22, 0x01,
    0x2F, 0xF2, 0x82, 0x22, 0x01, 0xFF, 0xFF, 0x8E, 0x22, 0x00, 0x90, 0xA1, 0x00, 0x00, 0x07, 0x91, 0x77, 0x00, 0xFF, 0x86,
    0x77, 0x00, 0xFF, 0x90, 0x77, 0x00, 0xE0, 0xAB, 0x00, 0x00, 0x09, 0x8B, 0x22, 0x83, 0xFF, 0x8A, 0x22, 0x83, 0xFF, 0x8C,
    0x22, 0x00, 0x20, 0xA1, 0x00, 0x00, 0xE7, 0x90, 0x77, 0x02, 0x7F, 0xFF, 0xF7, 0x84, 0x77, 0x02, 0x7F, 0xFF, 0xF7, 0x8E,
    0x77, 0x00, 0xEE, 0xAD, 0x00, 0x00, 0x99, 0x89, 0x22, 0x00, 0x2F, 0x83, 0xFF, 0x8A, 0x22, 0x83, 0xFF, 0x00, 0xF2, 0x8B,
    0x22, 0x00, 0x29, 0xA1, 0x00, 0x91, 0x77, 0x02, 0xFF, 0xFF, 0xF7, 0x84, 0x77, 0x02, 0x7F, 0xFF, 0xFF, 0x8D, 0x77, 0x00,
    0x7E, 0xAF, 0x00, 0x00, 0x92, 0x88, 0x22, 0x00, 0x2F, 0x83, 0xFF, 0x8A, 0x22, 0x83, 0xFF, 0x00, 0xF2, 0x8C, 0x22, 0xA0,
    0x00, 0x00, 0x0E, 0x90, 0x77, 0x02, 0x7F, 0xFF, 0xFF, 0x82, 0x77, 0x00, 0xFF, 0x82, 0x77, 0x02, 0xFF, 0xFF, 0xF7, 0x8C,
    0x77, 0x00, 0xE0, 0xAF, 0x00, 0x00, 0x09, 0x89, 0x22, 0x83, 0xFF, 0x8A, 0x22, 0x83, 0xFF, 0x8D, 0x22, 0x00, 0x90, 0x9F,
    0x00, 0x00, 0x07, 0x90, 0x77, 0x0C, 0xFF, 0xFF, 0xF7, 0x77, 0x77, 0x7F, 0xFF, 0xF7, 0x77, 0x77, 0x7F, 0xFF, 0xFF, 0x8B,
    0x77, 0x00, 0x7E, 0xB1, 0x00, 0x00, 0x92, 0x8A, 0x22, 0x01, 0xFF, 0xFF, 0x8A, 0x22, 0x01, 0xFF, 0xFF, 0x8F, 0x22, 0x00,
    0x20, 0x9F, 0x00, 0x00, 0xE7, 0x8F, 0x77, 0x02, 0x7F, 0xFF, 0xFF, 0x82, 0x77, 0x02, 0x7F, 0xFF, 0xF7, 0x82, 0x77, 0x02,
    0xFF, 0xFF, 0xF7, 0x89, 0x77, 0x00, 0x7E, 0xB3, 0x00, 0x00, 0x92, 0x89, 0x22, 0x8E, 0xFF, 0x8F, 0x22, 0x00, 0x29, 0x9F,
    0x00, 0x00, 0xE7, 0x8F, 0x77, 0x02, 0xFF, 0xFF, 0xF7, 0x82, 0x77, 0x02, 0x7F, 0xFF, 0xF7, 0x82, 0x77, 0x02, 0x7F, 0xFF,
    0xFF, 0x89, 0x77, 0x00, 0xE0, 0xB3, 0x00, 0x00, 0x09, 0x89, 0x22, 0x8E, 0xFF, 0x8F, 0x22, 0x00, 0x29, 0x9E, 0x00, 0x00,
    0x0E, 0x90, 0x77, 0x01, 0xFF, 0xFF, 0x83, 0x77, 0x02, 0x7F, 0xFF, 0xF7, 0x83, 0x77, 0x01, 0xFF, 0xFF, 0x88, 0x77, 0x00,
    0x7E, 0xB5, 0x00, 0x00, 0x92, 0x88, 0x22, 0x8E, 0xFF, 0x90, 0x22, 0x00, 0x90, 0x9D, 0x00, 0x00, 0x0E, 0x90, 0x77, 0x01,
    0x7F, 0xF7, 0x83, 0x77, 0x02, 0x7F, 0xFF, 0xF7, 0x83, 0x77, 0x01, 0x7F, 0xF7, 0x88, 0x77, 0x00, 0xE0, 0xB5, 0x00, 0x00,
    0x09, 0x88, 0x22, 0x00, 0x2F, 0x8C, 0xFF, 0x00, 0xF2, 0x90, 0x22, 0x00, 0x90, 0x9D, 0x00, 0x00, 0x07, 0x96, 0x77, 0x02,
    0x7F, 0xFF, 0xF7, 0x8D, 0x77, 0x00, 0x7E, 0xB7, 0x00, 0x00, 0x92, 0x89, 0x22, 0x0A, 0x2F, 0xFF, 0xF2, 0x22, 0x2F, 0xFF,
    0xF2, 0x22, 0x2F, 0xFF, 0xF2, 0x92, 0x22, 0x00, 0x20, 0x9D, 0x00, 0x00, 0xE7, 0x96, 0x77, 0x02, 0x7F, 0xFF, 0xF7, 0x8D,
    0x77, 0x00, 0xE0, 0xB7, 0x00, 0x00, 0x09, 0x89, 0x22, 0x0A, 0x2F, 0xFF, 0xF2, 0x22, 0x2F, 0xFF, 0xF2, 0x22, 0x2F, 0xFF,
    0xF2, 0x92, 0x22, 0x00, 0x29, 0x9D, 0x00, 0x97, 0x77, 0x02, 0x7F, 0xFF, 0xF7, 0x8C, 0x77, 0x00, 0x7E, 0xB9, 0x00, 0x00,
    0x92, 0x88, 0x22, 0x0A, 0x2F, 0xFF, 0xF2, 0x22, 0x2F, 0xFF, 0xF2, 0x22, 0x2F, 0xFF, 0xF2, 0x93, 0x22, 0x9C, 0x00, 0x00,
    0x0E, 0x97, 0x77, 0x02, 0x7F, 0xFF, 0xF7, 0x8C, 0x77, 0x00, 0xE0, 0xB9, 0x00, 0x00, 0x09, 0x88, 0x22, 0x0A, 0x2F, 0xFF,
    0xF2, 0x22, 0x2F, 0xFF, 0xF2, 0x22, 0x2F, 0xFF, 0xF2, 0x93, 0x22, 0x00, 0x90, 0x9B, 0x00, 0x00, 0x0E, 0x98, 0x77, 0x00,
    0xFF, 0x8C, 0x77, 0x00, 0x7E, 0xBB, 0x00, 0x00, 0x92, 0x88, 0x22, 0x00, 0xFF, 0x82, 0x22, 0x00, 0xFF, 0x82, 0x22, 0x00,
    0xFF, 0x94, 0x22, 0x00, 0x90, 0x9B, 0x00, 0x00, 0x07, 0xA6, 0x77, 0x00, 0x70, 0xBB, 0x00, 0x00, 0x02, 0xA6, 0x22, 0x00,
    0x20, 0x9B, 0x00, 0x00, 0xE7, 0xA6, 0x77, 0x00, 0xE0, 0xBB, 0x00, 0x00, 0x09, 0xA6, 0x22, 0x00, 0x29, 0x9B, 0x00, 0x00,
    0xE7, 0xA5, 0x77, 0x00, 0x7E, 0xBD, 0x00, 0x00, 0x92, 0xA5, 0x22, 0x00, 0x29, 0x9B, 0x00, 0xA6, 0x77, 0x00, 0xE0, 0xBD,
    0x00, 0x00, 0x09, 0xA6, 0x22, 0x9A, 0x00, 0x00, 0x0E, 0xA5, 0x77, 0x00, 0x7E, 0xBF, 0x00, 0x00, 0x92, 0xA5, 0x22, 0x00,
    0x90, 0x99, 0x00, 0x00, 0x0E, 0xA5, 0x77, 0x00, 0x7E, 0xBF, 0x00, 0x00, 0x92, 0xA5, 0x22, 0x00, 0x90, 0x99, 0x00, 0x00,
    0x07, 0xA5, 0x77, 0x00, 0xE0, 0xBF, 0x00, 0x00, 0x09, 0xA5, 0x22, 0x00, 0x20, 0x99, 0x00, 0x00, 0xE7, 0xA4, 0x77, 0x00,
    0x7E, 0xC1, 0x00, 0x00, 0x92, 0xA4, 0x22, 0x00, 0x29, 0x99, 0x00, 0x00, 0xE7, 0xA4, 0x77, 0x00, 0x70, 0xC1, 0x00, 0x00,
    0x02, 0xA4, 0x22, 0x00, 0x29, 0x99, 0x00, 0xA5, 0x77, 0x00, 0xE0, 0xC1, 0x00, 0x00, 0x09, 0xA5, 0x22, 0x98, 0x00, 0x00,
    0x0E, 0xA4, 0x77, 0x00, 0x7E, 0xC3, 0x00, 0x00, 0x92, 0xA4, 0x22, 0x00, 0x90, 0x98, 0x00, 0x01, 0x0E, 0xEE, 0xA2, 0x77,
    0x00, 0x7E, 0xC3, 0x00, 0x00, 0x92, 0xA2, 0x22, 0x01, 0x99, 0x90, 0x9B, 0x00, 0x01, 0x0E, 0xE7, 0xA0, 0x77, 0x00, 0xE0,
    0xC3, 0x00, 0x00, 0x09, 0xA0, 0x22, 0x01, 0x29, 0x90, 0x9F, 0x00, 0x01, 0xEE, 0xE7, 0x9E, 0x77, 0xC5, 0x00, 0x9E, 0x22,
    0x01, 0x29, 0x99, 0xA3, 0x00, 0x00, 0xEE, 0x9C, 0x77, 0x00, 0x7E, 0xC5, 0x00, 0x00, 0x92, 0x9C, 0x22, 0x00, 0x99, 0xA6,
    0x00, 0x01, 0x0E, 0xEE, 0x9A, 0x77, 0x00, 0x70, 0xC5, 0x00, 0x00, 0x02, 0x9A, 0x22, 0x01, 0x99, 0x90, 0xA9, 0x00, 0x01,
    0x0E, 0xE7, 0x98, 0x77, 0x00, 0xE0, 0xC5, 0x00, 0x00, 0x09, 0x98, 0x22, 0x01, 0x29, 0x90, 0xAD, 0x00, 0x00, 0xEE, 0x97,
    0x77, 0xC7, 0x00, 0x97, 0x22, 0x00, 0x99, 0xB0, 0x00, 0x01, 0x0E, 0xEE, 0x94, 0x77, 0x00, 0x7E, 0xC7, 0x00, 0x00, 0x92,
    0x94, 0x22, 0x01, 0x99, 0x90, 0xB3, 0x00, 0x01, 0x0E, 0xE7, 0x92, 0x77, 0x00, 0x70, 0xC7, 0x00, 0x00, 0x02, 0x92, 0x22,
    0x01, 0x29, 0x90, 0xB7, 0x00, 0x01, 0xEE, 0xE7, 0x90, 0x77, 0x00, 0xE0, 0xC7, 0x00, 0x00, 0x09, 0x90, 0x22, 0x01, 0x29,
    0x99, 0xBB, 0x00, 0x00, 0xEE, 0x8F, 0x77, 0x00, 0xE0, 0xC7, 0x00, 0x00, 0x09, 0x8F, 0x22, 0x00, 0x99, 0xBE, 0x00, 0x01,
    0x0E, 0xEE, 0x8C, 0x77, 0x00, 0x7E, 0xC9, 0x00, 0x00, 0x92, 0x8C, 0x22, 0x01, 0x99, 0x90, 0xC1, 0x00, 0x01, 0x0E, 0xE7,
    0x8A, 0x77, 0x00, 0x7E, 0xC9, 0x00, 0x00, 0x92, 0x8A, 0x22, 0x01, 0x29, 0x90, 0xC5, 0x00, 0x01, 0xEE, 0xE7, 0x88, 0x77,
    0x00, 0x70, 0xC9, 0x00, 0x00, 0x02, 0x88, 0x22, 0x01, 0x29, 0x99, 0xC9, 0x00, 0x00, 0xEE, 0x87, 0x77, 0x00, 0xE0, 0xC9,
    0x00, 0x00, 0x09, 0x87, 0x22, 0x00, 0x99, 0xB0, 0x00, 0x02, 0x66, 0xDD, 0xDD, 0x98, 0x00, 0x01, 0x0E, 0xEE, 0x85, 0x77,
    0x00, 0xE0, 0xC9, 0x00, 0x00, 0x09, 0x85, 0x22, 0x01, 0x99, 0x90, 0x98, 0x00, 0x02, 0xAA, 0xAA, 0x33, 0x95, 0x00, 0x83,
    0x66, 0x01, 0xDD, 0xDD, 0x97, 0x00, 0x01, 0x0E, 0xE7, 0x83, 0x77, 0xCB, 0x00, 0x83, 0x22, 0x01, 0x29, 0x90, 0x97, 0x00,
    0x01, 0xAA, 0xAA, 0x83, 0x33, 0x94, 0x00, 0x00, 0x0D, 0x86, 0x66, 0x01, 0xDD, 0xD0, 0x96, 0x00, 0x03, 0xEE, 0xE7, 0x77,
    0x7E, 0xCB, 0x00, 0x03, 0x92, 0x22, 0x29, 0x99, 0x96, 0x00, 0x01, 0x0A, 0xAA, 0x86, 0x33, 0x00, 0xA0, 0x93, 0x00, 0x00,
    0x0D, 0x88, 0x66, 0x02, 0x6D, 0xDD, 0xD0, 0x95, 0x00, 0x01, 0xEE, 0x7E, 0xCB, 0x00, 0x01, 0x92, 0x99, 0x95, 0x00, 0x02,
    0x0A, 0xAA, 0xA3, 0x88, 0x33, 0x00, 0xA0, 0x93, 0x00, 0x00, 0x0D, 0x8B, 0x66, 0x02, 0x6D, 0xDD, 0xD0, 0xF5, 0x00, 0x02,
    0x0A, 0xAA, 0xA3, 0x8B, 0x33, 0x00, 0xA0, 0x93, 0x00, 0x00, 0x0D, 0x8E, 0x66, 0x01, 0x6D, 0xDD, 0xF1, 0x00, 0x01, 0xAA,
    0xA3, 0x8E, 0x33, 0x00, 0xA0, 0x93, 0x00, 0x00, 0x06, 0x91, 0x66, 0x01, 0xDD, 0xDD, 0xEB, 0x00, 0x01, 0xAA, 0xAA, 0x91,
    0x33, 0x00, 0x30, 0x93, 0x00, 0x00, 0x06, 0x94, 0x66, 0x01, 0xDD, 0xDD, 0xE5, 0x00, 0x01, 0xAA, 0xAA, 0x94, 0x33, 0x00,
    0x30, 0x93, 0x00, 0x00, 0x06, 0x97, 0x66, 0x01, 0xDD, 0xD0, 0xDF, 0x00, 0x01, 0x0A, 0xAA, 0x97, 0x33, 0x00, 0x30, 0x93,
    0x00, 0x00, 0xD6, 0x99, 0x66, 0x02, 0x6D, 0xDD, 0xD0, 0xD9, 0x00, 0x02, 0x0A, 0xAA, 0xA3, 0x99, 0x33, 0x00, 0x3A, 0x93,
    0x00, 0x00, 0xD6, 0x9C, 0x66, 0x02, 0x6D, 0xDD, 0xD0, 0xD3, 0x00, 0x02, 0x0A, 0xAA, 0xA3, 0x9C, 0x33, 0x00, 0x3A, 0x93,
    0x00, 0x00, 0xD6, 0x9F, 0x66, 0x01, 0x6D, 0xDD, 0xCF, 0x00, 0x01, 0xAA, 0xA3, 0x9F, 0x33, 0x00, 0x3A, 0x93, 0x00, 0x00,
    0xD6, 0xA1, 0x66, 0x00, 0x6D, 0xCD, 0x00, 0x00, 0xA3, 0xA1, 0x33, 0x00, 0x3A, 0x93, 0x00, 0x00, 0xD6, 0xA1, 0x66, 0x00,
    0x60, 0xCD, 0x00, 0x00, 0x03, 0xA1, 0x33, 0x00, 0x3A, 0x93, 0x00, 0x00, 0xD6, 0xA1, 0x66, 0x00, 0x60, 0xCD, 0x00, 0x00,
    0x03, 0xA1, 0x33, 0x00, 0x3A, 0x93, 0x00, 0x00, 0xD6, 0xA1, 0x66, 0x00, 0x60, 0xCD, 0x00, 0x00, 0x03, 0xA1, 0x33, 0x00,
    0x3A, 0x93, 0x00, 0xA2, 0x66, 0x00, 0xD0, 0xCD, 0x00, 0x00, 0x0A, 0xA2, 0x33, 0x93, 0x00, 0xA2, 0x66, 0x00, 0xD0, 0xCD,
    0x00, 0x00, 0x0A, 0xA2, 0x33, 0x93, 0x00, 0xA2, 0x66, 0x00, 0xD0, 0xCD, 0x00, 0x00, 0x0A, 0xA2, 0x33, 0x93, 0x00, 0xA2,
    0x66, 0x00, 0xD0, 0xCD, 0x00, 0x00, 0x0A, 0xA2, 0x33, 0x93, 0x00, 0xA2, 0x66, 0x00, 0xD0, 0xCD, 0x00, 0x00, 0x0A, 0xA2,
    0x33, 0x93, 0x00, 0xA2, 0x66, 0x00, 0xD0, 0xCD, 0x00, 0x00, 0x0A, 0xA2, 0x33, 0x93, 0x00, 0xA2, 0x66, 0xCF, 0x00, 0xA2,
    0x33, 0x93, 0x00, 0xA2, 0x66, 0xCF, 0x00, 0xA2, 0x33, 0x93, 0x00, 0xA2, 0x66, 0xCF, 0x00, 0xA2, 0x33, 0x93, 0x00, 0xA2,
    0x66, 0xCF, 0x00, 0xA2, 0x33, 0x93, 0x00, 0xA2, 0x66, 0xCF, 0x00, 0xA2, 0x33, 0x93, 0x00, 0xA2, 0x66, 0xCF, 0x00, 0xA2,
    0x33, 0x93, 0x00, 0xA2, 0x66, 0xCF, 0x00, 0xA2, 0x33, 0x93, 0x00, 0xA2, 0x66, 0xCF, 0x00, 0xA2, 0x33, 0x93, 0x00, 0xA2,
    0x66, 0x00, 0xD0, 0xCD, 0x00, 0x00, 0x0A, 0xA2, 0x33, 0x93, 0x00, 0xA2, 0x66, 0x00, 0xD0, 0xCD, 0x00, 0x00, 0x0A, 0xA2,
    0x33, 0x93, 0x00, 0xA2, 0x66, 0x00, 0xD0, 0xCD, 0x00, 0x00, 0x0A, 0x8B, 0x33, 0x01, 0x3F, 0xF3, 0x94, 0x33, 0x93, 0x00,
    0xA2, 0x66, 0x00, 0xD0, 0xCD, 0x00, 0x00, 0x0A, 0x8B, 0x33, 0x01, 0xFF, 0xFF, 0x94, 0x33, 0x93, 0x00, 0xA2, 0x66, 0x00,
    0xD0, 0xCD, 0x00, 0x00, 0x0A, 0x8A, 0x33, 0x83, 0xFF, 0x93, 0x33, 0x93, 0x00, 0x8E, 0x66, 0x00, 0xFF, 0x85, 0x66, 0x00,
    0xFF, 0x8B, 0x66, 0x00, 0xD0, 0xCD, 0x00, 0x00, 0x0A, 0x89, 0x33, 0x00, 0x3F, 0x84, 0xFF, 0x92, 0x33, 0x93, 0x00, 0x00,
    0xD6, 0x8B, 0x66, 0x83, 0xFF, 0x07, 0x66, 0x6F, 0xF6, 0x66, 0x6F, 0xFF, 0xFF, 0xF6, 0x89, 0x66, 0x00, 0x60, 0xCD, 0x00,
    0x00, 0x03, 0x88, 0x33, 0x82, 0xFF, 0x01, 0xF3, 0x3F, 0x82, 0xFF, 0x90, 0x33, 0x00, 0x3A, 0x93, 0x00, 0x00, 0xD6, 0x89,
    0x66, 0x00, 0x6F, 0x87, 0xFF, 0x00, 0x6F, 0x84, 0xFF, 0x00, 0xF6, 0x87, 0x66, 0x00, 0x60, 0xCD, 0x00, 0x00, 0x03, 0x87,
    0x33, 0x00, 0x3F, 0x82, 0xFF, 0x05, 0x33, 0x33, 0x3F, 0xFF, 0xFF, 0xF3, 0x8F, 0x33, 0x00, 0x3A, 0x93, 0x00, 0x00, 0xD6,
    0x87, 0x66, 0x00, 0x6F, 0x91, 0xFF, 0x00, 0xF6, 0x85, 0x66, 0x00, 0x60, 0xCD, 0x00, 0x00, 0x03, 0x87, 0x33, 0x02, 0x3F,
    0xFF, 0xFF, 0x83, 0x33, 0x02, 0xFF, 0xFF, 0xF3, 0x8F, 0x33, 0x00, 0x3A, 0x93, 0x00, 0x00, 0xD6, 0x87, 0x66, 0x84, 0xFF,
    0x01, 0xF6, 0x66, 0x85, 0xFF, 0x01, 0x66, 0x6F, 0x84, 0xFF, 0x85, 0x66, 0x00, 0x6D, 0xCD, 0x00, 0x00, 0xA3, 0x87, 0x33,
    0x02, 0x3F, 0xFF, 0xF3, 0x83, 0x33, 0x02, 0x3F, 0xFF, 0xF3, 0x8F, 0x33, 0x00, 0x3A, 0x93, 0x00, 0x00, 0xD6, 0x87, 0x66,
    0x82, 0xFF, 0x00, 0xF6, 0x83, 0x66, 0x83, 0xFF, 0x83, 0x66, 0x83, 0xFF, 0x85, 0x66, 0x00, 0x6D, 0xCD, 0x00, 0x00, 0xA3,
    0x87, 0x33, 0x02, 0x3F, 0xFF, 0xF3, 0x83, 0x33, 0x02, 0x3F, 0xFF, 0xF3, 0x8F, 0x33, 0x00, 0x3A, 0x93, 0x00, 0x00, 0xD6,
    0x87, 0x66, 0x01, 0xFF, 0xFF, 0x86, 0x66, 0x01, 0xFF, 0xFF, 0x86, 0x66, 0x01, 0xFF, 0xFF, 0x85, 0x66, 0x00, 0x6D, 0xCD,
    0x00, 0x00, 0xA3, 0x87, 0x33, 0x02, 0x3F, 0xFF, 0xF3, 0x83, 0x33, 0x02, 0x3F, 0xFF, 0xF3, 0x8F, 0x33, 0x00, 0x3A, 0x93,
    0x00, 0x00, 0xD6, 0x87, 0x66, 0x01, 0xFF, 0xFF, 0x86, 0x66, 0x01, 0xFF, 0xFF, 0x86, 0x66, 0x01, 0xFF, 0xFF, 0x86, 0x66,
    0xCD, 0x00, 0x88, 0x33, 0x02, 0x3F, 0xFF, 0xF3, 0x83, 0x33, 0x02, 0x3F, 0xFF, 0xF3, 0x8F, 0x33, 0x00, 0x3A, 0x93, 0x00,
    0x00, 0x06, 0x87, 0x66, 0x01, 0xFF, 0xFF, 0x86, 0x66, 0x01, 0xFF, 0xFF, 0x86, 0x66, 0x01, 0xFF, 0xFF, 0x86, 0x66, 0xCD,
    0x00, 0x88, 0x33, 0x02, 0x3F, 0xFF, 0xF3, 0x83, 0x33, 0x02, 0x3F, 0xFF, 0xF3, 0x8F, 0x33, 0x00, 0x30, 0x93, 0x00, 0x00,
    0x06, 0x87, 0x66, 0x01, 0xFF, 0xFF, 0x86, 0x66, 0x01, 0xFF, 0xFF, 0x86, 0x66, 0x01, 0xFF, 0xFF, 0x86, 0x66, 0x00, 0xD0,
    0xCB, 0x00, 0x00, 0x0A, 0x88, 0x33, 0x02, 0x3F, 0xFF, 0xF3, 0x83, 0x33, 0x02, 0x3F, 0xFF, 0xF3, 0x8F, 0x33, 0x00, 0x30,
    0x93, 0x00, 0x00, 0x06, 0x87, 0x66, 0x01, 0xFF, 0xFF, 0x86, 0x66, 0x01, 0xFF, 0xFF, 0x86, 0x66, 0x01, 0xFF, 0xFF, 0x86,
    0x66, 0x00, 0xD0, 0xCB, 0x00, 0x00, 0x0A, 0x88, 0x33, 0x02, 0x3F, 0xFF, 0xF3, 0x83, 0x33, 0x02, 0x3F, 0xFF, 0xF3, 0x8F,
    0x33, 0x00, 0x30, 0x93, 0x00, 0x00, 0x0D, 0x87, 0x66, 0x01, 0xFF, 0xFF, 0x86, 0x66, 0x01, 0xFF, 0xFF, 0x86, 0x66, 0x01,
    0xFF, 0xFF, 0x86, 0x66, 0x00, 0xD0, 0xCB, 0x00, 0x00, 0x0A, 0x88, 0x33, 0x02, 0x3F, 0xFF, 0xF3, 0x83, 0x33, 0x02, 0x3F,
    0xFF, 0xF3, 0x8F, 0x33, 0x00, 0xA0, 0x93, 0x00, 0x00, 0x0D, 0x87, 0x66, 0x01, 0xFF, 0xFF, 0x86, 0x66, 0x01, 0xFF, 0xFF,
    0x86, 0x66, 0x01, 0xFF, 0xFF, 0x86, 0x66, 0x00, 0x60, 0xCB, 0x00, 0x00, 0x03, 0x88, 0x33, 0x02, 0x3F, 0xFF, 0xF3, 0x83,
    0x33, 0x02, 0x3F, 0xFF, 0xF3, 0x84, 0x33, 0x01, 0x3F, 0xF3, 0x88, 0x33, 0x00, 0xA0, 0x93, 0x00, 0x00, 0x0D, 0x87, 0x66,
    0x01, 0xFF, 0xFF, 0x86, 0x66, 0x01, 0xFF, 0xFF, 0x86, 0x66, 0x01, 0xFF, 0xFF, 0x86, 0x66, 0x00, 0x6D, 0xCB, 0x00, 0x00,
    0xA3, 0x88, 0x33, 0x02, 0x3F, 0xFF, 0xF3, 0x83, 0x33, 0x02, 0x3F, 0xFF, 0xF3, 0x84, 0x33, 0x01, 0xFF, 0xFF, 0x88, 0x33,
    0x00, 0xA0, 0x93, 0x00, 0x00, 0x0D, 0x87, 0x66, 0x01, 0xFF, 0xFF, 0x86, 0x66, 0x01, 0xFF, 0xFF, 0x86, 0x66, 0x01, 0xFF,
    0xFF, 0x86, 0x66, 0x00, 0x6D, 0xCB, 0x00, 0x00, 0xA3, 0x88, 0x33, 0x02, 0x3F, 0xFF, 0xF3, 0x83, 0x33, 0x02, 0x3F, 0xFF,
    0xF3, 0x84, 0x33, 0x01, 0xFF, 0xFF, 0x88, 0x33, 0x00, 0xA0, 0x94, 0x00, 0x87, 0x66, 0x01, 0xFF, 0xFF, 0x86, 0x66, 0x01,
    0xFF, 0xFF, 0x86, 0x66, 0x01, 0xFF, 0xFF, 0x87, 0x66, 0xCB, 0x00, 0x89, 0x33, 0x02, 0x3F, 0xFF, 0xF3, 0x83, 0x33, 0x02,
    0x3F, 0xFF, 0xF3, 0x84, 0x33, 0x01, 0xFF, 0xFF, 0x88, 0x33, 0x95, 0x00, 0x87, 0x66, 0x01, 0xFF, 0xFF, 0x86, 0x66, 0x01,
    0xFF, 0xFF, 0x86, 0x66, 0x01, 0xFF, 0xFF, 0x87, 0x66, 0x00, 0xD0, 0xC9, 0x00, 0x00, 0x0A, 0x89, 0x33, 0x02, 0x3F, 0xFF,
    0xF3, 0x83, 0x33, 0x02, 0x3F, 0xFF, 0xF3, 0x84, 0x33, 0x01, 0xFF, 0xFF, 0x88, 0x33, 0x95, 0x00, 0x00, 0xD6, 0x86, 0x66,
    0x01, 0xFF, 0xFF, 0x86, 0x66, 0x01, 0xFF, 0xFF, 0x86, 0x66, 0x01, 0xFF, 0xFF, 0x87, 0x66, 0x00, 0xD0, 0xC9, 0x00, 0x00,
    0x0A, 0x89, 0x33, 0x02, 0x3F, 0xFF, 0xF3, 0x83, 0x33, 0x02, 0x3F, 0xFF, 0xF3, 0x84, 0x33, 0x01, 0xFF, 0xFF, 0x87, 0x33,
    0x00, 0x3A, 0x95, 0x00, 0x00, 0xD6, 0x86, 0x66, 0x01, 0xFF, 0xFF, 0x86, 0x66, 0x01, 0xFF, 0xFF, 0x86, 0x66, 0x01, 0xFF,
    0xFF, 0x87, 0x66, 0x00, 0x60, 0xC9, 0x00, 0x00, 0x03, 0x89, 0x33, 0x02, 0x3F, 0xFF, 0xF3, 0x83, 0x33, 0x02, 0x3F, 0xFF,
    0xF3, 0x84, 0x33, 0x01, 0xFF, 0xFF, 0x87, 0x33, 0x00, 0x3A, 0x95, 0x00, 0x00, 0xD6, 0x86, 0x66, 0x01, 0xFF, 0xFF, 0x86,
    0x66, 0x01, 0xFF, 0xFF, 0x86, 0x66, 0x01, 0xFF, 0xFF, 0x87, 0x66, 0x00, 0x6D, 0xC9, 0x00, 0x00, 0xA3, 0x88, 0x33, 0x03,
    0xFF, 0x3F, 0xFF, 0xF3, 0x83, 0x33, 0x02, 0x3F, 0xFF, 0xF3, 0x82, 0x33, 0x03, 0xFF, 0x33, 0xFF, 0xFF, 0x87, 0x33, 0x00,
    0x3A, 0x95, 0x00, 0x00, 0xD6, 0x86, 0x66, 0x01, 0xFF, 0xFF, 0x86, 0x66, 0x01, 0xFF, 0xFF, 0x86, 0x66, 0x01, 0xFF, 0xFF,
    0x87, 0x66, 0x00, 0x6D, 0xC9, 0x00, 0x00, 0xA3, 0x87, 0x33, 0x00, 0x3F, 0x82, 0xFF, 0x00, 0xF3, 0x83, 0x33, 0x09, 0x3F,
    0xFF, 0xF3, 0x33, 0x33, 0x3F, 0xFF, 0xF3, 0xFF, 0xFF, 0x87, 0x33, 0x00, 0x3A, 0x95, 0x00, 0x00, 0x06, 0x86, 0x66, 0x01,
    0xFF, 0xFF, 0x86, 0x66, 0x01, 0xFF, 0xFF, 0x86, 0x66, 0x01, 0xFF, 0xFF, 0x88, 0x66, 0x00, 0xD0, 0xC7, 0x00, 0x00, 0x0A,
    0x88, 0x33, 0x00, 0x3F, 0x82, 0xFF, 0x00, 0xF3, 0x83, 0x33, 0x09, 0x3F, 0xFF, 0xF3, 0x33, 0x33, 0x3F, 0xFF, 0xF3, 0xFF,
    0xFF, 0x87, 0x33, 0x00, 0x30, 0x95, 0x00, 0x00, 0x0D, 0x86, 0x66, 0x01, 0xFF, 0xFF, 0x86, 0x66, 0x01, 0xFF, 0xFF, 0x86,
    0x66, 0x01, 0xFF, 0xFF, 0x88, 0x66, 0x00, 0xD0, 0xC7, 0x00, 0x00, 0x0A, 0x88, 0x33, 0x00, 0x3F, 0x82, 0xFF, 0x00, 0xF3,
    0x83, 0x33, 0x09, 0x3F, 0xFF, 0xF3, 0x33, 0x33, 0x3F, 0xFF, 0xF3, 0xFF, 0xFF, 0x87, 0x33, 0x00, 0xA0, 0x95, 0x00, 0x00,
    0x0D, 0x86, 0x66, 0x01, 0xFF, 0xFF, 0x86, 0x66, 0x01, 0xFF, 0xFF, 0x86, 0x66, 0x01, 0xFF, 0xFF, 0x88, 0x66, 0x00, 0x60,
    0xC7, 0x00, 0x00, 0x03, 0x88, 0x33, 0x00, 0x3F, 0x83, 0xFF, 0x0D, 0xF3, 0x33, 0x33, 0x3F, 0xFF, 0xFF, 0xF3, 0x33, 0x33,
    0x3F, 0xFF, 0xF3, 0xFF, 0xFF, 0x87, 0x33, 0x00, 0xA0, 0x95, 0x00, 0x00, 0x0D, 0x86, 0x66, 0x01, 0xFF, 0xFF, 0x86, 0x66,
    0x01, 0xFF, 0xFF, 0x86, 0x66, 0x01, 0xFF, 0xFF, 0x88, 0x66, 0x00, 0x6D, 0xC7, 0x00, 0x00, 0xA3, 0x88, 0x33, 0x00, 0x3F,
    0x84, 0xFF, 0x01, 0xF3, 0x3F, 0x82, 0xFF, 0x82, 0x33, 0x04, 0x3F, 0xFF, 0xF3, 0xFF, 0xFF, 0x87, 0x33, 0x00, 0xA0, 0x96,
    0x00, 0x86, 0x66, 0x01, 0xFF, 0xFF, 0x83, 0x66, 0x08, 0xFF, 0x66, 0x66, 0xFF, 0xFF, 0x66, 0x66, 0xFF, 0xF6, 0x82, 0x66,
    0x01, 0xFF, 0xFF, 0x89, 0x66, 0xC7, 0x00, 0x8A, 0x33, 0x02, 0xFF, 0xFF, 0xF3, 0x85, 0xFF, 0x08, 0x33, 0x33, 0x3F, 0xF3,
    0x3F, 0xFF, 0xF3, 0xFF, 0xFF, 0x87, 0x33, 0x97, 0x00, 0x86, 0x66, 0x03, 0xFF, 0xFF, 0x66, 0x6F, 0x82, 0xFF, 0x05, 0xF6,
    0x66, 0xFF, 0xFF, 0x66, 0x6F, 0x83, 0xFF, 0x02, 0x66, 0xFF, 0xFF, 0x89, 0x66, 0x00, 0xD0, 0xC5, 0x00, 0x00, 0x0A, 0x8A,
    0x33, 0x03, 0x3F, 0xFF, 0xFF, 0x33, 0x83, 0xFF, 0x82, 0x33, 0x06, 0xFF, 0xFF, 0x3F, 0xFF, 0xF3, 0xFF, 0xFF, 0x87, 0x33,
    0x97, 0x00, 0x00, 0xD6, 0x85, 0x66, 0x87, 0xFF, 0x03, 0xF6, 0xFF, 0xFF, 0x6F, 0x87, 0xFF, 0x89, 0x66, 0x00, 0x60, 0xC5,
    0x00, 0x00, 0x03, 0x8B, 0x33, 0x10, 0xFF, 0xFF, 0xF3, 0x33, 0xFF, 0xFF, 0xF3, 0x3F, 0xF3, 0x33, 0xFF, 0xFF, 0x3F, 0xFF,
    0xF3, 0xFF, 0xFF, 0x86, 0x33, 0x00, 0x3A, 0x97, 0x00, 0x00, 0xD6, 0x85, 0x66, 0x93, 0xFF, 0x89, 0x66, 0x00, 0x6D, 0xC5,
    0x00, 0x00, 0xA3, 0x8B, 0x33, 0x10, 0x3F, 0xFF, 0xFF, 0x33, 0x3F, 0xF3, 0x3F, 0xFF, 0xFF, 0x33, 0xFF, 0xFF, 0x3F, 0xFF,
    0xF3, 0xFF, 0xFF, 0x86, 0x33, 0x00, 0x3A, 0x97, 0x00, 0x00, 0x06, 0x85, 0x66, 0x84, 0xFF, 0x01, 0xF6, 0x66, 0x85, 0xFF,
    0x02, 0x66, 0x66, 0x6F, 0x83, 0xFF, 0x8A, 0x66, 0xC5, 0x00, 0x8D, 0x33, 0x87, 0xFF, 0x07, 0x33, 0xFF, 0xFF, 0x3F, 0xFF,
    0xF3, 0xFF, 0xFF, 0x86, 0x33, 0x00, 0x30, 0x97, 0x00, 0x00, 0x0D, 0x85, 0x66, 0x02, 0x6F, 0xFF, 0xF6, 0x84, 0x66, 0x83,
    0xFF, 0x85, 0x66, 0x01, 0x6F, 0xF6, 0x8A, 0x66, 0x00, 0xD0, 0xC3, 0x00, 0x00, 0x0A, 0x8D, 0x33, 0x00, 0x3F, 0x85, 0xFF,
    0x08, 0xF3, 0x33, 0xFF, 0xFF, 0x3F, 0xFF, 0xF3, 0xFF, 0xFF, 0x86, 0x33, 0x00, 0xA0, 0x97, 0x00, 0x00, 0x0D, 0x8E, 0x66,
    0x01, 0xFF, 0xFF, 0x93, 0x66, 0x00, 0x6D, 0xC3, 0x00, 0x00, 0xA3, 0x8E, 0x33, 0x84, 0xFF, 0x09, 0xF3, 0x33, 0x33, 0xFF,
    0xFF, 0x3F, 0xFF, 0xF3, 0xFF, 0xFF, 0x86, 0x33, 0x00, 0xA0, 0x97, 0x00, 0x00, 0x0D, 0x8E, 0x66, 0x01, 0xFF, 0xFF, 0x93,
    0x66, 0x00, 0x6D, 0xC3, 0x00, 0x00, 0xA3, 0x8F, 0x33, 0x02, 0x3F, 0xFF, 0xFF, 0x83, 0x33, 0x06, 0xFF, 0xFF, 0x3F, 0xFF,
    0xF3, 0xFF, 0xFF, 0x86, 0x33, 0x00, 0xA0, 0x98, 0x00, 0x8E, 0x66, 0x01, 0x6F, 0xF6, 0x94, 0x66, 0x00, 0xD0, 0xC1, 0x00,
    0x00, 0x0A, 0x91, 0x33, 0x01, 0xFF, 0xFF, 0x83, 0x33, 0x06, 0xFF, 0xFF, 0x3F, 0xFF, 0xF3, 0xFF, 0xFF, 0x86, 0x33, 0x99,
    0x00, 0x00, 0xD6, 0xA4, 0x66, 0x00, 0x60, 0xC1, 0x00, 0x00, 0x03, 0x8E, 0x33, 0x00, 0x3F, 0x85, 0xFF, 0x08, 0xF3, 0x33,
    0xFF, 0xFF, 0x3F, 0xFF, 0xF3, 0xFF, 0xFF, 0x85, 0x33, 0x00, 0x3A, 0x99, 0x00, 0x00, 0xD6, 0xA4, 0x66, 0x00, 0x6D, 0xC1,
    0x00, 0x00, 0xA3, 0x8E, 0x33, 0x87, 0xFF, 0x07, 0x33, 0x3F, 0xF3, 0x33, 0xFF, 0x33, 0x3F, 0xF3, 0x85, 0x33, 0x00, 0x3A,
    0x99, 0x00, 0x00, 0x06, 0xA5, 0x66, 0x00, 0xD0, 0xBF, 0x00, 0x00, 0x0A, 0x8F, 0x33, 0x87, 0xFF, 0x8D, 0x33, 0x00, 0x30,
    0x99, 0x00, 0x00, 0x0D, 0xA5, 0x66, 0x00, 0x6D, 0xBF, 0x00, 0x00, 0xA3, 0x8F, 0x33, 0x00, 0x3F, 0x85, 0xFF, 0x00, 0xF3,
    0x8D, 0x33, 0x00, 0xA0, 0x99, 0x00, 0x00, 0x0D, 0xA5, 0x66, 0x00, 0xDD, 0xBF, 0x00, 0x00, 0xAA, 0xA5, 0x33, 0x00, 0xA0,
    0x9A, 0x00, 0xA4, 0x66, 0x00, 0x6D, 0xC1, 0x00, 0x00, 0xA3, 0xA4, 0x33, 0x9B, 0x00, 0x00, 0xD6, 0xA3, 0x66, 0x00, 0xD0,
    0xC1, 0x00, 0x00, 0x0A, 0xA3, 0x33, 0x00, 0x3A, 0x9B, 0x00, 0x00, 0xD6, 0xA2, 0x66, 0x00, 0xD0, 0xC3, 0x00, 0x00, 0x0A,
    0xA2, 0x33, 0x00, 0x3A, 0x9B, 0x00, 0x00, 0x06, 0xA1, 0x66, 0x00, 0x6D, 0xC5, 0x00, 0x00, 0xA3, 0xA1, 0x33, 0x00, 0x30,
    0x9B, 0x00, 0x00, 0x0D, 0xA0, 0x66, 0x01, 0x6D, 0xD0, 0x83, 0x00, 0x00, 0x0C, 0xBB, 0x00, 0x00, 0xB0, 0x83, 0x00, 0x01,
    0x0A, 0xA3, 0xA0, 0x33, 0x00, 0xA0, 0x9B, 0x00, 0x00, 0x0D, 0xA0, 0x66, 0x00, 0xD0, 0x84, 0x00, 0x01, 0xC5, 0xC0, 0xB9,
    0x00, 0x01, 0x0B, 0x4B, 0x84, 0x00, 0x00, 0x0A, 0xA0, 0x33, 0x00, 0xA0, 0x9C, 0x00, 0x9F, 0x66, 0x00, 0x6D, 0x84, 0x00,
    0x02, 0xCC, 0x55, 0x5C, 0xB9, 0x00, 0x02, 0xB4, 0x44, 0xBB, 0x84, 0x00, 0x00, 0xA3, 0x9F, 0x33, 0x9D, 0x00, 0x00, 0xD6,
    0x9D, 0x66, 0x01, 0x6D, 0xD0, 0x83, 0x00, 0x00, 0x0C, 0x82, 0x55, 0x00, 0xC0, 0xB7, 0x00, 0x00, 0x0B, 0x82, 0x44, 0x00,
    0xB0, 0x83, 0x00, 0x01, 0x0A, 0xA3, 0x9D, 0x33, 0x00, 0x3A, 0x9D, 0x00, 0x00, 0x06, 0x9D, 0x66, 0x00, 0xD0, 0x84, 0x00,
    0x00, 0xC5, 0x82, 0x55, 0x00, 0x5C, 0xB7, 0x00, 0x00, 0xB4, 0x82, 0x44, 0x00, 0x4B, 0x84, 0x00, 0x00, 0x0A, 0x9D, 0x33,
    0x00, 0x30, 0x9D, 0x00, 0x00, 0x0D, 0x9C, 0x66, 0x00, 0x6D, 0x84, 0x00, 0x00, 0x0C, 0x84, 0x55, 0x00, 0xC0, 0xB5, 0x00,
    0x00, 0x0B, 0x84, 0x44, 0x00, 0xB0, 0x84, 0x00, 0x00, 0xA3, 0x9C, 0x33, 0x00, 0xA0, 0x9D, 0x00, 0x00, 0x0D, 0x9B, 0x66,
    0x00, 0x6D, 0x85, 0x00, 0x00, 0xC5, 0x84, 0x55, 0x00, 0x5C, 0xB5, 0x00, 0x00, 0xB4, 0x84, 0x44, 0x00, 0x4B, 0x85, 0x00,
    0x00, 0xA3, 0x9B, 0x33, 0x00, 0xA0, 0x9E, 0x00, 0x00, 0xD6, 0x9A, 0x66, 0x00, 0xD0, 0x84, 0x00, 0x00, 0x0C, 0x86, 0x55,
    0x00, 0xC0, 0xB3, 0x00, 0x00, 0x0B, 0x86, 0x44, 0x00, 0xB0, 0x84, 0x00, 0x00, 0x0A, 0x9A, 0x33, 0x00, 0x3A, 0x9F, 0x00,
    0x00, 0xD6, 0x99, 0x66, 0x00, 0xDD, 0x85, 0x00, 0x00, 0xC5, 0x86, 0x55, 0x00, 0x5C, 0xB3, 0x00, 0x00, 0xB4, 0x86, 0x44,
    0x00, 0x4B, 0x85, 0x00, 0x00, 0xAA, 0x99, 0x33, 0x00, 0x3A, 0x9F, 0x00, 0x00, 0x06, 0x98, 0x66, 0x00, 0x6D, 0x85, 0x00,
    0x00, 0xCC, 0x88, 0x55, 0x00, 0x5C, 0xB1, 0x00, 0x00, 0xB4, 0x88, 0x44, 0x00, 0xBB, 0x85, 0x00, 0x00, 0xA3, 0x98, 0x33,
    0x00, 0x30, 0x9F, 0x00, 0x00, 0x0D, 0x98, 0x66, 0x00, 0xD0, 0x84, 0x00, 0x00, 0x0C, 0x8A, 0x55, 0x00, 0xC0, 0xAF, 0x00,
    0x00, 0x0B, 0x8A, 0x44, 0x00, 0xB0, 0x84, 0x00, 0x00, 0x0A, 0x98, 0x33, 0x00, 0xA0, 0xA0, 0x00, 0x97, 0x66, 0x00, 0xD0,
    0x85, 0x00, 0x00, 0xC5, 0x8A, 0x55, 0x00, 0x5C, 0xAF, 0x00, 0x00, 0xB4, 0x8A, 0x44, 0x00, 0x4B, 0x85, 0x00, 0x00, 0x0A,
    0x97, 0x33, 0xA1, 0x00, 0x00, 0xD6, 0x95, 0x66, 0x00, 0x6D, 0x85, 0x00, 0x00, 0x0C, 0x8C, 0x55, 0x00, 0xCC, 0xAD, 0x00,
    0x00, 0xBB, 0x8C, 0x44, 0x00, 0xB0, 0x85, 0x00, 0x00, 0xA3, 0x95, 0x33, 0x00, 0x3A, 0xA1, 0x00, 0x00, 0x06, 0x95, 0x66,
    0x00, 0xD0, 0x85, 0x00, 0x00, 0xC5, 0x8D, 0x55, 0x00, 0xC0, 0xAB, 0x00, 0x00, 0x0B, 0x8D, 0x44, 0x00, 0x4B, 0x85, 0x00,
    0x00, 0x0A, 0x95, 0x33, 0x00, 0x30, 0xA1, 0x00, 0x00, 0x0D, 0x94, 0x66, 0x00, 0xD0, 0x85, 0x00, 0x00, 0x0C, 0x8E, 0x55,
    0x00, 0x5C, 0xAB, 0x00, 0x00, 0xB4, 0x8E, 0x44, 0x00, 0xB0, 0x85, 0x00, 0x00, 0x0A, 0x94, 0x33, 0x00, 0xA0, 0xA1, 0x00,
    0x00, 0x0D, 0x93, 0x66, 0x00, 0x6D, 0x86, 0x00, 0x00, 0xC5, 0x8F, 0x55, 0x00, 0x5C, 0xA9, 0x00, 0x00, 0xB4, 0x8F, 0x44,
    0x00, 0x4B, 0x86, 0x00, 0x00, 0xA3, 0x93, 0x33, 0x00, 0xA0, 0xA2, 0x00, 0x00, 0xD6, 0x91, 0x66, 0x01, 0x6D, 0xD0, 0x85,
    0x00, 0x00, 0xC5, 0x91, 0x55, 0x00, 0xCC, 0xA7, 0x00, 0x00, 0xBB, 0x91, 0x44, 0x00, 0x4B, 0x85, 0x00, 0x01, 0x0A, 0xA3,
    0x91, 0x33, 0x00, 0x3A, 0xA3, 0x00, 0x00, 0x06, 0x91, 0x66, 0x00, 0xD0, 0x85, 0x00, 0x00, 0x0C, 0x93, 0x55, 0x00, 0xC0,
    0xA5, 0x00, 0x00, 0x0B, 0x93, 0x44, 0x00, 0xB0, 0x85, 0x00, 0x00, 0x0A, 0x91, 0x33, 0x00, 0x30, 0xA3, 0x00, 0x00, 0x0D,
    0x90, 0x66, 0x00, 0x6D, 0x86, 0x00, 0x00, 0xC5, 0x94, 0x55, 0x00, 0xC0, 0xA3, 0x00, 0x00, 0x0B, 0x94, 0x44, 0x00, 0x4B,
    0x86, 0x00, 0x00, 0xA3, 0x90, 0x33, 0x00, 0xA0, 0xA4, 0x00, 0x8F, 0x66, 0x00, 0x6D, 0x86, 0x00, 0x00, 0x0C, 0x96, 0x55,
    0x00, 0xC0, 0xA1, 0x00, 0x00, 0x0B, 0x96, 0x44, 0x00, 0xB0, 0x86, 0x00, 0x00, 0xA3, 0x8F, 0x33, 0xA5, 0x00, 0x00, 0xD6,
    0x8E, 0x66, 0x00, 0xD0, 0x86, 0x00, 0x00, 0xC5, 0x97, 0x55, 0x00, 0xC0, 0x9F, 0x00, 0x00, 0x0B, 0x97, 0x44, 0x00, 0x4B,
    0x86, 0x00, 0x00, 0x0A, 0x8E, 0x33, 0x00, 0x3A, 0xA5, 0x00, 0x00, 0x06, 0x8D, 0x66, 0x00, 0x6D, 0x86, 0x00, 0x00, 0x0C,
    0x99, 0x55, 0x00, 0xCC, 0x9D, 0x00, 0x00, 0xBB, 0x99, 0x44, 0x00, 0xB0, 0x86, 0x00, 0x00, 0xA3, 0x8D, 0x33, 0x00, 0x30,
    0xA5, 0x00, 0x00, 0x0D, 0x8C, 0x66, 0x00, 0x6D, 0x86, 0x00, 0x01, 0x0C, 0xC5, 0x9A, 0x55, 0x00, 0xCC, 0x9B, 0x00, 0x00,
    0xBB, 0x9A, 0x44, 0x01, 0x4B, 0xB0, 0x86, 0x00, 0x00, 0xA3, 0x8C, 0x33, 0x00, 0xA0, 0xA6, 0x00, 0x00, 0xD6, 0x8B, 0x66,
    0x00, 0xD0, 0x86, 0x00, 0x00, 0xC5, 0x9C, 0x55, 0x01, 0x5C, 0xC0, 0x97, 0x00, 0x01, 0x0B, 0xB4, 0x9C, 0x44, 0x00, 0x4B,
    0x86, 0x00, 0x00, 0x0A, 0x8B, 0x33, 0x00, 0x3A, 0xA7, 0x00, 0x00, 0xD6, 0x8A, 0x66, 0x00, 0xDD, 0x86, 0x00, 0x00, 0x0C,
    0x9F, 0x55, 0x00, 0xCC, 0x95, 0x00, 0x00, 0xBB, 0x9F, 0x44, 0x00, 0xB0, 0x86, 0x00, 0x00, 0xAA, 0x8A, 0x33, 0x00, 0x3A,
    0xA7, 0x00, 0x00, 0x0D, 0x89, 0x66, 0x00, 0x6D, 0x87, 0x00, 0x00, 0xC5, 0xA0, 0x55, 0x01, 0x5C, 0xCC, 0x91, 0x00, 0x01,
    0xBB, 0xB4, 0xA0, 0x44, 0x00, 0x4B, 0x87, 0x00, 0x00, 0xA3, 0x89, 0x33, 0x00, 0xA0, 0xA8, 0x00, 0x89, 0x66, 0x00, 0xD0,
    0x86, 0x00, 0x00, 0x0C, 0xA4, 0x55, 0x01, 0xCC, 0xC0, 0x8B, 0x00, 0x01, 0x0B, 0xBB, 0xA4, 0x44, 0x00, 0xB0, 0x86, 0x00,
    0x00, 0x0A, 0x89, 0x33, 0xA9, 0x00, 0x00, 0xD6, 0x87, 0x66, 0x00, 0xD0, 0x87, 0x00, 0x00, 0xC5, 0xA7, 0x55, 0x82, 0xCC,
    0x83, 0x00, 0x82, 0xBB, 0xA7, 0x44, 0x00, 0x4B, 0x87, 0x00, 0x00, 0x0A, 0x87, 0x33, 0x00, 0x3A, 0xA9, 0x00, 0x00, 0x0D,
    0x86, 0x66, 0x00, 0x6D, 0x87, 0x00, 0x00, 0x0C, 0xAB, 0x55, 0x83, 0x00, 0xAB, 0x44, 0x00, 0xB0, 0x87, 0x00, 0x00, 0xA3,
    0x86, 0x33, 0x00, 0xA0, 0xA9, 0x00, 0x00, 0x0D, 0x86, 0x66, 0x00, 0xD0, 0x86, 0x00, 0x01, 0x0C, 0xC5, 0xAB, 0x55, 0x83,
    0x00, 0xAB, 0x44, 0x01, 0x4B, 0xB0, 0x86, 0x00, 0x00, 0x0A, 0x86, 0x33, 0x00, 0xA0, 0xAA, 0x00, 0x00, 0xD6, 0x84, 0x66,
    0x00, 0xD0, 0x87, 0x00, 0x00, 0xC5, 0xAC, 0x55, 0x83, 0x00, 0xAC, 0x44, 0x00, 0x4B, 0x87, 0x00, 0x00, 0x0A, 0x84, 0x33,
    0x00, 0x3A, 0xAB, 0x00, 0x00, 0x0D, 0x83, 0x66, 0x00, 0x6D, 0x87, 0x00, 0x00, 0x0C, 0xAC, 0x55, 0x00, 0x5C, 0x83, 0x00,
    0x00, 0xB4, 0xAC, 0x44, 0x00, 0xB0, 0x87, 0x00, 0x00, 0xA3, 0x83, 0x33, 0x00, 0xA0, 0xAB, 0x00, 0x00, 0x0D, 0x82, 0x66,
    0x01, 0x6D, 0xD0, 0x87, 0x00, 0x00, 0xC5, 0xAC, 0x55, 0x00, 0x5C, 0x83, 0x00, 0x00, 0xB4, 0xAC, 0x44, 0x00, 0x4B, 0x87,
    0x00, 0x01, 0x0A, 0xA3, 0x82, 0x33, 0x00, 0xA0, 0xAC, 0x00, 0x03, 0xD6, 0x66, 0x66, 0xD0, 0x87, 0x00, 0x00, 0x0C, 0xAD,
    0x55, 0x00, 0x5C, 0x83, 0x00, 0x00, 0xB4, 0xAD, 0x44, 0x00, 0xB0, 0x87, 0x00, 0x03, 0x0A, 0x33, 0x33, 0x3A, 0xAD, 0x00,
    0x02, 0x0D, 0x66, 0x6D, 0x88, 0x00, 0x00, 0xC5, 0x8D, 0x55, 0x00, 0x5F, 0x91, 0xFF, 0x00, 0xF5, 0x8B, 0x55, 0x00, 0x5C,
    0x83, 0x00, 0x00, 0xB4, 0xAD, 0x44, 0x00, 0x4B, 0x88, 0x00, 0x02, 0xA3, 0x33, 0xA0, 0xAE, 0x00, 0x00, 0x6D, 0x88, 0x00,
    0x00, 0x0C, 0x8E, 0x55, 0x93, 0xFF, 0x8B, 0x55, 0x00, 0x5C, 0x83, 0x00, 0x00, 0xB4, 0xAE, 0x44, 0x00, 0xB0, 0x88, 0x00,
    0x00, 0xA3, 0xAF, 0x00, 0x00, 0xD0, 0x87, 0x00, 0x00, 0x0C, 0x8F, 0x55, 0x93, 0xFF, 0x8B, 0x55, 0x00, 0x5C, 0x83, 0x00,
    0x00, 0xB4, 0x8B, 0x44, 0x00, 0x4F, 0x8E, 0xFF, 0x93, 0x44, 0x00, 0xB0, 0x87, 0x00, 0x00, 0x0A, 0xB8, 0x00, 0x00, 0xC5,
    0x8F, 0x55, 0x93, 0xFF, 0x8B, 0x55, 0x00, 0x5C, 0x83, 0x00, 0x00, 0xB4, 0x8B, 0x44, 0x8F, 0xFF, 0x03, 0xF4, 0x44, 0x4F,
    0xF4, 0x8F, 0x44, 0x00, 0x4B, 0xC0, 0x00, 0x00, 0x0C, 0x90, 0x55, 0x01, 0xFF, 0xFF, 0x8F, 0x55, 0x01, 0xFF, 0xFF, 0x8B,
    0x55, 0x00, 0x5C, 0x83, 0x00, 0x00, 0xB4, 0x8B, 0x44, 0x8F, 0xFF, 0x03, 0xF4, 0x44, 0xFF, 0xFF, 0x90, 0x44, 0x00, 0xB0,
    0xBF, 0x00, 0x00, 0xC5, 0x90, 0x55, 0x01, 0xFF, 0xFF, 0x8A, 0x55, 0x06, 0x5F, 0xFF, 0xF5, 0x55, 0x55, 0xFF, 0xFF, 0x8B,
    0x55, 0x00, 0x5C, 0x83, 0x00, 0x00, 0xB4, 0x8B, 0x44, 0x8F, 0xFF, 0x03, 0xF4, 0x4F, 0xFF, 0xFF, 0x90, 0x44, 0x00, 0x4B,
    0xBE, 0x00, 0x00, 0x0C, 0x91, 0x55, 0x01, 0xFF, 0xFF, 0x8A, 0x55, 0x82, 0xFF, 0x03, 0x55, 0x55, 0xFF, 0xFF, 0x8B, 0x55,
    0x00, 0x5C, 0x83, 0x00, 0x00, 0xB4, 0x8B, 0x44, 0x01, 0xFF, 0xFF, 0x8B, 0x44, 0x00, 0x4F, 0x84, 0xFF, 0x91, 0x44, 0x00,
    0xB0, 0xBD, 0x00, 0x00, 0xC5, 0x91, 0x55, 0x01, 0xFF, 0xFF, 0x8A, 0x55, 0x82, 0xFF, 0x03, 0xF5, 0x55, 0xFF, 0xFF, 0x8B,
    0x55, 0x00, 0x50, 0x83, 0x00, 0x00, 0x04, 0x8B, 0x44, 0x01, 0xFF, 0xFF, 0x8B, 0x44, 0x00, 0x4F, 0x84, 0xFF, 0x91, 0x44,
    0x00, 0x4B, 0xBC, 0x00, 0x00, 0xCC, 0x92, 0x55, 0x01, 0xFF, 0xFF, 0x8A, 0x55, 0x82, 0xFF, 0x03, 0xF5, 0x55, 0xFF, 0xFF,
    0x8B, 0x55, 0x00, 0x50, 0x83, 0x00, 0x00, 0x04, 0x8B, 0x44, 0x01, 0xFF, 0xFF, 0x83, 0x44, 0x01, 0x4F, 0xF4, 0x85, 0x44,
    0x00, 0x4F, 0x84, 0xFF, 0x92, 0x44, 0x00, 0xBB, 0xBA, 0x00, 0x00, 0x0C, 0x93, 0x55, 0x01, 0xFF, 0xFF, 0x8A, 0x55, 0x82,
    0xFF, 0x03, 0x55, 0x55, 0xFF, 0xFF, 0x8B, 0x55, 0x00, 0x50, 0x83, 0x00, 0x00, 0x04, 0x8B, 0x44, 0x01, 0xFF, 0xFF, 0x83,
    0x44, 0x01, 0xFF, 0xFF, 0x85, 0x44, 0x05, 0x4F, 0xFF, 0xFF, 0xF4, 0xFF, 0xFF, 0x93, 0x44, 0x00, 0xB0, 0xB9, 0x00, 0x00,
    0xC5, 0x93, 0x55, 0x01, 0xFF, 0xFF, 0x8A, 0x55, 0x06, 0x5F, 0xFF, 0xFF, 0x55, 0x55, 0xFF, 0xFF, 0x8B, 0x55, 0x00, 0x50,
    0x83, 0x00, 0x00, 0x04, 0x8B, 0x44, 0x01, 0xFF, 0xFF, 0x83, 0x44, 0x82, 0xFF, 0x84, 0x44, 0x05, 0x4F, 0xFF, 0xFF, 0x44,
    0xFF, 0xFF, 0x93, 0x44, 0x00, 0x4B, 0xB8, 0x00, 0x00, 0x0C, 0x94, 0x55, 0x01, 0xFF, 0xFF, 0x8A, 0x55, 0x01, 0x5F, 0xFF,
    0x82, 0x55, 0x01, 0xFF, 0xFF, 0x8B, 0x55, 0x00, 0x50, 0x83, 0x00, 0x00, 0x04, 0x8B, 0x44, 0x01, 0xFF, 0xFF, 0x83, 0x44,
    0x82, 0xFF, 0x00, 0xF4, 0x83, 0x44, 0x05, 0x4F, 0xFF, 0xF4, 0x44, 0xFF, 0xFF, 0x94, 0x44, 0x00, 0xB0, 0xB7, 0x00, 0x00,
    0xC5, 0x94, 0x55, 0x01, 0xFF, 0xFF, 0x8A, 0x55, 0x01, 0xFF, 0xFF, 0x82, 0x55, 0x01, 0xFF, 0xFF, 0x8B, 0x55, 0x00, 0x50,
    0x83, 0x00, 0x00, 0x04, 0x8B, 0x44, 0x01, 0xFF, 0xFF, 0x83, 0x44, 0x83, 0xFF, 0x00, 0xF4, 0x82, 0x44, 0x05, 0x4F, 0xFF,
    0xF4, 0x44, 0xFF, 0xFF, 0x94, 0x44, 0x00, 0x4B, 0xB7, 0x00, 0x00, 0x0C, 0x94, 0x55, 0x01, 0xFF, 0xFF, 0x8A, 0x55, 0x01,
    0xFF, 0xFF, 0x82, 0x55, 0x01, 0xFF, 0xFF, 0x8B, 0x55, 0x00, 0x50, 0x83, 0x00, 0x00, 0x04, 0x8B, 0x44, 0x01, 0xFF, 0xFF,
    0x83, 0x44, 0x84, 0xFF, 0x82, 0x44, 0x05, 0x4F, 0xFF, 0xF4, 0x44, 0xFF, 0xFF, 0x94, 0x44, 0x00, 0xB0, 0xB8, 0x00, 0x00,
    0xC5, 0x93, 0x55, 0x01, 0xFF, 0xFF, 0x89, 0x55, 0x07, 0x5F, 0xFF, 0xFF, 0xF5, 0x55, 0x55, 0xFF, 0xFF, 0x8B, 0x55, 0x00,
    0x50, 0x83, 0x00, 0x00, 0x04, 0x8B, 0x44, 0x01, 0xFF, 0xFF, 0x83, 0x44, 0x02, 0xFF, 0xFF, 0x44, 0x82, 0xFF, 0x07, 0x44,
    0x44, 0x4F, 0xFF, 0xF4, 0x44, 0xFF, 0xFF, 0x93, 0x44, 0x00, 0x4B, 0xB9, 0x00, 0x00, 0x0C, 0x93, 0x55, 0x01, 0xFF, 0xFF,
    0x84, 0x55, 0x00, 0xFF, 0x83, 0x55, 0x82, 0xFF, 0x04, 0xF5, 0x55, 0x55, 0xFF, 0xFF, 0x8B, 0x55, 0x00, 0x50, 0x83, 0x00,
    0x00, 0x04, 0x8B, 0x44, 0x01, 0xFF, 0xFF, 0x83, 0x44, 0x03, 0xFF, 0xFF, 0x44, 0x4F, 0x82, 0xFF, 0x06, 0x44, 0x4F, 0xFF,
    0xF4, 0x44, 0xFF, 0xFF, 0x93, 0x44, 0x00, 0xB0, 0xBA, 0x00, 0x00, 0xC5, 0x92, 0x55, 0x01, 0xFF, 0xFF, 0x83, 0x55, 0x05,
    0x5F, 0xFF, 0xF5, 0x55, 0x55, 0x5F, 0x83, 0xFF, 0x03, 0x55, 0x55, 0xFF, 0xFF, 0x8B, 0x55, 0x00, 0xC0, 0x83, 0x00, 0x00,
    0x0B, 0x8B, 0x44, 0x01, 0xFF, 0xFF, 0x83, 0x44, 0x0D, 0xFF, 0xFF, 0x44, 0x44, 0x4F, 0xFF, 0xFF, 0xF4, 0x4F, 0xFF, 0xF4,
    0x44, 0xFF, 0xFF, 0x92, 0x44, 0x00, 0x4B, 0xBB, 0x00, 0x00, 0x0C, 0x92, 0x55, 0x01, 0xFF, 0xFF, 0x83, 0x55, 0x0D, 0x5F,
    0xFF, 0xFF, 0x55, 0x55, 0x5F, 0xFF, 0xF5, 0x5F, 0xFF, 0x55, 0x55, 0xFF, 0xFF, 0x8B, 0x55, 0x00, 0xC0, 0x83, 0x00, 0x00,
    0x0B, 0x8B, 0x44, 0x01, 0xFF, 0xFF, 0x83, 0x44, 0x0D, 0xFF, 0xFF, 0x44, 0x44, 0x4F, 0xFF, 0xFF, 0xF4, 0x4F, 0xFF, 0xF4,
    0x44, 0xFF, 0xFF, 0x92, 0x44, 0x00, 0xB0, 0xBC, 0x00, 0x00, 0xC5, 0x91, 0x55, 0x01, 0xFF, 0xFF, 0x83, 0x55, 0x82, 0xFF,
    0x0A, 0xF5, 0x55, 0xFF, 0xFF, 0x55, 0x5F, 0xFF, 0xF5, 0x55, 0xFF, 0xFF, 0x8B, 0x55, 0x00, 0xC0, 0x83, 0x00, 0x00, 0x0B,
    0x8B, 0x44, 0x01, 0xFF, 0xFF, 0x83, 0x44, 0x03, 0xFF, 0xFF, 0x44, 0x44, 0x82, 0xFF, 0x06, 0x44, 0x4F, 0xFF, 0xF4, 0x44,
    0xFF, 0xFF, 0x91, 0x44, 0x00, 0x4B, 0xBD, 0x00, 0x00, 0x0C, 0x91, 0x55, 0x01, 0xFF, 0xFF, 0x82, 0x55, 0x00, 0x5F, 0x83,
    0xFF, 0x09, 0x5F, 0xFF, 0xFF, 0x55, 0x55, 0xFF, 0xF5, 0x55, 0xFF, 0xFF, 0x8B, 0x55, 0x00, 0xC0, 0x83, 0x00, 0x00, 0x0B,
    0x8B, 0x44, 0x01, 0xFF, 0xFF, 0x83, 0x44, 0x02, 0xFF, 0xFF, 0x44, 0x82, 0xFF, 0x07, 0x44, 0x44, 0x4F, 0xFF, 0xF4, 0x44,
    0xFF, 0xFF, 0x91, 0x44, 0x00, 0xB0, 0xBE, 0x00, 0x00, 0xC5, 0x90, 0x55, 0x01, 0xFF, 0xFF, 0x82, 0x55, 0x02, 0xFF, 0xFF,
    0xF5, 0x83, 0xFF, 0x07, 0xF5, 0x55, 0x55, 0xFF, 0xFF, 0x55, 0xFF, 0xFF, 0x8B, 0x55, 0x00, 0xC0, 0x83, 0x00, 0x00, 0x0B,
    0x8B, 0x44, 0x01, 0xFF, 0xFF, 0x83, 0x44, 0x84, 0xFF, 0x08, 0xF4, 0x44, 0x44, 0x4F, 0xFF, 0xF4, 0x44, 0xFF, 0xFF, 0x90,
    0x44, 0x00, 0x4B, 0xBF, 0x00, 0x00, 0x0C, 0x90, 0x55, 0x08, 0xFF, 0xFF, 0x55, 0x55, 0x5F, 0xFF, 0xFF, 0x55, 0x5F, 0x82,
    0xFF, 0x82, 0x55, 0x04, 0x5F, 0xFF, 0x55, 0xFF, 0xFF, 0x8B, 0x55, 0x00, 0xC0, 0x83, 0x00, 0x00, 0x0B, 0x8B, 0x44, 0x01,
    0xFF, 0xFF, 0x83, 0x44, 0x83, 0xFF, 0x00, 0xF4, 0x82, 0x44, 0x05, 0x4F, 0xFF, 0xF4, 0x44, 0xFF, 0xFF, 0x90, 0x44, 0x00,
    0xB0, 0xC0, 0x00, 0x00, 0xC5, 0x8F, 0x55, 0x08, 0xFF, 0xFF, 0x55, 0x55, 0xFF, 0xFF, 0xF5, 0x55, 0x55, 0x82, 0xFF, 0x82,
    0x55, 0x04, 0x5F, 0xFF, 0xF5, 0xFF, 0xFF, 0x8B, 0x55, 0x00, 0xC0, 0x83, 0x00, 0x00, 0x0B, 0x8B, 0x44, 0x01, 0xFF, 0xFF,
    0x83, 0x44, 0x83, 0xFF, 0x83, 0x44, 0x05, 0x4F, 0xFF, 0xF4, 0x44, 0xFF, 0xFF, 0x8F, 0x44, 0x00, 0x4B, 0xC1, 0x00, 0x00,
    0x0C, 0x8F, 0x55, 0x05, 0xFF, 0xFF, 0x55, 0x5F, 0xFF, 0xFF, 0x82, 0x55, 0x02, 0x5F, 0xFF, 0xF5, 0x83, 0x55, 0x03, 0xFF,
    0xF5, 0xFF, 0xFF, 0x8B, 0x55, 0x00, 0xC0, 0x83, 0x00, 0x00, 0x0B, 0x8B, 0x44, 0x01, 0xFF, 0xFF, 0x83, 0x44, 0x82, 0xFF,
    0x84, 0x44, 0x05, 0x4F, 0xFF, 0xF4, 0x44, 0xFF, 0xFF, 0x8F, 0x44, 0x00, 0xB0, 0xC2, 0x00, 0x00, 0xC5, 0x8E, 0x55, 0x05,
    0xFF, 0xFF, 0x55, 0xFF, 0xFF, 0xF5, 0x83, 0x55, 0x00, 0xFF, 0x84, 0x55, 0x83, 0xFF, 0x8B, 0x55, 0x00, 0xC0, 0x83, 0x00,
    0x00, 0x0B, 0x8B, 0x44, 0x01, 0xFF, 0xFF, 0x83, 0x44, 0x02, 0xFF, 0xFF, 0xF4, 0x84, 0x44, 0x05, 0x4F, 0xFF, 0xFF, 0xF4,
    0xFF, 0xFF, 0x8E, 0x44, 0x00, 0x4B, 0xC3, 0x00, 0x00, 0x0C, 0x8E, 0x55, 0x04, 0xFF, 0xFF, 0x5F, 0xFF, 0xFF, 0x8A, 0x55,
    0x00, 0x5F, 0x82, 0xFF, 0x8B, 0x55, 0x00, 0xC0, 0x83, 0x00, 0x00, 0x0B, 0x8B, 0x44, 0x01, 0xFF, 0xFF, 0x83, 0x44, 0x01,
    0x4F, 0xF4, 0x85, 0x44, 0x00, 0x4F, 0x84, 0xFF, 0x8E, 0x44, 0x00, 0xB0, 0xC4, 0x00, 0x00, 0xC5, 0x8D, 0x55, 0x83, 0xFF,
    0x00, 0xF5, 0x8A, 0x55, 0x00, 0x5F, 0x82, 0xFF, 0x8B, 0x55, 0x85, 0x00, 0x8B, 0x44, 0x01, 0xFF, 0xFF, 0x8B, 0x44, 0x00,
    0x4F, 0x84, 0xFF, 0x8D, 0x44, 0x00, 0x4B, 0xC5, 0x00, 0x00, 0x0C, 0x8D, 0x55, 0x83, 0xFF, 0x8B, 0x55, 0x00, 0x5F, 0x82,
    0xFF, 0x8B, 0x55, 0x85, 0x00, 0x8B, 0x44, 0x01, 0xFF, 0xFF, 0x8B, 0x44, 0x00, 0x4F, 0x84, 0xFF, 0x8D, 0x44, 0x00, 0xB0,
    0xC6, 0x00, 0x00, 0xC5, 0x8C, 0x55, 0x03, 0xFF, 0xFF, 0x5F, 0xF5, 0x8C, 0x55, 0x82, 0xFF, 0x8B, 0x55, 0x85, 0x00, 0x8B,
    0x44, 0x8F, 0xFF, 0x00, 0xF4, 0x82, 0xFF, 0x8C, 0x44, 0x00, 0x4B, 0xC7, 0x00, 0x01, 0x0C, 0xC5, 0x8B, 0x55, 0x01, 0xFF,
    0xFF, 0x8F, 0x55, 0x01, 0xFF, 0xFF, 0x8B, 0x55, 0x85, 0x00, 0x8B, 0x44, 0x8F, 0xFF, 0x03, 0xF4, 0x44, 0xFF, 0xFF, 0x8B,
    0x44, 0x01, 0x4B, 0xB0, 0xC8, 0x00, 0x00, 0x0C, 0x8B, 0x55, 0x93, 0xFF, 0x8B, 0x55, 0x85, 0x00, 0x8B, 0x44, 0x8F, 0xFF,
    0x03, 0xF4, 0x44, 0x4F, 0xF4, 0x8B, 0x44, 0x00, 0xB0, 0xCA, 0x00, 0x00, 0xC5, 0x8A, 0x55, 0x93, 0xFF, 0x8B, 0x55, 0x85,
    0x00, 0x8B, 0x44, 0x00, 0x4F, 0x8E, 0xFF, 0x8E, 0x44, 0x00, 0x4B, 0xCB, 0x00, 0x00, 0x0C, 0x8A, 0x55, 0x93, 0xFF, 0x8B,
    0x55, 0x85, 0x00, 0xAA, 0x44, 0x00, 0xB0, 0xCC, 0x00, 0x00, 0xCC, 0x89, 0x55, 0x00, 0x5F, 0x91, 0xFF, 0x00, 0xF5, 0x8B,
    0x55, 0x85, 0x00, 0xA9, 0x44, 0x00, 0xBB, 0xCE, 0x00, 0x00, 0xC5, 0xA8, 0x55, 0x85, 0x00, 0xA8, 0x44, 0x00, 0x4B, 0xCF,
    0x00, 0x00, 0x0C, 0xA7, 0x55, 0x00, 0x5C, 0x85, 0x00, 0x00, 0xB4, 0xA7, 0x44, 0x00, 0xB0, 0xD0, 0x00, 0x00, 0x0C, 0xA6,
    0x55, 0x00, 0x5C, 0x85, 0x00, 0x00, 0xB4, 0xA6, 0x44, 0x00, 0xB0, 0xD2, 0x00, 0x00, 0xC5, 0xA5, 0x55, 0x00, 0x5C, 0x85,
    0x00, 0x00, 0xB4, 0xA5, 0x44, 0x00, 0x4B, 0xD3, 0x00, 0x01, 0x0C, 0xC5, 0xA4, 0x55, 0x00, 0x5C, 0x85, 0x00, 0x00, 0xB4,
    0xA4, 0x44, 0x01, 0x4B, 0xB0, 0xD4, 0x00, 0x00, 0x0C, 0xA4, 0x55, 0x00, 0x5C, 0x85, 0x00, 0x00, 0xB4, 0xA4, 0x44, 0x00,
    0xB0, 0xD6, 0x00, 0x00, 0xCC, 0xA3, 0x55, 0x00, 0x5C, 0x85, 0x00, 0x00, 0xB4, 0xA3, 0x44, 0x00, 0xBB, 0xD8, 0x00, 0x00,
    0xC5, 0xA2, 0x55, 0x00, 0x5C, 0x85, 0x00, 0x00, 0xB4, 0xA2, 0x44, 0x00, 0x4B, 0xDA, 0x00, 0x00, 0xC5, 0xA1, 0x55, 0x00,
    0x5C, 0x85, 0x00, 0x00, 0xB4, 0xA1, 0x44, 0x00, 0x4B, 0xDB, 0x00, 0x01, 0x0C, 0xC5, 0xA0, 0x55, 0x00, 0x5C, 0x85, 0x00,
    0x00, 0xB4, 0xA0, 0x44, 0x01, 0x4B, 0xB0, 0xDC, 0x00, 0x00, 0x0C, 0xA0, 0x55, 0x00, 0x5C, 0x85, 0x00, 0x00, 0xB4, 0xA0,
    0x44, 0x00, 0xB0, 0xDE, 0x00, 0x00, 0x0C, 0x9F, 0x55, 0x00, 0x5C, 0x85, 0x00, 0x00, 0xB4, 0x9F, 0x44, 0x00, 0xB0, 0xE0,
    0x00, 0x00, 0x0C, 0x9E, 0x55, 0x00, 0x50, 0x85, 0x00, 0x00, 0x04, 0x9E, 0x44, 0x00, 0xB0, 0xE2, 0x00, 0x00, 0x0C, 0x9D,
    0x55, 0x00, 0x50, 0x85, 0x00, 0x00, 0x04, 0x9D, 0x44, 0x00, 0xB0, 0xE4, 0x00, 0x00, 0xCC, 0x9C, 0x55, 0x00, 0x50, 0x85,
    0x00, 0x00, 0x04, 0x9C, 0x44, 0x00, 0xBB, 0xE6, 0x00, 0x00, 0x0C, 0x9B, 0x55, 0x00, 0x50, 0x85, 0x00, 0x00, 0x04, 0x9B,
    0x44, 0x00, 0xB0, 0xE8, 0x00, 0x00, 0x0C, 0x9A, 0x55, 0x00, 0x50, 0x85, 0x00, 0x00, 0x04, 0x9A, 0x44, 0x00, 0xB0, 0xEA,
    0x00, 0x01, 0x0C, 0xC5, 0x98, 0x55, 0x00, 0x50, 0x85, 0x00, 0x00, 0x04, 0x98, 0x44, 0x01, 0x4B, 0xB0, 0xEC, 0x00, 0x01,
    0x0C, 0xC5, 0x97, 0x55, 0x00, 0x50, 0x85, 0x00, 0x00, 0x04, 0x97, 0x44, 0x01, 0x4B, 0xB0, 0xEF, 0x00, 0x00, 0xC5, 0x96,
    0x55, 0x00, 0x50, 0x85, 0x00, 0x00, 0x04, 0x96, 0x44, 0x00, 0x4B, 0xF2, 0x00, 0x00, 0xCC, 0x95, 0x55, 0x00, 0xC0, 0x85,
    0x00, 0x00, 0x0B, 0x95, 0x44, 0x00, 0xBB, 0xF4, 0x00, 0x01, 0x0C, 0xC5, 0x93, 0x55, 0x00, 0xC0, 0x85, 0x00, 0x00, 0x0B,
    0x93, 0x44, 0x01, 0x4B, 0xB0, 0xF7, 0x00, 0x00, 0xCC, 0x92, 0x55, 0x00, 0xC0, 0x85, 0x00, 0x00, 0x0B, 0x92, 0x44, 0x00,
    0xBB, 0xFA, 0x00, 0x01, 0x0C, 0xC5, 0x90, 0x55, 0x00, 0xC0, 0x85, 0x00, 0x00, 0x0B, 0x90, 0x44, 0x01, 0x4B, 0xB0, 0xFD,
    0x00, 0x01, 0xCC, 0xC5, 0x8E, 0x55, 0x00, 0xC0, 0x85, 0x00, 0x00, 0x0B, 0x8E, 0x44, 0x01, 0x4B, 0xBB, 0xFF, 0x00, 0x02,
    0x00, 0x00, 0xCC, 0x8D, 0x55, 0x00, 0xC0, 0x85, 0x00, 0x00, 0x0B, 0x8D, 0x44, 0x00, 0xBB, 0xFF, 0x00, 0x85, 0x00, 0x01,
    0xCC, 0xC5, 0x8A, 0x55, 0x00, 0xC0, 0x85, 0x00, 0x00, 0x0B, 0x8A, 0x44, 0x01, 0x4B, 0xBB, 0xFF, 0x00, 0x89, 0x00, 0x01,
    0xCC, 0xCC, 0x88, 0x55, 0x00, 0xC0, 0x85, 0x00, 0x00, 0x0B, 0x88, 0x44, 0x01, 0xBB, 0xBB, 0xFF, 0x00, 0x8E, 0x00, 0x01,
    0xCC, 0xCC, 0x85, 0x55, 0x00, 0xC0, 0x85, 0x00, 0x00, 0x0B, 0x85, 0x44, 0x01, 0xBB, 0xBB, 0xFF, 0x00, 0x94, 0x00, 0x00,
    0x0C, 0x82, 0xCC, 0x01, 0x55, 0xC0, 0x85, 0x00, 0x01, 0x0B, 0x44, 0x82, 0xBB, 0x00, 0xB0, 0xFF, 0x00, 0xFF, 0x00, 0xFF,
    0x00, 0xFF, 0x00, 0xFF, 0x00, 0xFF, 0x00, 0xFF, 0x00, 0xFF, 0x00, 0xFF, 0x00, 0xFF, 0x00, 0xFF, 0x00, 0xFF, 0x00, 0xFF,
    0x00, 0xFF, 0x00, 0xFF, 0x00, 0xFF, 0x00, 0xFF, 0x00, 0xFF, 0x00, 0xFF, 0x00, 0xFF, 0x00, 0xFF, 0x00, 0xFF, 0x00, 0xFF,
    0x00, 0xFF, 0x00, 0xFF, 0x00, 0xFF, 0x00, 0xFF, 0x00, 0x93, 0x00,
};

const LauncherAnimationFrameAsset g_launcher_animation_frames[kLauncherAnimationAssetFrameCount] = {
    {kLauncherFrame00, sizeof(kLauncherFrame00), 0},
    {kLauncherFrame01, sizeof(kLauncherFrame01), 91},
    {kLauncherFrame02, sizeof(kLauncherFrame02), 182},
    {kLauncherFrame03, sizeof(kLauncherFrame03), 273},
    {kLauncherFrame04, sizeof(kLauncherFrame04), 364},
    {kLauncherFrame05, sizeof(kLauncherFrame05), 455},
    {kLauncherFrame06, sizeof(kLauncherFrame06), 545},
    {kLauncherFrame07, sizeof(kLauncherFrame07), 636},
    {kLauncherFrame08, sizeof(kLauncherFrame08), 727},
    {kLauncherFrame09, sizeof(kLauncherFrame09), 818},
    {kLauncherFrame10, sizeof(kLauncherFrame10), 909},
    {kLauncherFrame11, sizeof(kLauncherFrame11), 1000},
};
